player_code,first_name,web_name,second_name,position,team,round,value,fixture(s),round_points,minutes,goals_scored,assists,clean_sheets,goals_conceded,own_goals,penalties_saved,penalties_missed,yellow_cards,red_cards,saves,bonus,defensive_contribution,expected_goals,expected_assists,expected_fpl_points_goals_conceded,expected_fpl_bonus,expected_fpl_points,fpl_points_actual_vs_expected,player_name
426,Bruno,B.Fernandes,Borges Fernandes,MID,Man Utd,2,12000000,Ipswich Town (H),23,90,3,1,0,2,0,0,0,0,0,0,3,8,2.02,0.48,0.0,3,16.54,6.460000000000001,Bruno Borges Fernandes
115,Maxim,De Cuyper,De Cuyper,DEF,Brighton,1,4500000,Aston Villa (H),17,77,1,1,1,0,0,0,0,0,0,0,2,4,1.47,0.21,0.0,3,18.45,-1.4499999999999993,Maxim De Cuyper
124,Pascal,Groß,Groß,MID,Brighton,4,5600000,Coventry City (A),17,90,1,2,1,0,0,0,0,0,0,0,3,6,0.82,0.19,0.0,3,9.67,7.33,Pascal Groß
123,Jack,Hinshelwood,Hinshelwood,MID,Brighton,1,6000000,Aston Villa (H),16,63,2,0,1,0,0,0,0,0,0,0,3,3,1.41,0.02,0.0,2,12.11,3.8900000000000006,Jack Hinshelwood
586,Nobel,Mendy,Mendy,DEF,Hull City,1,4000000,Man Utd (H),15,63,1,0,1,0,0,0,0,0,0,0,1,13,0.28,0.0,0.0,3,8.68,6.32,Nobel Mendy
330,Jayden,Bogle,Bogle,DEF,Leeds,4,4500000,Newcastle (H),15,82,1,0,1,0,0,0,0,0,0,0,3,3,0.41,0.05,0.0,3,7.61,7.39,Jayden Bogle
204,Tyrick,Mitchell,Mitchell,DEF,Crystal Palace,3,4500000,Fulham (A),15,73,2,0,0,2,0,0,0,0,0,0,2,6,0.66,0.01,1.0,0,4.99,10.01,Tyrick Mitchell
94,Kevin,Schade,Schade,MID,Brentford,4,6000000,Bournemouth (A),15,90,2,0,0,2,0,0,0,0,0,0,3,4,0.21,0.1,0.0,0,3.35,11.65,Kevin Schade
330,Jayden,Bogle,Bogle,DEF,Leeds,3,4500000,Brighton (A),14,60,1,0,1,0,0,0,0,1,0,0,3,2,0.9,0.02,0.0,3,9.46,4.539999999999999,Jayden Bogle
305,Leif,Davis,Davis,DEF,Ipswich Town,4,4000000,Crystal Palace (A),14,90,1,2,0,2,0,0,0,0,0,0,1,2,0.52,0.19,0.0,3,8.69,5.309999999999999,Leif Davis
565,Mamadou,M.Sangaré,Sangaré,MID,Brentford,1,5500000,Spurs (H),14,75,0,2,1,0,0,0,0,0,0,0,3,13,0.05,0.33,0.0,2,8.24,5.76,Mamadou Sangaré
279,Semi,Ajayi,Ajayi,DEF,Hull City,1,4000000,Man Utd (H),14,63,1,0,1,0,0,0,0,0,0,0,2,7,0.52,0.0,0.0,1,6.12,7.88,Semi Ajayi
399,Rayan,Cherki,Cherki,MID,Man City,2,7500000,Crystal Palace (A),14,81,2,0,0,1,0,0,0,1,0,0,3,3,0.35,0.55,0.0,1,5.4,8.6,Rayan Cherki
1,David,Raya,Raya Martín,GK,Arsenal,4,6000000,Sunderland (A),14,90,0,0,1,0,0,1,0,0,0,2,3,0,0.0,0.0,1.0,0,1.0,13.0,David Raya Martín
88,Michael,Kayode,Kayode,DEF,Brentford,1,4500000,Spurs (H),13,75,1,0,1,0,0,0,0,0,0,0,1,4,0.5,0.0,0.0,3,12.0,1.0,Michael Kayode
480,Morgan,Gibbs-White,Gibbs-White,MID,Nott'm Forest,2,8000000,Liverpool (A),13,90,1,1,0,2,0,0,0,0,0,0,3,5,0.79,0.04,0.0,3,9.07,3.9299999999999997,Morgan Gibbs-White
411,Erling,Haaland,Haaland,FWD,Man City,2,15500000,Crystal Palace (A),13,90,2,0,0,1,0,0,0,0,0,0,3,5,0.66,0.0,0.0,2,6.64,6.36,Erling Haaland
335,Anton,Stach,Stach,MID,Leeds,1,6000000,Nott'm Forest (A),13,90,1,0,1,0,0,0,0,0,0,0,3,16,0.1,0.05,0.0,0,4.65,8.35,Anton Stach
154,Cole,Palmer,Palmer,MID,Chelsea,1,9500000,Fulham (A),13,82,1,1,0,2,0,0,0,0,0,0,3,9,0.28,0.19,0.0,0,3.97,9.03,Cole Palmer
286,Mohamed,Belloumi,Belloumi,MID,Hull City,4,5000000,Chelsea (A),13,59,2,0,0,1,0,0,0,0,0,0,2,1,0.17,0.06,0.0,0,3.03,9.97,Mohamed Belloumi
379,Alexander,Isak,Isak,FWD,Liverpool,3,9000000,Ipswich Town (A),13,63,2,0,1,0,0,0,0,0,0,0,3,3,0.21,0.05,0.0,0,2.99,10.01,Alexander Isak
124,Pascal,Groß,Groß,MID,Brighton,2,5500000,Chelsea (A),13,90,1,1,0,4,0,0,0,0,0,0,3,6,0.05,0.11,0.0,0,2.58,10.42,Pascal Groß
367,Cody,Gakpo,Gakpo,MID,Liverpool,1,7000000,Newcastle (A),12,90,1,0,0,2,0,0,0,0,0,0,3,12,0.3,0.15,0.0,1,6.95,5.05,Cody Gakpo
69,Alex,Scott,Scott,MID,Bournemouth,2,6000000,Everton (H),12,86,1,0,1,0,0,0,0,1,0,0,3,15,0.26,0.27,0.0,0,5.11,6.89,Alex Scott
504,Luka,Vuskovic,Vušković,DEF,Brighton,3,5000000,Leeds (H),12,90,1,0,0,1,0,0,0,0,0,0,2,10,0.19,0.01,1.0,0,4.17,7.83,Luka Vušković
316,Emersonn,Emersonn,Correia da Silva,FWD,Ipswich Town,4,5500000,Crystal Palace (A),12,62,1,1,0,1,0,0,0,0,0,0,3,2,0.44,0.05,0.0,0,3.91,8.09,Emersonn Correia da Silva
229,James,Tarkowski,Tarkowski,DEF,Everton,2,6000000,Bournemouth (A),12,90,1,0,0,1,0,0,0,0,0,0,2,10,0.1,0.01,1.0,0,3.63,8.370000000000001,James Tarkowski
165,João Pedro,João Pedro,Junqueira de Jesus,FWD,Chelsea,4,7700000,Hull City (H),12,90,1,1,0,2,0,0,0,0,0,0,3,2,0.29,0.04,0.0,0,3.28,8.72,João Pedro Junqueira de Jesus
453,Harvey,Barnes,Barnes,MID,Newcastle,3,6000000,Bournemouth (H),12,90,1,1,0,2,0,0,0,0,0,0,2,6,0.11,0.03,0.0,0,2.64,9.36,Harvey Barnes
116,Lewis,Dunk,Dunk,DEF,Brighton,4,4500000,Coventry City (A),12,90,1,0,1,0,0,0,0,0,0,0,0,6,0.03,0.03,0.0,0,2.27,9.73,Lewis Dunk
427,Bryan,Mbeumo,Mbeumo,MID,Man Utd,2,8000000,Ipswich Town (H),11,90,1,1,0,2,0,0,0,1,0,0,2,5,1.76,0.21,0.0,2,12.43,-1.4299999999999997,Bryan Mbeumo
10,Benjamin,White,White,DEF,Arsenal,1,5500000,Coventry City (H),11,90,0,1,1,0,0,0,0,0,0,0,2,5,0.18,0.21,0.0,3,10.71,0.28999999999999915,Benjamin White
8,Riccardo,Calafiori,Calafiori,DEF,Arsenal,2,5600000,Aston Villa (A),11,90,0,1,1,0,0,0,0,0,0,0,2,3,0.11,0.46,0.0,2,10.04,0.9600000000000009,Riccardo Calafiori
12,Bukayo,Saka,Saka,MID,Arsenal,2,9500000,Aston Villa (A),11,90,1,0,1,0,0,0,0,0,0,0,3,11,0.63,0.04,0.0,1,7.27,3.7300000000000004,Bukayo Saka
449,Lewis,Hall,Hall,DEF,Newcastle,2,5000000,Spurs (A),11,90,0,0,1,0,0,0,0,0,0,0,3,13,0.03,0.31,0.0,2,7.11,3.8899999999999997,Lewis Hall
165,João Pedro,João Pedro,Junqueira de Jesus,FWD,Chelsea,1,7500000,Fulham (A),11,90,1,1,0,2,0,0,0,0,0,0,2,3,0.63,0.06,0.0,1,5.7,5.3,João Pedro Junqueira de Jesus
15,Martin,Ødegaard,Ødegaard,MID,Arsenal,1,6500000,Coventry City (H),11,75,1,0,1,0,0,0,0,0,0,0,3,8,0.21,0.1,0.0,0,4.35,6.65,Martin Ødegaard
233,Vitalii,Mykolenko,Mykolenko,DEF,Everton,4,4500000,Spurs (A),11,90,0,0,1,0,0,0,0,0,0,0,3,11,0.0,0.07,0.0,0,4.21,6.79,Vitalii Mykolenko
98,Vitaly,Janelt,Janelt,MID,Brentford,3,5000000,Sunderland (H),11,90,1,0,0,1,0,0,0,1,0,0,3,12,0.11,0.01,0.0,0,3.58,7.42,Vitaly Janelt
367,Cody,Gakpo,Gakpo,MID,Liverpool,3,7100000,Ipswich Town (A),11,90,0,2,1,0,0,0,0,0,0,0,2,10,0.06,0.4,0.0,0,3.5,7.5,Cody Gakpo
236,Kiernan,Dewsbury-Hall,Dewsbury-Hall,MID,Everton,1,6500000,Crystal Palace (H),11,90,1,0,1,0,0,0,0,0,0,0,3,8,0.12,0.17,0.0,0,3.11,7.890000000000001,Kiernan Dewsbury-Hall
115,Maxim,De Cuyper,De Cuyper,DEF,Brighton,4,4800000,Coventry City (A),11,90,0,1,1,0,0,0,0,0,0,0,2,1,0.03,0.04,0.0,0,2.3,8.7,Maxim De Cuyper
593,Amar,Dedić,Dedic,DEF,Newcastle,2,4500000,Spurs (A),11,90,0,1,1,0,0,0,0,0,0,0,2,8,0.0,0.06,0.0,0,2.18,8.82,Amar Dedic
391,Joško,Gvardiol,Gvardiol,DEF,Man City,4,5600000,Man Utd (A),11,90,0,1,1,0,0,0,0,1,0,0,3,7,0.02,0.0,0.0,0,1.12,9.879999999999999,Joško Gvardiol
15,Martin,Ødegaard,Ødegaard,MID,Arsenal,3,6600000,Chelsea (H),10,76,1,0,0,1,0,0,0,0,0,0,3,3,0.72,0.88,0.0,3,12.24,-2.24,Martin Ødegaard
388,Marc,Guéhi,Guéhi,DEF,Man City,1,6000000,Bournemouth (H),10,90,1,0,0,1,0,0,0,0,0,0,2,4,0.89,0.32,0.0,3,11.3,-1.3000000000000007,Marc Guéhi
68,Marcus,Tavernier,Tavernier,MID,Bournemouth,3,6000000,Newcastle (A),10,88,1,0,0,2,0,0,0,0,0,0,3,9,1.01,0.05,0.0,3,10.2,-0.1999999999999993,Marcus Tavernier
346,Dominic,Calvert-Lewin,Calvert-Lewin,FWD,Leeds,4,6000000,Newcastle (H),10,77,1,1,1,0,0,0,0,1,0,0,2,5,0.87,0.0,0.0,2,6.48,3.5199999999999996,Dominic Calvert-Lewin
86,Keane,Lewis-Potter,Lewis-Potter,MID,Brentford,1,5500000,Spurs (H),10,90,1,0,1,0,0,0,0,0,0,0,2,10,0.77,0.12,0.0,0,6.21,3.79,Keane Lewis-Potter
68,Marcus,Tavernier,Tavernier,MID,Bournemouth,1,6000000,Man City (A),10,90,1,0,0,2,0,0,0,0,0,0,3,8,0.4,0.08,0.0,1,5.24,4.76,Marcus Tavernier
327,Jaka,Bijol,Bijol,DEF,Leeds,1,5000000,Nott'm Forest (A),10,90,0,0,1,0,0,0,0,0,0,0,2,12,0.11,0.0,0.0,0,4.66,5.34,Jaka Bijol
268,Josh,King,King,MID,Fulham,3,5500000,Crystal Palace (H),10,90,1,0,0,3,0,0,0,0,0,0,3,7,0.31,0.27,0.0,0,4.36,5.64,Josh King
332,James,Justin,Justin,DEF,Leeds,1,4500000,Nott'm Forest (A),10,90,0,0,1,0,0,0,0,0,0,0,2,12,0.0,0.01,0.0,0,4.03,5.97,James Justin
138,Charalampos,Kostoulas,Kostoulas,FWD,Brighton,4,5500000,Coventry City (A),10,83,1,1,1,0,0,0,0,0,0,0,1,7,0.39,0.01,0.0,0,3.59,6.41,Charalampos Kostoulas
94,Kevin,Schade,Schade,MID,Brentford,2,6000000,Leeds (A),10,87,1,0,0,1,0,0,0,0,0,0,3,9,0.25,0.02,0.0,0,3.31,6.6899999999999995,Kevin Schade
572,Konstantinos,Tzolakis,Tzolakis,GK,Hull City,2,4500000,Coventry City (A),10,90,0,0,1,0,0,0,0,0,0,3,3,0,0.0,0.0,0.0,0,3.0,7.0,Konstantinos Tzolakis
597,Zion,Suzuki,Suzuki,GK,Aston Villa,3,5000000,Hull City (A),10,90,0,0,1,0,0,0,0,0,0,4,3,0,0.0,0.0,0.0,0,3.0,7.0,Zion Suzuki
242,Tyrique,George,George,MID,Everton,3,5500000,Man Utd (H),10,90,1,0,0,2,0,0,0,0,0,0,3,4,0.04,0.07,0.0,0,2.41,7.59,Tyrique George
69,Alex,Scott,Scott,MID,Bournemouth,3,6000000,Newcastle (A),10,90,0,2,0,2,0,0,0,0,0,0,2,11,0.07,0.02,0.0,0,2.41,7.59,Alex Scott
572,Konstantinos,Tzolakis,Tzolakis,GK,Hull City,1,4500000,Man Utd (H),10,90,0,0,1,0,0,0,0,0,0,5,3,0,0.0,0.0,1.0,0,2.0,8.0,Konstantinos Tzolakis
398,Phil,Foden,Foden,MID,Man City,2,7000000,Crystal Palace (A),9,90,0,2,0,1,0,0,0,0,0,0,1,7,0.87,0.45,0.0,3,10.7,-1.6999999999999993,Phil Foden
411,Erling,Haaland,Haaland,FWD,Man City,3,15500000,Coventry City (H),9,90,1,0,1,0,0,0,0,0,0,0,3,7,1.06,0.48,0.0,3,10.68,-1.6799999999999997,Erling Haaland
165,João Pedro,João Pedro,Junqueira de Jesus,FWD,Chelsea,2,7600000,Brighton (H),9,90,1,1,0,3,1,0,0,0,0,0,2,3,1.23,0.04,0.0,3,10.04,-1.0399999999999991,João Pedro Junqueira de Jesus
237,Iliman,Ndiaye,Ndiaye,MID,Man City,1,6000000,Crystal Palace (H),9,90,0,1,1,0,0,0,0,0,0,0,1,12,0.24,0.32,0.0,3,9.16,-0.16000000000000014,Iliman Ndiaye
8,Riccardo,Calafiori,Calafiori,DEF,Arsenal,1,5500000,Coventry City (H),9,80,0,1,1,0,0,0,0,0,0,0,0,5,0.04,0.09,0.0,2,8.51,0.4900000000000002,Riccardo Calafiori
411,Erling,Haaland,Haaland,FWD,Man City,4,15500000,Man Utd (A),9,90,1,0,1,0,0,0,0,0,0,0,3,3,0.87,0.01,0.0,3,8.51,0.4900000000000002,Erling Haaland
316,Emersonn,Emersonn,Correia da Silva,FWD,Ipswich Town,1,5500000,Sunderland (H),9,65,1,0,0,1,0,0,0,0,0,0,3,3,0.82,0.06,0.0,3,8.46,0.5399999999999991,Emersonn Correia da Silva
503,Micky,Van de Ven,van de Ven,DEF,Spurs,3,5000000,Nott'm Forest (A),9,90,0,0,1,0,0,0,0,0,0,0,3,9,0.57,0.0,0.0,3,8.42,0.5800000000000001,Micky van de Ven
12,Bukayo,Saka,Saka,MID,Arsenal,1,9500000,Coventry City (H),9,67,1,0,1,0,0,0,0,0,0,0,1,7,0.64,0.08,0.0,1,7.44,1.5599999999999996,Bukayo Saka
483,Dan,Ndoye,Ndoye,MID,Nott'm Forest,2,5500000,Liverpool (A),9,65,1,0,0,1,0,0,0,0,0,0,2,9,0.35,0.63,0.0,1,6.64,2.3600000000000003,Dan Ndoye
432,Kobbie,Mainoo,Mainoo,MID,Man Utd,3,5500000,Everton (A),9,83,0,1,0,1,0,0,0,0,0,0,2,15,0.0,0.07,0.0,2,6.21,2.79,Kobbie Mainoo
98,Vitaly,Janelt,Janelt,MID,Brentford,1,5000000,Spurs (H),9,90,1,0,1,0,0,0,0,1,0,0,0,13,0.39,0.17,0.0,0,5.46,3.54,Vitaly Janelt
277,John,Egan,Egan,DEF,Hull City,2,4000000,Coventry City (A),9,90,0,0,1,0,0,0,0,0,0,0,1,13,0.0,0.0,0.0,1,5.0,4.0,John Egan
544,Granit,Xhaka,Xhaka,MID,Sunderland,1,5500000,Ipswich Town (A),9,90,0,1,0,2,0,0,0,0,0,0,2,13,0.0,0.09,0.0,0,4.27,4.73,Granit Xhaka
533,Nordi,Mukiele,Mukiele,DEF,Sunderland,2,5500000,Fulham (H),9,90,0,0,1,0,0,0,0,0,0,0,1,19,0.0,0.01,0.0,0,4.03,4.97,Nordi Mukiele
389,Matheus,Matheus N.,Nunes,DEF,Man City,4,5900000,Man Utd (A),9,90,0,0,1,0,0,0,0,0,0,0,1,11,0.0,0.01,0.0,0,4.03,4.97,Matheus Nunes
391,Joško,Gvardiol,Gvardiol,DEF,Man City,1,5500000,Bournemouth (H),9,90,1,0,0,1,0,0,0,0,0,0,1,7,0.19,0.05,0.0,0,3.29,5.71,Joško Gvardiol
454,Anthony,Elanga,Elanga,MID,Newcastle,1,6000000,Liverpool (H),9,75,1,0,0,1,0,0,0,0,0,0,2,2,0.22,0.01,0.0,0,3.13,5.87,Anthony Elanga
250,Bernd,Leno,Leno,GK,Fulham,4,4500000,Liverpool (A),9,90,0,0,1,0,0,0,0,0,0,3,2,0,0.0,0.0,0.0,0,3.0,6.0,Bernd Leno
385,James,Trafford,Trafford,GK,Leeds,1,5000000,Nott'm Forest (A),9,90,0,0,1,0,0,0,0,0,0,3,2,0,0.0,0.0,0.0,0,3.0,6.0,James Trafford
350,Alisson,A.Becker,Becker,GK,Liverpool,4,5500000,Fulham (H),9,90,0,0,1,0,0,0,0,0,0,3,2,0,0.0,0.0,0.0,0,3.0,6.0,Alisson Becker
428,Matheus,Cunha,Santos Carneiro da Cunha,MID,Man Utd,2,8000000,Ipswich Town (H),9,79,0,2,0,1,0,0,0,0,0,0,1,2,0.11,0.15,0.0,0,3.0,6.0,Matheus Santos Carneiro da Cunha
336,Noah,Okafor,Okafor,MID,Leeds,4,5900000,Newcastle (H),9,71,1,0,1,0,0,0,0,0,0,0,1,6,0.07,0.08,0.0,0,2.59,6.41,Noah Okafor
4,Gabriel,Gabriel,dos Santos Magalhães,DEF,Arsenal,4,8000000,Sunderland (A),9,90,0,0,1,0,0,0,0,1,0,0,2,11,0.02,0.01,1.0,0,2.15,6.85,Gabriel dos Santos Magalhães
362,Jeremy,Jacquet,Jacquet,DEF,Liverpool,4,5000000,Fulham (H),9,90,0,0,1,0,0,0,0,0,0,0,3,5,0.0,0.02,0.0,0,2.06,6.9399999999999995,Jeremy Jacquet
12,Bukayo,Saka,Saka,MID,Arsenal,4,9500000,Sunderland (A),8,90,1,0,1,0,0,0,0,0,0,0,0,7,1.38,0.08,0.0,3,12.14,-4.140000000000001,Bukayo Saka
4,Gabriel,Gabriel,dos Santos Magalhães,DEF,Arsenal,2,8000000,Aston Villa (A),8,90,0,0,1,0,0,0,0,0,0,0,0,10,0.13,0.02,0.0,3,11.84,-3.84,Gabriel dos Santos Magalhães
40,Morgan,Rogers,Rogers,MID,Chelsea,1,7500000,Fulham (A),8,81,1,0,0,2,0,0,0,0,0,0,1,7,0.96,0.1,0.0,3,10.1,-2.0999999999999996,Morgan Rogers
368,Dominik,Szoboszlai,Szoboszlai,MID,Liverpool,1,7000000,Newcastle (A),8,90,1,0,0,2,0,0,0,0,0,0,1,7,0.85,0.27,0.0,3,10.06,-2.0599999999999987,Dominik Szoboszlai
553,Wilson,Isidor,Isidor,FWD,Sunderland,2,5500000,Fulham (H),8,26,1,0,0,0,0,0,0,0,0,0,3,0,1.39,0.0,0.0,3,9.56,-1.5599999999999987,Wilson Isidor
542,Enzo,E.Le Fée,Le Fée,MID,Sunderland,3,5900000,Brentford (A),8,90,1,0,0,1,0,0,0,0,0,0,1,6,0.84,0.03,0.0,3,9.29,-1.2899999999999991,Enzo Le Fée
173,Bobby,Thomas,Thomas,DEF,Coventry City,2,4000000,Hull City (H),8,77,0,0,1,0,0,0,0,0,0,0,2,9,0.0,0.01,0.0,3,9.03,-1.0300000000000011,Bobby Thomas
346,Dominic,Calvert-Lewin,Calvert-Lewin,FWD,Leeds,2,6000000,Brentford (H),8,90,1,0,0,1,0,0,0,0,0,0,2,4,0.92,0.02,0.0,3,8.74,-0.7400000000000002,Dominic Calvert-Lewin
480,Morgan,Gibbs-White,Gibbs-White,MID,Nott'm Forest,4,7900000,Aston Villa (A),8,90,0,1,0,1,0,0,0,0,0,0,3,4,0.16,0.91,0.0,3,8.53,-0.5300000000000011,Morgan Gibbs-White
570,César,Palacios,Palacios,MID,Fulham,3,5500000,Crystal Palace (H),8,60,1,0,0,2,0,0,0,0,0,0,1,0,0.8,0.02,0.0,2,8.06,-0.05999999999999872,César Palacios
605,Malick,Yalcouyé,Yalcouyé,MID,Brighton,2,4500000,Chelsea (A),8,73,1,0,0,3,0,0,0,0,0,0,1,7,0.7,0.16,0.0,2,7.98,0.019999999999999574,Malick Yalcouyé
379,Alexander,Isak,Isak,FWD,Liverpool,2,9000000,Nott'm Forest (H),8,90,1,0,0,2,0,0,0,0,0,0,2,1,0.99,0.0,0.0,2,7.96,0.040000000000000036,Alexander Isak
472,Murillo,Murillo,Costa dos Santos,DEF,Nott'm Forest,3,5500000,Spurs (H),8,89,0,0,1,0,0,0,0,0,0,0,0,10,0.17,0.0,0.0,2,7.02,0.9800000000000004,Murillo Costa dos Santos
112,Jan Paul,Van Hecke,van Hecke,DEF,Spurs,4,4900000,Everton (H),8,90,0,0,1,0,0,0,0,0,0,0,0,13,0.14,0.05,0.0,2,6.99,1.0099999999999998,Jan Paul van Hecke
605,Malick,Yalcouyé,Yalcouyé,MID,Brighton,4,4500000,Coventry City (A),8,64,1,0,1,0,0,0,0,0,0,0,0,6,0.67,0.01,0.0,1,6.38,1.62,Malick Yalcouyé
579,Ronald,Araujo,Araujo,DEF,Liverpool,3,5400000,Ipswich Town (A),8,90,0,0,1,0,0,0,0,0,0,0,0,10,0.0,0.01,0.0,2,6.03,1.9699999999999998,Ronald Araujo
356,Virgil,Virgil,van Dijk,DEF,Liverpool,4,6500000,Fulham (H),8,90,0,0,1,0,0,0,0,0,0,0,0,10,0.0,0.01,0.0,2,6.03,1.9699999999999998,Virgil van Dijk
650,David,Affengruber,Affengruber,DEF,Fulham,4,4500000,Liverpool (A),8,90,0,0,1,0,0,0,0,0,0,0,0,12,0.0,0.0,0.0,1,5.0,3.0,David Affengruber
87,Kristoffer,Ajer,Ajer,DEF,Brentford,1,4500000,Spurs (H),8,90,0,0,1,0,0,0,0,0,0,0,0,10,0.11,0.02,0.0,0,4.72,3.2800000000000002,Kristoffer Ajer
68,Marcus,Tavernier,Tavernier,MID,Bournemouth,4,6000000,Brentford (H),8,82,1,0,0,2,0,0,0,1,0,0,2,8,0.2,0.47,0.0,0,4.41,3.59,Marcus Tavernier
474,Jair,Jair Cunha,Paula da Cunha Filho,DEF,Nott'm Forest,3,4500000,Spurs (H),8,90,0,0,1,0,0,0,0,0,0,0,0,12,0.03,0.01,0.0,0,4.21,3.79,Jair Paula da Cunha Filho
532,Daniel,Ballard,Ballard,DEF,Sunderland,2,5000000,Fulham (H),8,90,0,0,1,0,0,0,0,0,0,0,0,10,0.03,0.0,0.0,0,4.18,3.8200000000000003,Daniel Ballard
244,Harrison,Armstrong,Armstrong,MID,Everton,1,5000000,Crystal Palace (H),8,90,0,1,1,0,0,0,0,0,0,0,0,16,0.0,0.04,0.0,0,4.12,3.88,Harrison Armstrong
70,Justin,Kluivert,Kluivert,MID,Bournemouth,4,6000000,Brentford (H),8,65,1,0,0,2,0,0,0,0,0,0,1,4,0.21,0.02,0.0,0,4.11,3.8899999999999997,Justin Kluivert
249,Thierno,Barry,Barry,FWD,Everton,1,5500000,Crystal Palace (H),8,78,1,0,1,0,0,0,0,0,0,0,2,3,0.45,0.09,0.0,0,4.07,3.9299999999999997,Thierno Barry
109,Bart,Verbruggen,Verbruggen,GK,Brighton,4,4500000,Coventry City (A),8,90,0,0,1,0,0,0,0,0,0,6,0,0,0.0,0.0,0.0,0,4.0,4.0,Bart Verbruggen
26,Kai,Havertz,Havertz,FWD,Arsenal,3,7500000,Chelsea (H),8,77,1,0,0,1,0,0,0,0,0,0,2,1,0.27,0.27,0.0,0,3.89,4.109999999999999,Kai Havertz
129,Yasin,Ayari,Ayari,MID,Brighton,4,5400000,Coventry City (A),8,90,1,0,1,0,0,0,0,0,0,0,0,7,0.31,0.03,0.0,0,3.64,4.359999999999999,Yasin Ayari
464,Yoane,Wissa,Wissa,FWD,Newcastle,2,6000000,Spurs (A),8,81,1,0,1,0,0,0,0,0,0,0,2,6,0.35,0.0,0.0,0,3.4,4.6,Yoane Wissa
454,Anthony,Elanga,Elanga,MID,Newcastle,2,6000000,Spurs (A),8,81,1,0,1,0,0,0,0,0,0,0,0,3,0.2,0.1,0.0,0,3.3,4.7,Anthony Elanga
586,Nobel,Mendy,Mendy,DEF,Hull City,3,4000000,Aston Villa (H),8,70,0,0,1,0,0,0,0,0,0,0,0,10,0.03,0.0,1.0,0,3.18,4.82,Nobel Mendy
40,Morgan,Rogers,Rogers,MID,Chelsea,4,7600000,Hull City (H),8,90,1,0,0,2,0,0,0,0,0,0,1,6,0.21,0.02,0.0,0,3.11,4.890000000000001,Morgan Rogers
277,John,Egan,Egan,DEF,Hull City,1,4000000,Man Utd (H),8,90,0,0,1,0,0,0,0,0,0,0,0,21,0.0,0.0,1.0,0,3.0,5.0,John Egan
350,Alisson,A.Becker,Becker,GK,Liverpool,3,5500000,Ipswich Town (A),8,90,0,0,1,0,0,0,0,0,0,5,1,0,0.0,0.0,0.0,0,3.0,5.0,Alisson Becker
96,Mikkel,Damsgaard,Damsgaard,MID,Brentford,3,5500000,Sunderland (H),8,85,0,1,0,1,0,0,0,0,0,0,3,4,0.0,0.21,0.0,0,2.63,5.37,Mikkel Damsgaard
112,Jan Paul,Van Hecke,van Hecke,DEF,Spurs,3,4900000,Nott'm Forest (A),8,90,0,0,1,0,0,0,0,0,0,0,2,4,0.09,0.01,0.0,0,2.57,5.43,Jan Paul van Hecke
399,Rayan,Cherki,Cherki,MID,Man City,1,7500000,Bournemouth (H),8,27,0,2,0,0,0,0,0,0,0,0,1,0,0.0,0.5,0.0,0,2.5,5.5,Rayan Cherki
222,Jørgen,Strand Larsen,Strand Larsen,FWD,Crystal Palace,4,6000000,Ipswich Town (H),8,83,1,0,0,2,0,0,0,0,0,0,2,2,0.09,0.02,0.0,0,2.42,5.58,Jørgen Strand Larsen
427,Bryan,Mbeumo,Mbeumo,MID,Man Utd,3,8000000,Everton (A),8,90,1,0,0,2,0,0,0,0,0,0,1,8,0.05,0.03,0.0,0,2.34,5.66,Bryan Mbeumo
214,Daichi,Kamada,Kamada,MID,Crystal Palace,4,5000000,Ipswich Town (H),8,83,0,2,0,2,0,0,0,0,0,0,0,1,0.0,0.05,0.0,0,2.15,5.85,Daichi Kamada
391,Joško,Gvardiol,Gvardiol,DEF,Man City,3,5600000,Coventry City (H),8,90,0,0,1,0,0,0,0,0,0,0,2,8,0.01,0.02,0.0,0,2.12,5.88,Joško Gvardiol
388,Marc,Guéhi,Guéhi,DEF,Man City,3,6000000,Coventry City (H),8,90,0,0,1,0,0,0,0,0,0,0,2,9,0.0,0.02,0.0,0,2.06,5.9399999999999995,Marc Guéhi
229,James,Tarkowski,Tarkowski,DEF,Everton,4,6000000,Spurs (A),8,90,0,0,1,0,0,0,0,0,0,0,2,8,0.0,0.01,0.0,0,2.03,5.970000000000001,James Tarkowski
282,Ryan,Giles,Giles,DEF,Hull City,3,4000000,Aston Villa (H),8,90,0,0,1,0,0,0,0,0,0,0,2,4,0.0,0.04,1.0,0,1.12,6.88,Ryan Giles
36,Ian,Maatsen,Maatsen,DEF,Aston Villa,3,4500000,Hull City (A),7,74,0,0,1,0,0,0,0,0,0,0,1,3,0.0,0.42,0.0,3,10.26,-3.26,Ian Maatsen
130,Mats,Wieffer,Wieffer,DEF,Brighton,1,5000000,Aston Villa (H),7,77,0,0,1,0,0,0,0,0,0,0,1,8,0.09,0.05,0.0,0,6.69,0.3099999999999996,Mats Wieffer
10,Benjamin,White,White,DEF,Arsenal,2,5500000,Aston Villa (A),7,90,0,0,1,0,0,0,0,0,0,0,1,4,0.0,0.05,0.0,0,6.15,0.8499999999999996,Benjamin White
154,Cole,Palmer,Palmer,MID,Chelsea,2,9500000,Brighton (H),7,90,1,0,0,3,0,0,0,0,0,0,0,8,0.66,0.13,0.0,0,5.69,1.3099999999999996,Cole Palmer
338,Ethan,Ampadu,Ampadu,MID,Leeds,4,5400000,Newcastle (H),7,90,0,1,0,1,0,0,0,0,0,0,0,12,0.07,0.02,0.0,1,5.41,1.5899999999999999,Ethan Ampadu
156,Pedro,Neto,Lomba Neto,MID,Chelsea,2,6500000,Brighton (H),7,67,1,0,0,2,0,0,0,0,0,0,0,4,0.41,0.33,0.0,0,5.04,1.96,Pedro Lomba Neto
161,Roméo,Lavia,Lavia,MID,Chelsea,2,5000000,Brighton (H),7,67,1,0,0,2,0,0,0,0,0,0,0,7,0.54,0.0,0.0,0,4.7,2.3,Roméo Lavia
334,Tarik,Muharemović,Muharemović,DEF,Leeds,4,5000000,Newcastle (H),7,90,0,1,0,1,0,0,0,0,0,0,0,11,0.0,0.02,0.0,0,4.06,2.9400000000000004,Tarik Muharemović
82,Caoimhín,Kelleher,Kelleher,GK,Brentford,1,5000000,Spurs (H),7,90,0,0,1,0,0,0,0,0,0,4,0,0,0.0,0.01,0.0,0,3.03,3.97,Caoimhín Kelleher
471,Nikola,Milenković,Milenković,DEF,Nott'm Forest,3,5500000,Spurs (H),7,90,0,0,1,0,0,0,0,1,0,0,0,11,0.0,0.01,0.0,0,3.03,3.97,Nikola Milenković
496,Antonín,Kinsky,Kinský,GK,Spurs,4,4500000,Everton (H),7,90,0,0,1,0,0,0,0,0,0,3,0,0,0.0,0.0,0.0,0,3.0,4.0,Antonín Kinský
567,Lukás,Horníček,Hornícek,GK,Newcastle,2,5000000,Spurs (A),7,90,0,0,1,0,0,0,0,0,0,4,0,0,0.0,0.0,0.0,0,3.0,4.0,Lukás Hornícek
384,Gianluigi,Donnarumma,Donnarumma,GK,Man City,3,5500000,Coventry City (H),7,90,0,0,1,0,0,0,0,0,0,3,0,0,0.0,0.0,0.0,0,3.0,4.0,Gianluigi Donnarumma
384,Gianluigi,Donnarumma,Donnarumma,GK,Man City,4,5500000,Man Utd (A),7,90,0,0,1,0,0,0,0,0,0,3,0,0,0.0,0.0,0.0,0,3.0,4.0,Gianluigi Donnarumma
268,Josh,King,King,MID,Fulham,1,5500000,Chelsea (H),7,90,1,0,0,3,0,0,0,0,0,0,0,8,0.17,0.04,0.0,0,2.97,4.029999999999999,Josh King
588,Anan,Khalaili,Khalaili,DEF,Crystal Palace,4,5000000,Ipswich Town (H),7,90,1,0,0,3,0,0,0,0,0,0,0,5,0.22,0.14,1.0,0,2.74,4.26,Anan Khalaili
502,Andrew,Robertson,Robertson,DEF,Spurs,4,4400000,Everton (H),7,90,0,0,1,0,0,0,0,0,0,0,1,2,0.07,0.09,0.0,0,2.69,4.3100000000000005,Andrew Robertson
499,Pedro,Pedro Porro,Porro Sauceda,DEF,Spurs,3,5500000,Nott'm Forest (A),7,90,0,0,1,0,0,0,0,0,0,0,1,4,0.03,0.06,0.0,0,2.36,4.640000000000001,Pedro Porro Sauceda
469,Neco,N.Williams,Williams,DEF,Nott'm Forest,3,5000000,Spurs (H),7,90,0,0,1,0,0,0,0,0,0,0,1,6,0.0,0.07,0.0,0,2.21,4.79,Neco Williams
226,Jordan,Pickford,Pickford,GK,Everton,1,5500000,Crystal Palace (H),7,90,0,0,1,0,0,0,0,0,0,4,0,0,0.0,0.02,1.0,0,2.06,4.9399999999999995,Jordan Pickford
643,Ben,Chilwell,Chilwell,DEF,Crystal Palace,3,4500000,Fulham (A),7,16,1,0,0,0,0,0,0,0,0,0,0,0,0.15,0.0,0.0,0,1.9,5.1,Ben Chilwell
452,Bruno,Bruno G.,Guimarães Rodriguez Moura,MID,Arsenal,4,6800000,Sunderland (A),7,45,1,0,0,0,0,0,0,0,0,0,1,3,0.09,0.14,0.0,0,1.87,5.13,Bruno Guimarães Rodriguez Moura
491,Igor Jesus,Igor Jesus,Maciel da Cruz,FWD,Nott'm Forest,4,5900000,Aston Villa (A),7,15,1,0,0,0,0,0,0,0,0,0,2,3,0.13,0.01,0.0,0,1.55,5.45,Igor Jesus Maciel da Cruz
313,Jack,Clarke,Clarke,MID,Ipswich Town,1,5500000,Sunderland (H),7,19,1,0,0,0,0,0,0,0,0,0,1,2,0.1,0.0,0.0,0,1.5,5.5,Jack Clarke
649,Ainsley,Maitland-Niles,Maitland-Niles,DEF,Everton,3,4500000,Man Utd (H),7,13,1,0,0,1,0,0,0,0,0,0,0,0,0.03,0.0,0.0,0,1.18,5.82,Ainsley Maitland-Niles
649,Ainsley,Maitland-Niles,Maitland-Niles,DEF,Everton,4,4500000,Spurs (A),6,74,0,0,1,0,0,0,0,0,0,0,0,5,0.03,0.14,0.0,3,9.6,-3.5999999999999996,Ainsley Maitland-Niles
258,Timothy,Castagne,Castagne,DEF,Fulham,2,4500000,Sunderland (A),6,67,0,0,1,0,0,0,0,0,0,0,0,2,0.0,0.0,0.0,2,8.0,-2.0,Timothy Castagne
504,Luka,Vuskovic,Vušković,DEF,Brighton,1,5000000,Aston Villa (H),6,90,0,0,1,0,0,0,0,0,0,0,0,4,0.13,0.03,0.0,1,7.87,-1.87,Luka Vušković
32,Matty,Cash,Cash,DEF,Aston Villa,3,4500000,Hull City (A),6,84,0,0,1,0,0,0,0,0,0,0,0,1,0.0,0.03,0.0,1,7.09,-1.0899999999999999,Matty Cash
569,Gonzalo,Gonzalo,García,FWD,Fulham,1,6000000,Chelsea (H),6,90,1,0,0,3,0,0,0,0,0,0,0,2,0.73,0.01,0.0,2,6.95,-0.9500000000000002,Gonzalo García
114,Olivier,Boscagli,Boscagli,DEF,Brighton,1,4500000,Aston Villa (H),6,90,0,0,1,0,0,0,0,0,0,0,0,6,0.0,0.04,0.0,0,6.12,-0.1200000000000001,Olivier Boscagli
116,Lewis,Dunk,Dunk,DEF,Brighton,1,4500000,Aston Villa (H),6,90,0,0,1,0,0,0,0,0,0,0,0,2,0.0,0.04,0.0,0,6.12,-0.1200000000000001,Lewis Dunk
11,Cristhian,Mosquera,Mosquera,DEF,Arsenal,2,5500000,Aston Villa (A),6,78,0,0,1,0,0,0,0,0,0,0,0,4,0.0,0.01,0.0,0,6.03,-0.03000000000000025,Cristhian Mosquera
109,Bart,Verbruggen,Verbruggen,GK,Brighton,1,4500000,Aston Villa (H),6,90,0,0,1,0,0,0,0,0,0,0,0,0,0.0,0.0,0.0,0,6.0,0.0,Bart Verbruggen
11,Cristhian,Mosquera,Mosquera,DEF,Arsenal,1,5500000,Coventry City (H),6,90,0,0,1,0,0,0,0,0,0,0,0,6,0.0,0.0,0.0,0,6.0,0.0,Cristhian Mosquera
1,David,Raya,Raya Martín,GK,Arsenal,1,6000000,Coventry City (H),6,90,0,0,1,0,0,0,0,0,0,1,0,0,0.0,0.0,0.0,0,6.0,0.0,David Raya Martín
1,David,Raya,Raya Martín,GK,Arsenal,2,6000000,Aston Villa (A),6,90,0,0,1,0,0,0,0,0,0,0,0,0,0.0,0.0,0.0,0,6.0,0.0,David Raya Martín
127,Diego,Gomez,Gómez Amarilla,MID,Brighton,1,5000000,Aston Villa (H),6,85,0,1,1,0,0,0,0,0,0,0,0,6,0.18,0.48,0.0,0,5.34,0.6600000000000001,Diego Gómez Amarilla
200,Maxence,Lacroix,Lacroix,DEF,Chelsea,1,6000000,Fulham (A),6,90,0,1,0,2,0,0,0,0,0,0,0,12,0.0,0.2,0.0,0,4.6,1.4000000000000004,Maxence Lacroix
97,Mathias,Jensen,Jensen,MID,Brentford,1,5500000,Spurs (H),6,66,0,1,1,0,0,0,0,0,0,0,0,5,0.08,0.34,0.0,0,4.42,1.58,Mathias Jensen
557,Christos,Tzolis,Tzolis,MID,Arsenal,1,6500000,Coventry City (H),6,75,0,1,1,0,0,0,0,0,0,0,0,6,0.19,0.14,0.0,0,4.37,1.63,Christos Tzolis
469,Neco,N.Williams,Williams,DEF,Nott'm Forest,2,5000000,Liverpool (A),6,90,0,1,0,2,0,0,0,0,0,0,0,12,0.12,0.15,1.0,0,4.17,1.83,Neco Williams
84,Nathan,Collins,Collins,DEF,Brentford,1,5500000,Spurs (H),6,90,0,0,1,0,0,0,0,0,0,0,0,3,0.34,0.04,0.0,0,4.16,1.8399999999999999,Nathan Collins
287,Liam,Millar,Millar,MID,Hull City,2,5000000,Coventry City (A),6,31,1,0,0,0,0,0,0,0,0,0,0,1,0.58,0.0,0.0,0,3.9,2.1,Liam Millar
305,Leif,Davis,Davis,DEF,Ipswich Town,2,4000000,Man Utd (A),6,90,1,0,0,5,0,0,0,0,0,0,0,4,0.54,0.12,2.0,0,3.6,2.4,Leif Davis
290,Regan,Slater,Slater,MID,Hull City,1,4500000,Man Utd (H),6,90,0,1,1,0,0,0,0,0,0,0,0,3,0.0,0.44,0.0,0,3.32,2.68,Regan Slater
397,Antoine,Semenyo,Semenyo,MID,Man City,3,8500000,Coventry City (H),6,90,0,1,1,0,0,0,0,0,0,0,0,4,0.05,0.34,0.0,0,3.27,2.73,Antoine Semenyo
377,Victor,Munoz,Munoz,MID,Liverpool,2,6500000,Nott'm Forest (H),6,90,1,0,0,2,0,0,0,1,0,0,0,7,0.32,0.19,0.0,0,3.17,2.83,Victor Munoz
26,Kai,Havertz,Havertz,FWD,Arsenal,1,7500000,Coventry City (H),6,90,1,0,1,0,0,0,0,0,0,0,0,2,0.26,0.03,0.0,0,3.13,2.87,Kai Havertz
13,Declan,Rice,Rice,MID,Arsenal,4,7400000,Sunderland (A),6,80,0,1,1,0,0,0,0,0,0,0,0,10,0.0,0.37,0.0,0,3.11,2.89,Declan Rice
544,Granit,Xhaka,Xhaka,MID,Sunderland,2,5500000,Fulham (H),6,90,0,0,1,0,0,0,0,0,0,0,3,7,0.0,0.36,0.0,0,3.08,2.92,Granit Xhaka
472,Murillo,Murillo,Costa dos Santos,DEF,Nott'm Forest,4,5500000,Aston Villa (A),6,90,0,1,0,1,0,0,0,1,0,0,0,12,0.0,0.01,0.0,0,3.03,2.97,Murillo Costa dos Santos
33,Tyrone,Mings,Mings,DEF,Aston Villa,3,4500000,Hull City (A),6,90,0,0,1,0,0,0,0,0,0,0,0,5,0.11,0.02,0.0,0,2.72,3.28,Tyrone Mings
504,Luka,Vuskovic,Vušković,DEF,Brighton,4,5000000,Coventry City (A),6,77,0,0,1,0,0,0,0,0,0,0,0,9,0.11,0.01,0.0,0,2.69,3.31,Luka Vušković
286,Mohamed,Belloumi,Belloumi,MID,Hull City,2,5000000,Coventry City (A),6,82,0,1,1,0,0,0,0,0,0,0,0,10,0.12,0.02,0.0,0,2.66,3.34,Mohamed Belloumi
331,Gabriel,Gudmundsson,Gudmundsson,DEF,Leeds,4,4500000,Newcastle (H),6,72,0,0,1,0,0,0,0,0,0,0,0,4,0.0,0.18,0.0,0,2.54,3.46,Gabriel Gudmundsson
334,Tarik,Muharemović,Muharemović,DEF,Leeds,1,5000000,Nott'm Forest (A),6,90,0,0,1,0,0,0,0,0,0,0,0,7,0.09,0.0,0.0,0,2.54,3.46,Tarik Muharemović
86,Keane,Lewis-Potter,Lewis-Potter,MID,Brentford,2,5500000,Leeds (A),6,87,0,1,0,1,0,0,0,0,0,0,1,11,0.02,0.13,0.0,0,2.49,3.51,Keane Lewis-Potter
254,Antonee,Robinson,Robinson,DEF,Fulham,4,4500000,Liverpool (A),6,90,0,0,1,0,0,0,0,0,0,0,0,9,0.05,0.05,0.0,0,2.45,3.55,Antonee Robinson
461,Bazoumana,Touré,Touré,MID,Newcastle,4,5800000,Leeds (A),6,33,1,0,0,1,0,0,0,0,0,0,0,2,0.28,0.01,0.0,0,2.43,3.57,Bazoumana Touré
345,Tanaka,Tanaka,Ao,MID,Leeds,4,4900000,Newcastle (H),6,71,0,1,1,0,0,0,0,0,0,0,0,5,0.06,0.03,0.0,0,2.39,3.61,Tanaka Ao
329,Joe,Rodon,Rodon,DEF,Leeds,1,4500000,Nott'm Forest (A),6,90,0,0,1,0,0,0,0,0,0,0,0,7,0.03,0.06,0.0,0,2.36,3.64,Joe Rodon
45,John,McGinn,McGinn,MID,Aston Villa,4,5400000,Nott'm Forest (H),6,90,0,1,0,2,0,0,0,0,0,0,1,9,0.0,0.11,0.0,0,2.33,3.67,John McGinn
257,Calvin,Bassey,Bassey,DEF,Fulham,4,4500000,Liverpool (A),6,90,0,0,1,0,0,0,0,0,0,0,0,8,0.05,0.0,0.0,0,2.3,3.7,Calvin Bassey
113,Ferdi,F.Kadıoğlu,Kadıoğlu,DEF,Brighton,4,4400000,Coventry City (A),6,90,0,0,1,0,0,0,0,0,0,0,0,2,0.0,0.09,0.0,0,2.27,3.73,Ferdi Kadıoğlu
541,Thomas,Meunier,Meunier,DEF,Sunderland,2,4500000,Fulham (H),6,90,0,0,1,0,0,0,0,0,0,0,0,8,0.02,0.05,0.0,0,2.27,3.73,Thomas Meunier
37,Victor,Lindelöf,Lindelöf,DEF,Aston Villa,3,4500000,Hull City (A),6,90,0,0,1,0,0,0,0,0,0,0,0,4,0.0,0.08,0.0,0,2.24,3.76,Victor Lindelöf
282,Ryan,Giles,Giles,DEF,Hull City,2,4000000,Coventry City (A),6,90,0,0,1,0,0,0,0,0,0,0,0,2,0.0,0.07,0.0,0,2.21,3.79,Ryan Giles
114,Olivier,Boscagli,Boscagli,DEF,Brighton,4,4500000,Coventry City (A),6,77,0,0,1,0,0,0,0,0,0,0,0,9,0.01,0.03,0.0,0,2.15,3.85,Olivier Boscagli
390,Rúben,Rúben,dos Santos Gato Alves Dias,DEF,Man City,3,5500000,Coventry City (H),6,90,0,0,1,0,0,0,0,0,0,0,0,3,0.0,0.03,0.0,0,2.09,3.91,Rúben dos Santos Gato Alves Dias
445,Malick,Thiaw,Thiaw,DEF,Newcastle,2,5000000,Spurs (A),6,90,0,0,1,0,0,0,0,0,0,0,0,3,0.0,0.02,0.0,0,2.06,3.94,Malick Thiaw
503,Micky,Van de Ven,van de Ven,DEF,Spurs,4,5000000,Everton (H),6,90,0,0,1,0,0,0,0,0,0,0,0,6,0.0,0.02,0.0,0,2.06,3.94,Micky van de Ven
356,Virgil,Virgil,van Dijk,DEF,Liverpool,3,6500000,Ipswich Town (A),6,90,0,0,1,0,0,0,0,0,0,0,0,7,0.0,0.02,0.0,0,2.06,3.94,Virgil van Dijk
280,Lewie,Coyle,Coyle,DEF,Hull City,1,4000000,Man Utd (H),6,69,0,0,1,0,0,0,0,0,0,0,0,2,0.0,0.01,0.0,0,2.03,3.97,Lewie Coyle
258,Timothy,Castagne,Castagne,DEF,Fulham,4,4500000,Liverpool (A),6,71,0,0,1,0,0,0,0,0,0,0,0,5,0.0,0.01,0.0,0,2.03,3.97,Timothy Castagne
534,Trai,Hume,Hume,DEF,Sunderland,2,4500000,Fulham (H),6,90,0,0,1,0,0,0,0,0,0,0,0,6,0.0,0.01,0.0,0,2.03,3.97,Trai Hume
536,Reinildo,Reinildo,Mandava,DEF,Sunderland,2,4500000,Fulham (H),6,90,0,0,1,0,0,0,0,0,0,0,0,7,0.0,0.01,0.0,0,2.03,3.97,Reinildo Mandava
279,Semi,Ajayi,Ajayi,DEF,Hull City,2,4000000,Coventry City (A),6,90,0,0,1,0,0,0,0,0,0,0,0,7,0.0,0.0,0.0,0,2.0,4.0,Semi Ajayi
330,Jayden,Bogle,Bogle,DEF,Leeds,1,4500000,Nott'm Forest (A),6,90,0,0,1,0,0,0,0,0,0,0,0,3,0.0,0.0,0.0,0,2.0,4.0,Jayden Bogle
496,Antonín,Kinsky,Kinský,GK,Spurs,3,4500000,Nott'm Forest (A),6,90,0,0,1,0,0,0,0,0,0,1,0,0,0.0,0.0,0.0,0,2.0,4.0,Antonín Kinský
467,Matz,Sels,Sels,GK,Nott'm Forest,3,5000000,Spurs (H),6,90,0,0,1,0,0,0,0,0,0,0,0,0,0.0,0.0,0.0,0,2.0,4.0,Matz Sels
529,Robin,Roefs,Roefs,GK,Sunderland,2,5000000,Fulham (H),6,90,0,0,1,0,0,0,0,0,0,0,0,0,0.0,0.0,0.0,0,2.0,4.0,Robin Roefs
579,Ronald,Araujo,Araujo,DEF,Liverpool,4,5400000,Fulham (H),6,71,0,0,1,0,0,0,0,0,0,0,0,4,0.0,0.0,0.0,0,2.0,4.0,Ronald Araujo
226,Jordan,Pickford,Pickford,GK,Everton,4,5500000,Spurs (A),6,90,0,0,1,0,0,0,0,0,0,2,0,0,0.0,0.0,0.0,0,2.0,4.0,Jordan Pickford
230,Jarrad,Branthwaite,Branthwaite,DEF,Everton,4,5500000,Spurs (A),6,90,0,0,1,0,0,0,0,0,0,0,0,9,0.0,0.0,0.0,0,2.0,4.0,Jarrad Branthwaite
390,Rúben,Rúben,dos Santos Gato Alves Dias,DEF,Man City,4,5500000,Man Utd (A),6,90,0,0,1,0,0,0,0,0,0,0,0,7,0.0,0.0,0.0,0,2.0,4.0,Rúben dos Santos Gato Alves Dias
388,Marc,Guéhi,Guéhi,DEF,Man City,4,6000000,Man Utd (A),6,90,0,0,1,0,0,0,0,0,0,0,0,7,0.0,0.0,0.0,0,2.0,4.0,Marc Guéhi
460,Joe,Willock,Willock,MID,Newcastle,1,5000000,Liverpool (H),6,34,1,0,0,1,0,0,0,0,0,0,0,3,0.09,0.17,0.0,0,1.96,4.04,Joe Willock
456,Jacob,J.Ramsey,Ramsey,MID,Newcastle,3,5000000,Bournemouth (H),6,27,1,0,0,0,0,0,0,0,0,0,0,4,0.11,0.02,0.0,0,1.61,4.39,Jacob Ramsey
40,Morgan,Rogers,Rogers,MID,Chelsea,3,7500000,Arsenal (A),6,86,1,0,0,2,0,0,0,1,0,0,0,5,0.08,0.03,0.0,0,1.49,4.51,Morgan Rogers
8,Riccardo,Calafiori,Calafiori,DEF,Arsenal,4,5800000,Sunderland (A),6,90,0,0,1,0,0,0,0,0,0,0,0,4,0.06,0.01,1.0,0,1.39,4.61,Riccardo Calafiori
282,Ryan,Giles,Giles,DEF,Hull City,1,4000000,Man Utd (H),6,84,0,0,1,0,0,0,0,0,0,0,0,6,0.02,0.07,1.0,0,1.33,4.67,Ryan Giles
52,Alysson Edward Franco,Alysson,da Rocha dos Santos,MID,Aston Villa,4,5000000,Nott'm Forest (H),6,45,1,0,0,2,0,0,0,0,0,0,0,2,0.06,0.0,0.0,0,1.3,4.7,Alysson Edward Franco da Rocha dos Santos
229,James,Tarkowski,Tarkowski,DEF,Everton,1,6000000,Crystal Palace (H),6,90,0,0,1,0,0,0,0,0,0,0,0,9,0.05,0.0,1.0,0,1.3,4.7,James Tarkowski
233,Vitalii,Mykolenko,Mykolenko,DEF,Everton,1,4500000,Crystal Palace (H),6,90,0,0,1,0,0,0,0,0,0,0,0,4,0.0,0.05,1.0,0,1.15,4.85,Vitalii Mykolenko
258,Timothy,Castagne,Castagne,DEF,Fulham,1,4500000,Chelsea (H),6,90,0,2,0,3,0,0,0,1,0,0,0,6,0.09,0.18,1.0,0,1.08,4.92,Timothy Castagne
280,Lewie,Coyle,Coyle,DEF,Hull City,3,4000000,Aston Villa (H),6,63,0,0,1,0,0,0,0,0,0,0,0,0,0.0,0.01,1.0,0,1.03,4.97,Lewie Coyle
230,Jarrad,Branthwaite,Branthwaite,DEF,Everton,1,5500000,Crystal Palace (H),6,90,0,0,1,0,0,0,0,0,0,0,0,8,0.0,0.01,1.0,0,1.03,4.97,Jarrad Branthwaite
277,John,Egan,Egan,DEF,Hull City,3,4000000,Aston Villa (H),6,90,0,0,1,0,0,0,0,0,0,0,0,7,0.0,0.0,1.0,0,1.0,5.0,John Egan
31,Ezri,Konsa,Konsa Ngoyo,DEF,Arsenal,4,4500000,Sunderland (A),6,90,0,0,1,0,0,0,0,0,0,0,0,8,0.0,0.0,1.0,0,1.0,5.0,Ezri Konsa Ngoyo
572,Konstantinos,Tzolakis,Tzolakis,GK,Hull City,3,4600000,Aston Villa (H),6,90,0,0,1,0,0,0,0,0,0,1,0,0,0.0,0.0,1.0,0,1.0,5.0,Konstantinos Tzolakis
580,Shea,Charles,Charles,MID,Fulham,4,5000000,Liverpool (A),5,90,0,0,1,0,0,0,0,0,0,0,0,17,0.0,0.02,0.0,3,7.06,-2.0599999999999996,Shea Charles
40,Morgan,Rogers,Rogers,MID,Chelsea,2,7500000,Brighton (H),5,90,0,1,0,3,0,0,0,0,0,0,0,5,0.14,1.01,0.0,1,6.73,-1.7300000000000004,Morgan Rogers
473,Ola,Aina,Aina,DEF,Nott'm Forest,1,4500000,Leeds (H),5,73,0,0,1,0,0,0,0,1,0,0,0,2,0.04,0.17,0.0,0,5.75,-0.75,Ola Aina
154,Cole,Palmer,Palmer,MID,Chelsea,4,9700000,Hull City (H),5,90,0,1,0,2,0,0,0,0,0,0,0,3,0.13,0.25,0.0,2,5.4,-0.40000000000000036,Cole Palmer
4,Gabriel,Gabriel,dos Santos Magalhães,DEF,Arsenal,1,8000000,Coventry City (H),5,90,0,0,1,0,0,0,0,1,0,0,0,4,0.05,0.01,0.0,0,5.33,-0.33000000000000007,Gabriel dos Santos Magalhães
13,Declan,Rice,Rice,MID,Arsenal,2,7500000,Aston Villa (A),5,84,0,0,1,0,0,0,0,0,0,0,0,12,0.0,0.1,0.0,0,5.3,-0.2999999999999998,Declan Rice
591,Julio,Enciso,Enciso,MID,Ipswich Town,2,5500000,Man Utd (A),5,90,0,1,0,5,0,0,0,0,0,0,0,8,0.4,0.31,0.0,0,4.93,0.07000000000000028,Julio Enciso
320,Chuba,Akpom,Akpom,FWD,Ipswich Town,2,5000000,Man Utd (A),5,45,1,0,0,4,0,0,0,0,0,0,0,0,0.97,0.0,0.0,0,4.88,0.1200000000000001,Chuba Akpom
345,Tanaka,Tanaka,Ao,MID,Leeds,3,4900000,Brighton (A),5,72,0,1,0,1,0,0,0,0,0,0,0,8,0.53,0.01,0.0,0,4.68,0.3200000000000003,Tanaka Ao
79,Francisco Evanilson,Evanilson,de Lima Barbosa,FWD,Bournemouth,2,6000000,Everton (H),5,80,0,1,1,0,0,0,0,0,0,0,0,3,0.58,0.04,0.0,0,4.44,0.5599999999999996,Francisco Evanilson de Lima Barbosa
127,Diego,Gomez,Gómez Amarilla,MID,Brighton,2,5000000,Chelsea (A),5,90,0,1,0,4,0,0,0,0,0,0,0,5,0.38,0.17,0.0,0,4.41,0.5899999999999999,Diego Gómez Amarilla
286,Mohamed,Belloumi,Belloumi,MID,Hull City,3,5000000,Aston Villa (H),5,81,0,0,1,0,0,0,0,0,0,0,0,12,0.03,0.01,0.0,0,4.18,0.8200000000000003,Mohamed Belloumi
211,Yéremy,Yeremy,Pino Santos,MID,Crystal Palace,3,5500000,Fulham (A),5,88,0,1,0,2,0,0,0,0,0,0,0,5,0.25,0.3,0.0,0,4.15,0.8499999999999996,Yéremy Pino Santos
516,Rodrigo,Bentancur,Bentancur,MID,Spurs,3,5500000,Nott'm Forest (A),5,90,0,0,1,0,0,0,0,0,0,0,0,17,0.02,0.01,0.0,0,4.13,0.8700000000000001,Rodrigo Bentancur
338,Ethan,Ampadu,Ampadu,MID,Leeds,1,5500000,Nott'm Forest (A),5,90,0,0,1,0,0,0,0,0,0,0,0,13,0.0,0.04,0.0,0,4.12,0.8799999999999999,Ethan Ampadu
591,Julio,Enciso,Enciso,MID,Ipswich Town,1,5500000,Sunderland (H),5,70,0,1,0,1,0,0,0,0,0,0,0,8,0.23,0.31,0.0,0,4.08,0.9199999999999999,Julio Enciso
455,Sandro,Tonali,Tonali,MID,Spurs,3,5400000,Nott'm Forest (A),5,90,0,0,1,0,0,0,0,0,0,0,0,12,0.0,0.01,0.0,0,4.03,0.9699999999999998,Sandro Tonali
481,Elliot,Anderson,Anderson,MID,Man City,4,6300000,Man Utd (A),5,90,0,0,1,0,0,0,0,0,0,0,0,14,0.0,0.01,0.0,0,4.03,0.9699999999999998,Elliot Anderson
397,Antoine,Semenyo,Semenyo,MID,Man City,2,8500000,Crystal Palace (A),5,90,0,1,0,1,0,0,0,0,0,0,0,3,0.06,0.57,0.0,0,4.01,0.9900000000000002,Antoine Semenyo
367,Cody,Gakpo,Gakpo,MID,Liverpool,2,7000000,Nott'm Forest (H),5,70,0,1,0,2,0,0,0,0,0,0,0,3,0.0,0.65,0.0,0,3.95,1.0499999999999998,Cody Gakpo
167,Liam,Delap,Delap,FWD,Nott'm Forest,4,5500000,Aston Villa (A),5,90,1,0,0,1,0,0,0,1,0,0,0,4,0.63,0.08,0.0,0,3.76,1.2400000000000002,Liam Delap
125,Georginio,Georginio,Rutter,FWD,Brighton,1,5500000,Aston Villa (H),5,90,0,1,1,0,0,0,0,0,0,0,0,7,0.08,0.44,0.0,0,3.64,1.3599999999999999,Georginio Rutter
13,Declan,Rice,Rice,MID,Arsenal,3,7500000,Chelsea (H),5,90,0,1,0,1,0,0,0,0,0,0,0,6,0.03,0.08,0.0,0,3.39,1.6099999999999999,Declan Rice
640,Zian,Flemming,Flemming,FWD,Ipswich Town,4,5500000,Crystal Palace (A),5,27,1,0,0,1,0,0,0,0,0,0,0,2,0.52,0.0,0.0,0,3.08,1.92,Zian Flemming
116,Lewis,Dunk,Dunk,DEF,Brighton,3,4500000,Leeds (H),5,90,0,0,0,1,0,0,0,0,0,0,1,12,0.0,0.01,1.0,0,3.03,1.9700000000000002,Lewis Dunk
79,Francisco Evanilson,Evanilson,de Lima Barbosa,FWD,Bournemouth,4,6000000,Brentford (H),5,90,0,1,0,2,0,0,0,0,0,0,0,4,0.0,0.25,0.0,0,2.75,2.25,Francisco Evanilson de Lima Barbosa
138,Charalampos,Kostoulas,Kostoulas,FWD,Brighton,2,5500000,Chelsea (A),5,79,0,1,0,4,0,0,0,0,0,0,0,6,0.17,0.02,0.0,0,2.74,2.26,Charalampos Kostoulas
295,Oli,McBurnie,McBurnie,FWD,Hull City,1,5500000,Man Utd (H),5,90,0,1,1,0,0,0,0,0,0,0,0,5,0.16,0.01,0.0,0,2.67,2.33,Oli McBurnie
557,Christos,Tzolis,Tzolis,MID,Arsenal,3,6500000,Chelsea (H),5,90,0,1,0,1,0,0,0,1,0,0,1,8,0.0,0.2,0.0,0,2.6,2.4,Christos Tzolis
211,Yéremy,Yeremy,Pino Santos,MID,Crystal Palace,2,5500000,Man City (H),5,67,0,1,0,3,0,0,0,0,0,0,0,10,0.05,0.07,0.0,0,2.46,2.54,Yéremy Pino Santos
371,Ryan,Gravenberch,Gravenberch,MID,Liverpool,1,6000000,Newcastle (A),5,77,0,1,0,2,0,0,0,0,0,0,0,11,0.06,0.05,0.0,0,2.45,2.55,Ryan Gravenberch
439,Benjamin,Šeško,Sesko,FWD,Man Utd,3,7000000,Everton (A),5,20,1,0,0,2,0,0,0,0,0,0,0,0,0.29,0.0,0.0,0,2.16,2.84,Benjamin Sesko
391,Joško,Gvardiol,Gvardiol,DEF,Man City,2,5500000,Crystal Palace (A),5,74,0,1,0,1,0,0,0,0,0,0,0,2,0.0,0.04,0.0,0,2.12,2.88,Joško Gvardiol
267,Saša,Lukić,Lukić,MID,Ipswich Town,1,5000000,Sunderland (H),5,90,0,1,0,1,0,0,0,0,0,0,0,6,0.0,0.02,0.0,0,2.06,2.94,Saša Lukić
214,Daichi,Kamada,Kamada,MID,Crystal Palace,3,5000000,Fulham (A),5,88,0,1,0,2,0,0,0,0,0,0,0,4,0.0,0.01,0.0,0,2.03,2.97,Daichi Kamada
551,Nilson,N.Angulo,Angulo,MID,Sunderland,1,5000000,Ipswich Town (A),5,58,1,0,0,1,0,0,0,1,0,0,0,7,0.15,0.01,0.0,0,1.78,3.2199999999999998,Nilson Angulo
362,Jeremy,Jacquet,Jacquet,DEF,Liverpool,3,5000000,Ipswich Town (A),5,90,0,0,1,0,0,0,0,1,0,0,0,9,0.0,0.03,0.0,0,1.09,3.91,Jeremy Jacquet
358,Milos,Kerkez,Kerkez,DEF,Liverpool,3,5500000,Ipswich Town (A),5,90,0,0,1,0,0,0,0,1,0,0,0,5,0.0,0.03,0.0,0,1.09,3.91,Milos Kerkez
506,Destiny,Udogie,Udogie,DEF,Spurs,3,4500000,Nott'm Forest (A),5,60,0,0,1,0,0,0,0,1,0,0,0,3,0.0,0.02,0.0,0,1.06,3.94,Destiny Udogie
447,Sven,Botman,Botman,DEF,Newcastle,2,5000000,Spurs (A),5,90,0,0,1,0,0,0,0,1,0,0,0,5,0.01,0.0,0.0,0,1.06,3.94,Sven Botman
393,Abdukodir,Khusanov,Khusanov,DEF,Man City,3,5500000,Coventry City (H),5,90,0,0,1,0,0,0,0,1,0,0,0,6,0.0,0.02,0.0,0,1.06,3.94,Abdukodir Khusanov
279,Semi,Ajayi,Ajayi,DEF,Hull City,3,4100000,Aston Villa (H),5,90,0,0,1,0,0,0,0,1,0,0,0,6,0.0,0.0,1.0,0,0.0,5.0,Semi Ajayi
472,Murillo,Murillo,Costa dos Santos,DEF,Nott'm Forest,1,5500000,Leeds (H),4,90,0,0,0,1,0,0,0,0,0,0,0,14,0.0,0.28,0.0,3,11.84,-7.84,Murillo Costa dos Santos
31,Ezri,Konsa,Konsa Ngoyo,DEF,Arsenal,3,4400000,Chelsea (H),4,90,0,0,0,1,0,0,0,0,0,0,0,10,0.0,0.01,0.0,1,9.03,-5.029999999999999,Ezri Konsa Ngoyo
43,Youri,Tielemans,Tielemans,MID,Man Utd,2,6000000,Ipswich Town (H),4,90,0,0,0,2,0,0,0,0,0,0,0,13,0.47,0.11,0.0,1,7.68,-3.6799999999999997,Youri Tielemans
60,James,Hill,Hill,DEF,Bournemouth,2,5500000,Everton (H),4,90,0,0,0,1,0,0,0,0,0,0,0,12,0.0,0.74,1.0,2,7.22,-3.2199999999999998,James Hill
619,Exequiel,Palacios,Palacios,MID,Ipswich Town,3,5000000,Liverpool (H),4,77,0,0,0,2,0,0,0,0,0,0,0,19,0.0,0.02,0.0,3,7.06,-3.0599999999999996,Exequiel Palacios
73,Tyler,Adams,Adams,MID,Bournemouth,3,5000000,Newcastle (A),4,75,0,0,0,1,0,0,0,0,0,0,0,12,0.0,0.01,0.0,2,7.03,-3.0300000000000002,Tyler Adams
173,Bobby,Thomas,Thomas,DEF,Coventry City,3,4000000,Man City (A),4,90,0,0,0,1,0,0,0,0,0,0,0,12,0.22,0.17,1.0,2,6.83,-2.83,Bobby Thomas
532,Daniel,Ballard,Ballard,DEF,Sunderland,3,5000000,Brentford (A),4,90,0,0,0,1,0,0,0,0,0,0,0,10,0.06,0.14,0.0,2,6.78,-2.7800000000000002,Daniel Ballard
644,Quinten,Timber,Timber,MID,Crystal Palace,4,5000000,Ipswich Town (H),4,90,0,0,0,3,0,0,0,0,0,0,0,16,0.1,0.03,0.0,2,6.59,-2.59,Quinten Timber
565,Mamadou,M.Sangaré,Sangaré,MID,Brentford,2,5600000,Leeds (A),4,90,0,0,0,1,0,0,0,0,0,0,0,14,0.21,0.03,0.0,1,6.14,-2.1399999999999997,Mamadou Sangaré
69,Alex,Scott,Scott,MID,Bournemouth,4,6100000,Brentford (H),4,90,0,0,0,2,0,0,0,0,0,0,0,15,0.19,0.05,0.0,0,6.1,-2.0999999999999996,Alex Scott
598,Nico,Elvedi,Elvedi,DEF,Leeds,3,4500000,Brighton (A),4,90,0,0,0,1,0,0,0,0,0,0,0,10,0.0,0.57,1.0,1,5.71,-1.71,Nico Elvedi
581,Ousmane,Diomande,Diomande,DEF,Nott'm Forest,4,5400000,Aston Villa (A),4,90,0,0,0,1,0,0,0,0,0,0,0,14,0.11,0.0,0.0,1,5.66,-1.6600000000000001,Ousmane Diomande
432,Kobbie,Mainoo,Mainoo,MID,Man Utd,2,5500000,Ipswich Town (H),4,79,0,0,0,1,0,0,0,0,0,0,0,15,0.14,0.27,0.0,0,5.51,-1.5099999999999998,Kobbie Mainoo
304,Dara,O'Shea,O'Shea,DEF,Ipswich Town,1,4000000,Sunderland (H),4,90,0,0,0,1,0,0,0,0,0,0,0,18,0.0,0.16,0.0,1,5.48,-1.4800000000000004,Dara O'Shea
432,Kobbie,Mainoo,Mainoo,MID,Man Utd,4,5500000,Man City (H),4,90,0,0,0,1,0,0,0,0,0,0,0,13,0.03,0.07,0.0,1,5.36,-1.3600000000000003,Kobbie Mainoo
368,Dominik,Szoboszlai,Szoboszlai,MID,Liverpool,2,7000000,Nott'm Forest (H),4,90,0,0,0,2,0,0,0,0,0,0,0,13,0.16,0.17,0.0,0,5.31,-1.3099999999999996,Dominik Szoboszlai
619,Exequiel,Palacios,Palacios,MID,Ipswich Town,4,5000000,Crystal Palace (A),4,90,0,0,0,2,0,0,0,0,0,0,0,13,0.0,0.04,0.0,1,5.12,-1.12,Exequiel Palacios
464,Yoane,Wissa,Wissa,FWD,Newcastle,1,6000000,Liverpool (H),4,90,0,1,0,1,0,0,0,1,0,0,0,8,1.0,0.02,0.0,0,5.06,-1.0599999999999996,Yoane Wissa
565,Mamadou,M.Sangaré,Sangaré,MID,Brentford,4,5700000,Bournemouth (A),4,90,0,0,0,2,0,0,0,0,0,0,0,13,0.0,0.28,0.0,0,4.84,-0.8399999999999999,Mamadou Sangaré
210,Adam,Wharton,Wharton,MID,Crystal Palace,1,5500000,Everton (A),4,90,0,0,0,2,0,0,0,0,0,0,0,14,0.0,0.24,0.0,0,4.72,-0.7199999999999998,Adam Wharton
566,António João,Silva,Pereira de Albuquerque Tavares da Silva,DEF,Bournemouth,2,5000000,Everton (H),4,90,0,0,0,1,0,0,0,0,0,0,0,10,0.25,0.03,1.0,0,4.59,-0.5899999999999999,António João Pereira de Albuquerque Tavares da Silva
335,Anton,Stach,Stach,MID,Leeds,2,6000000,Brentford (H),4,90,0,0,0,1,0,0,0,0,0,0,0,16,0.07,0.01,0.0,0,4.38,-0.3799999999999999,Anton Stach
237,Iliman,Ndiaye,Ndiaye,MID,Man City,2,6000000,Bournemouth (A),4,90,0,0,0,1,0,0,0,0,0,0,0,13,0.02,0.07,0.0,0,4.31,-0.3099999999999996,Iliman Ndiaye
558,Xaver,Schlager,Schlager,MID,Nott'm Forest,2,5000000,Liverpool (A),4,90,0,0,0,2,0,0,0,0,0,0,0,15,0.05,0.0,0.0,0,4.25,-0.25,Xaver Schlager
98,Vitaly,Janelt,Janelt,MID,Brentford,4,5000000,Bournemouth (A),4,90,0,0,0,2,0,0,0,0,0,0,0,20,0.0,0.08,0.0,0,4.24,-0.2400000000000002,Vitaly Janelt
309,Marcelino,Núñez,Núñez,MID,Ipswich Town,1,5000000,Sunderland (H),4,79,0,0,0,1,0,0,0,0,0,0,0,12,0.03,0.03,0.0,0,4.24,-0.2400000000000002,Marcelino Núñez
415,Patrick,Dorgu,Dorgu,MID,Man Utd,4,5800000,Man City (H),4,90,0,0,0,1,0,0,0,0,0,0,0,12,0.0,0.03,0.0,0,4.09,-0.08999999999999986,Patrick Dorgu
533,Nordi,Mukiele,Mukiele,DEF,Sunderland,3,5500000,Brentford (A),4,90,0,0,0,1,0,0,0,0,0,0,0,14,0.0,0.02,0.0,0,4.06,-0.05999999999999961,Nordi Mukiele
332,James,Justin,Justin,DEF,Leeds,3,4500000,Brighton (A),4,90,0,0,0,1,0,0,0,0,0,0,0,10,0.14,0.0,1.0,0,3.84,0.16000000000000014,James Justin
93,Jannik,Schuster,Schuster,DEF,Brentford,3,4500000,Sunderland (H),4,73,0,0,0,1,0,0,0,0,0,0,0,10,0.1,0.01,1.0,0,3.63,0.3700000000000001,Jannik Schuster
230,Jarrad,Branthwaite,Branthwaite,DEF,Everton,2,5500000,Bournemouth (A),4,90,0,0,0,1,0,0,0,0,0,0,0,12,0.09,0.01,1.0,0,3.57,0.43000000000000016,Jarrad Branthwaite
239,James,Garner,Garner,MID,Everton,4,6000000,Spurs (A),4,90,0,0,1,0,0,0,0,1,0,0,0,17,0.04,0.02,0.0,0,3.26,0.7400000000000002,James Garner
233,Vitalii,Mykolenko,Mykolenko,DEF,Everton,2,4500000,Bournemouth (A),4,90,0,0,0,1,0,0,0,0,0,0,0,12,0.0,0.01,1.0,0,3.03,0.9700000000000002,Vitalii Mykolenko
334,Tarik,Muharemović,Muharemović,DEF,Leeds,2,5000000,Brentford (H),4,90,0,0,0,1,0,0,0,0,0,0,0,19,0.0,0.01,1.0,0,3.03,0.9700000000000002,Tarik Muharemović
334,Tarik,Muharemović,Muharemović,DEF,Leeds,3,5000000,Brighton (A),4,90,0,0,0,1,0,0,0,0,0,0,0,13,0.0,0.01,1.0,0,3.03,0.9700000000000002,Tarik Muharemović
366,Florian,Wirtz,Wirtz,MID,Liverpool,2,7500000,Nott'm Forest (H),4,90,0,1,0,2,0,0,0,1,0,0,0,10,0.23,0.2,0.0,0,2.75,1.25,Florian Wirtz
465,William,Osula,Osula,FWD,Newcastle,1,6000000,Liverpool (H),4,55,0,1,0,1,0,0,0,0,0,0,0,5,0.06,0.14,0.0,0,2.66,1.3399999999999999,William Osula
102,Yehor,Yarmoliuk,Yarmoliuk,MID,Brentford,4,4900000,Bournemouth (A),4,59,0,1,0,2,0,0,0,0,0,0,0,5,0.0,0.21,0.0,0,2.63,1.37,Yehor Yarmoliuk
282,Ryan,Giles,Giles,DEF,Hull City,4,4000000,Chelsea (A),4,90,0,1,0,2,0,0,0,0,0,0,0,7,0.0,0.17,0.0,0,2.51,1.4900000000000002,Ryan Giles
295,Oli,McBurnie,McBurnie,FWD,Hull City,4,5500000,Chelsea (A),4,81,0,1,0,2,0,0,0,1,0,0,0,3,0.33,0.04,0.0,0,2.44,1.56,Oli McBurnie
639,José María,Andrés,Andrés Baixauli,MID,Brighton,4,5500000,Coventry City (A),4,25,0,1,0,0,0,0,0,0,0,0,0,4,0.24,0.01,0.0,0,2.23,1.77,José María Andrés Baixauli
148,Jorrel,Hato,Hato,DEF,Chelsea,2,4500000,Brighton (H),4,90,0,1,0,3,0,0,0,0,0,0,0,6,0.0,0.06,0.0,0,2.18,1.8199999999999998,Jorrel Hato
449,Lewis,Hall,Hall,DEF,Newcastle,3,5100000,Bournemouth (H),4,89,0,1,0,2,0,0,0,0,0,0,0,6,0.01,0.01,0.0,0,2.09,1.9100000000000001,Lewis Hall
423,Luke,Shaw,Shaw,DEF,Man Utd,3,4500000,Everton (A),4,90,0,1,0,1,0,0,0,1,0,0,0,8,0.02,0.23,0.0,0,1.81,2.19,Luke Shaw
315,Abdul,Fatawu,Fatawu,MID,Ipswich Town,2,5500000,Man Utd (A),4,82,0,1,0,5,0,0,0,1,0,0,0,4,0.0,0.22,0.0,0,1.66,2.34,Abdul Fatawu
79,Francisco Evanilson,Evanilson,de Lima Barbosa,FWD,Bournemouth,1,6000000,Man City (A),4,74,0,1,1,0,0,0,0,1,0,0,0,8,0.0,0.21,0.0,0,1.63,2.37,Francisco Evanilson de Lima Barbosa
377,Victor,Munoz,Munoz,MID,Liverpool,1,6500000,Newcastle (A),4,27,0,1,0,0,0,0,0,0,0,0,0,0,0.1,0.04,0.0,0,1.62,2.38,Victor Munoz
224,Eddie,Nketiah,Nketiah,FWD,Crystal Palace,3,5500000,Fulham (A),4,45,0,1,0,2,0,0,0,0,0,0,0,2,0.14,0.0,0.0,0,1.56,2.44,Eddie Nketiah
543,Habib,Diarra,Diarra,MID,Sunderland,2,5500000,Fulham (H),4,18,0,1,0,0,0,0,0,0,0,0,0,0,0.0,0.16,0.0,0,1.48,2.52,Habib Diarra
247,Hayden,Hackney,Hackney,MID,Everton,3,5500000,Man Utd (H),4,15,0,1,0,1,0,0,0,0,0,0,0,1,0.04,0.09,0.0,0,1.47,2.5300000000000002,Hayden Hackney
553,Wilson,Isidor,Isidor,FWD,Sunderland,3,5500000,Brentford (A),4,26,0,1,0,0,0,0,0,0,0,0,0,2,0.1,0.01,0.0,0,1.43,2.5700000000000003,Wilson Isidor
347,Lukas,Nmecha,Nmecha,FWD,Leeds,2,5500000,Brentford (H),4,21,0,1,0,0,0,0,0,0,0,0,0,1,0.1,0.0,0.0,0,1.4,2.6,Lukas Nmecha
418,Harry,Maguire,Maguire,DEF,Man Utd,2,5000000,Ipswich Town (H),4,90,0,1,0,2,0,0,0,0,0,0,0,5,0.03,0.01,1.0,0,1.21,2.79,Harry Maguire
61,Adrien,Truffert,Truffert,DEF,Bournemouth,2,5500000,Everton (H),4,90,0,0,0,1,0,0,0,0,0,0,2,9,0.0,0.07,1.0,0,1.21,2.79,Adrien Truffert
463,Nick,Woltemade,Woltemade,FWD,Newcastle,2,6000000,Spurs (A),4,19,0,1,0,0,0,0,0,0,0,0,0,0,0.02,0.01,0.0,0,1.11,2.8899999999999997,Nick Woltemade
115,Maxim,De Cuyper,De Cuyper,DEF,Brighton,3,4700000,Leeds (H),4,76,0,1,0,1,0,0,0,1,0,0,0,2,0.0,0.14,1.0,0,0.42,3.58,Maxim De Cuyper
566,António João,Silva,Pereira de Albuquerque Tavares da Silva,DEF,Bournemouth,4,5000000,Brentford (H),3,90,0,0,0,2,0,0,0,0,0,0,0,10,0.58,0.23,0.0,3,15.17,-12.17,António João Pereira de Albuquerque Tavares da Silva
61,Adrien,Truffert,Truffert,DEF,Bournemouth,4,5500000,Brentford (H),3,90,0,0,0,2,0,0,0,0,0,0,0,16,0.08,0.1,0.0,2,10.78,-7.779999999999999,Adrien Truffert
588,Anan,Khalaili,Khalaili,DEF,Crystal Palace,3,5000000,Fulham (A),3,90,0,0,0,2,0,0,0,0,0,0,0,10,0.72,0.01,1.0,3,10.35,-7.35,Anan Khalaili
41,Emiliano,Buendía,Buendía Stati,MID,Aston Villa,3,6000000,Hull City (A),3,74,0,0,1,0,0,0,0,0,0,0,0,2,0.61,0.05,0.0,2,8.2,-5.199999999999999,Emiliano Buendía Stati
230,Jarrad,Branthwaite,Branthwaite,DEF,Everton,3,5500000,Man Utd (H),3,90,0,0,0,2,0,0,0,0,0,0,0,11,0.08,0.0,0.0,3,7.48,-4.48,Jarrad Branthwaite
1,David,Raya,Raya Martín,GK,Arsenal,3,6000000,Chelsea (H),3,90,0,0,0,1,0,0,0,0,0,4,0,0,0.0,0.01,0.0,0,7.03,-4.03,David Raya Martín
70,Justin,Kluivert,Kluivert,MID,Bournemouth,2,6000000,Everton (H),3,80,0,0,1,0,0,0,0,0,0,0,0,5,0.61,0.05,0.0,1,6.2,-3.2,Justin Kluivert
259,Issa,Diop,Diop,DEF,Ipswich Town,3,4000000,Liverpool (H),3,90,0,0,0,2,0,0,0,0,0,0,0,11,0.0,0.01,0.0,2,6.03,-3.0300000000000002,Issa Diop
304,Dara,O'Shea,O'Shea,DEF,Ipswich Town,3,4000000,Liverpool (H),3,90,0,0,0,2,0,0,0,0,0,0,0,11,0.0,0.01,0.0,2,6.03,-3.0300000000000002,Dara O'Shea
45,John,McGinn,McGinn,MID,Aston Villa,3,5400000,Hull City (A),3,90,0,0,1,0,0,0,0,0,0,0,0,5,0.68,0.03,0.0,0,5.49,-2.49,John McGinn
480,Morgan,Gibbs-White,Gibbs-White,MID,Nott'm Forest,3,7900000,Spurs (H),3,90,0,0,1,0,0,0,0,0,0,0,0,7,0.48,0.01,0.0,1,5.43,-2.4299999999999997,Morgan Gibbs-White
229,James,Tarkowski,Tarkowski,DEF,Everton,3,6000000,Man Utd (H),3,90,0,0,0,2,0,0,0,0,0,0,0,12,0.02,0.01,0.0,1,5.15,-2.1500000000000004,James Tarkowski
94,Kevin,Schade,Schade,MID,Brentford,1,6000000,Spurs (H),3,90,0,0,1,0,0,0,0,0,0,0,0,9,0.52,0.01,0.0,0,4.63,-1.63,Kevin Schade
335,Anton,Stach,Stach,MID,Leeds,4,6000000,Newcastle (H),3,87,0,0,1,0,0,0,0,0,0,0,0,10,0.43,0.07,0.0,0,4.36,-1.3600000000000003,Anton Stach
542,Enzo,E.Le Fée,Le Fée,MID,Sunderland,2,6000000,Fulham (H),3,89,0,0,1,0,0,0,0,0,0,0,0,6,0.37,0.17,0.0,0,4.36,-1.3600000000000003,Enzo Le Fée
209,Brennan,Johnson,Johnson,MID,Everton,4,5900000,Spurs (A),3,74,0,0,1,0,0,0,0,0,0,0,0,6,0.16,0.18,0.0,0,4.34,-1.3399999999999999,Brennan Johnson
486,James,McAtee,McAtee,MID,Nott'm Forest,4,5500000,Aston Villa (A),3,81,0,0,0,1,0,0,0,1,0,0,0,12,0.03,0.38,0.0,0,4.29,-1.29,James McAtee
95,Dango,O.Dango,Ouattara,MID,Brentford,1,6500000,Spurs (H),3,66,0,0,1,0,0,0,0,0,0,0,0,6,0.05,0.29,0.0,0,4.12,-1.12,Dango Ouattara
449,Lewis,Hall,Hall,DEF,Newcastle,1,5000000,Liverpool (H),3,90,0,0,0,2,0,0,0,0,0,0,0,11,0.0,0.35,1.0,0,4.05,-1.0499999999999998,Lewis Hall
84,Nathan,Collins,Collins,DEF,Brentford,2,5500000,Leeds (A),3,90,0,0,0,1,0,0,0,1,0,0,0,13,0.17,0.01,0.0,0,4.05,-1.0499999999999998,Nathan Collins
151,Josh,Acheampong,Acheampong,DEF,Chelsea,1,4500000,Fulham (A),3,90,0,0,0,2,0,0,0,0,0,0,0,15,0.0,0.01,0.0,0,4.03,-1.0300000000000002,Josh Acheampong
481,Elliot,Anderson,Anderson,MID,Man City,2,6400000,Crystal Palace (A),3,81,0,0,0,1,0,0,0,1,0,0,0,14,0.07,0.22,0.0,0,4.01,-1.0099999999999998,Elliot Anderson
202,Chris,Richards,Richards,DEF,Crystal Palace,1,5000000,Everton (A),3,90,0,0,0,2,0,0,0,0,0,0,0,16,0.0,0.0,0.0,0,4.0,-1.0,Chris Richards
419,Lisandro,Martinez,Martínez,DEF,Man Utd,3,5000000,Everton (A),3,90,0,0,0,2,0,0,0,0,0,0,0,10,0.0,0.0,0.0,0,4.0,-1.0,Lisandro Martínez
399,Rayan,Cherki,Cherki,MID,Man City,3,7700000,Coventry City (H),3,65,0,0,1,0,0,0,0,0,0,0,0,3,0.21,0.3,0.0,0,3.95,-0.9500000000000002,Rayan Cherki
214,Daichi,Kamada,Kamada,MID,Crystal Palace,1,5000000,Everton (A),3,90,0,0,0,2,0,0,0,1,0,0,0,14,0.0,0.27,0.0,0,3.81,-0.81,Daichi Kamada
51,George,George Hemmings,Hemmings,MID,Aston Villa,3,4500000,Hull City (A),3,74,0,0,1,0,0,0,0,0,0,0,0,7,0.07,0.14,0.0,0,3.77,-0.77,George Hemmings
242,Tyrique,George,George,MID,Everton,4,5500000,Spurs (A),3,64,0,0,1,0,0,0,0,0,0,0,0,3,0.05,0.15,0.0,0,3.7,-0.7000000000000002,Tyrique George
544,Granit,Xhaka,Xhaka,MID,Sunderland,3,5500000,Brentford (A),3,90,0,0,0,1,0,0,0,1,0,0,0,15,0.06,0.12,0.0,0,3.66,-0.6600000000000001,Granit Xhaka
7,Myles,Lewis-Skelly,Lewis-Skelly,MID,Arsenal,1,5500000,Coventry City (H),3,90,0,0,1,0,0,0,0,0,0,0,0,7,0.06,0.11,0.0,0,3.63,-0.6299999999999999,Myles Lewis-Skelly
15,Martin,Ødegaard,Ødegaard,MID,Arsenal,2,6600000,Aston Villa (A),3,70,0,0,1,0,0,0,0,0,0,0,0,5,0.08,0.07,0.0,0,3.61,-0.6099999999999999,Martin Ødegaard
13,Declan,Rice,Rice,MID,Arsenal,1,7500000,Coventry City (H),3,67,0,0,1,0,0,0,0,0,0,0,0,6,0.07,0.08,0.0,0,3.59,-0.5899999999999999,Declan Rice
183,Jack,Rudoni,Rudoni,MID,Coventry City,2,5000000,Hull City (H),3,70,0,0,1,0,0,0,0,0,0,0,0,6,0.06,0.09,0.0,0,3.57,-0.5699999999999998,Jack Rudoni
575,Caleb,Yirenkyi,Yirenkyi,MID,Coventry City,2,5000000,Hull City (H),3,70,0,0,1,0,0,0,0,0,0,0,0,7,0.03,0.13,0.0,0,3.54,-0.54,Caleb Yirenkyi
96,Mikkel,Damsgaard,Damsgaard,MID,Brentford,2,5500000,Leeds (A),3,68,0,0,1,0,0,0,0,0,0,0,0,9,0.03,0.13,0.0,0,3.54,-0.54,Mikkel Damsgaard
486,James,McAtee,McAtee,MID,Nott'm Forest,1,5500000,Leeds (H),3,73,0,0,1,0,0,0,0,0,0,0,0,8,0.0,0.16,0.0,0,3.48,-0.48,James McAtee
368,Dominik,Szoboszlai,Szoboszlai,MID,Liverpool,4,7000000,Fulham (H),3,90,0,0,1,0,0,0,0,0,0,0,0,6,0.12,0.28,0.0,0,3.44,-0.43999999999999995,Dominik Szoboszlai
7,Myles,Lewis-Skelly,Lewis-Skelly,MID,Arsenal,2,5500000,Aston Villa (A),3,70,0,0,1,0,0,0,0,0,0,0,0,5,0.07,0.02,0.0,0,3.41,-0.41000000000000014,Myles Lewis-Skelly
455,Sandro,Tonali,Tonali,MID,Spurs,4,5400000,Everton (H),3,90,0,0,1,0,0,0,0,0,0,0,0,11,0.09,0.31,0.0,0,3.38,-0.3799999999999999,Sandro Tonali
46,Ross,Barkley,Barkley,MID,Aston Villa,3,5000000,Hull City (A),3,90,0,0,1,0,0,0,0,0,0,0,0,6,0.22,0.09,0.0,0,3.37,-0.3700000000000001,Ross Barkley
558,Xaver,Schlager,Schlager,MID,Nott'm Forest,4,5000000,Aston Villa (A),3,90,0,0,0,1,0,0,0,1,0,0,0,16,0.06,0.02,0.0,0,3.36,-0.3599999999999999,Xaver Schlager
268,Josh,King,King,MID,Fulham,4,5500000,Liverpool (A),3,76,0,0,1,0,0,0,0,0,0,0,0,4,0.21,0.09,0.0,0,3.32,-0.31999999999999984,Josh King
459,Lewis,L.Miley,Miley,MID,Newcastle,1,5500000,Liverpool (H),3,75,0,0,0,1,0,0,0,1,0,0,0,13,0.05,0.01,0.0,0,3.28,-0.2799999999999998,Lewis Miley
403,Sávio,Sávio,Moreira de Oliveira,MID,Spurs,4,6500000,Everton (H),3,90,0,0,1,0,0,0,0,0,0,0,0,6,0.1,0.26,0.0,0,3.28,-0.2799999999999998,Sávio Moreira de Oliveira
611,Aaron,Wan-Bissaka,Wan-Bissaka,DEF,Aston Villa,4,4500000,Nott'm Forest (H),3,90,0,0,0,2,0,0,0,0,0,0,0,12,0.0,0.06,1.0,0,3.18,-0.18000000000000016,Aaron Wan-Bissaka
173,Bobby,Thomas,Thomas,DEF,Coventry City,1,4000000,Arsenal (A),3,90,0,0,0,3,0,0,0,0,0,0,0,10,0.02,0.01,1.0,0,3.15,-0.1499999999999999,Bobby Thomas
362,Jeremy,Jacquet,Jacquet,DEF,Liverpool,2,5000000,Nott'm Forest (H),3,76,0,0,0,2,0,0,0,0,0,0,0,11,0.0,0.05,1.0,0,3.15,-0.1499999999999999,Jeremy Jacquet
242,Tyrique,George,George,MID,Everton,1,5500000,Crystal Palace (H),3,83,0,0,1,0,0,0,0,0,0,0,0,7,0.18,0.08,0.0,0,3.14,-0.14000000000000012,Tyrique George
627,Bradley,Barcola,Barcola,MID,Liverpool,4,8000000,Fulham (H),3,71,0,0,1,0,0,0,0,0,0,0,0,5,0.21,0.03,0.0,0,3.14,-0.14000000000000012,Bradley Barcola
153,Axel,Disasi,Disasi,DEF,Crystal Palace,3,4500000,Fulham (A),3,90,0,0,0,2,0,0,0,0,0,0,0,13,0.0,0.04,1.0,0,3.12,-0.1200000000000001,Axel Disasi
145,Wesley,Fofana,Fofana,DEF,Chelsea,3,5000000,Arsenal (A),3,90,0,0,0,2,0,0,0,0,0,0,0,17,0.0,0.04,1.0,0,3.12,-0.1200000000000001,Wesley Fofana
255,Jorge,J.Cuenca,Cuenca Barreno,DEF,Fulham,1,4500000,Chelsea (H),3,90,0,0,0,3,0,0,0,0,0,0,0,10,0.0,0.03,1.0,0,3.09,-0.08999999999999986,Jorge Cuenca Barreno
261,Alex,Iwobi,Iwobi,MID,Fulham,4,5400000,Liverpool (A),3,76,0,0,1,0,0,0,0,0,0,0,0,4,0.15,0.11,0.0,0,3.08,-0.08000000000000007,Alex Iwobi
366,Florian,Wirtz,Wirtz,MID,Liverpool,3,7500000,Ipswich Town (A),3,90,0,0,1,0,0,0,0,0,0,0,0,4,0.18,0.05,0.0,0,3.05,-0.04999999999999982,Florian Wirtz
368,Dominik,Szoboszlai,Szoboszlai,MID,Liverpool,3,7000000,Ipswich Town (A),3,90,0,0,1,0,0,0,0,0,0,0,0,9,0.16,0.08,0.0,0,3.04,-0.040000000000000036,Dominik Szoboszlai
87,Kristoffer,Ajer,Ajer,DEF,Brentford,2,4500000,Leeds (A),3,90,0,0,0,1,0,0,0,1,0,0,0,17,0.0,0.01,0.0,0,3.03,-0.029999999999999805,Kristoffer Ajer
93,Jannik,Schuster,Schuster,DEF,Brentford,4,4500000,Bournemouth (A),3,90,0,0,0,2,0,0,0,0,0,0,0,12,0.0,0.01,1.0,0,3.03,-0.029999999999999805,Jannik Schuster
633,Honest,Ahanor,Ahanor,DEF,Crystal Palace,4,4500000,Ipswich Town (H),3,90,0,0,0,3,0,0,0,0,0,0,0,11,0.0,0.01,1.0,0,3.03,-0.029999999999999805,Honest Ahanor
447,Sven,Botman,Botman,DEF,Newcastle,1,5000000,Liverpool (H),3,90,0,0,0,2,0,0,0,0,0,0,0,10,0.0,0.01,1.0,0,3.03,-0.029999999999999805,Sven Botman
264,Oscar,Bobb,Bobb,MID,Fulham,2,5500000,Sunderland (A),3,67,0,0,1,0,0,0,0,0,0,0,0,5,0.0,0.01,0.0,0,3.03,-0.029999999999999805,Oscar Bobb
336,Noah,Okafor,Okafor,MID,Leeds,3,5900000,Brighton (A),3,61,0,0,1,0,0,0,0,0,0,0,0,0,0.0,0.01,0.0,0,3.03,-0.029999999999999805,Noah Okafor
155,Enzo,Enzo,Fernández,MID,Man City,3,6900000,Coventry City (H),3,75,0,0,1,0,0,0,0,0,0,0,0,3,0.13,0.12,0.0,0,3.01,-0.009999999999999787,Enzo Fernández
28,Emiliano,Martinez,Martínez Romero,GK,Chelsea,3,5000000,Arsenal (A),3,90,0,0,0,2,0,0,0,0,0,8,0,0,0.0,0.0,1.0,0,3.0,0.0,Emiliano Martínez Romero
82,Caoimhín,Kelleher,Kelleher,GK,Brentford,4,5000000,Bournemouth (A),3,90,0,0,0,2,0,0,0,0,0,8,0,0,0.0,0.0,1.0,0,3.0,0.0,Caoimhín Kelleher
385,James,Trafford,Trafford,GK,Leeds,4,5000000,Newcastle (H),3,90,0,0,0,1,0,0,0,0,0,4,0,0,0.0,0.0,0.0,0,3.0,0.0,James Trafford
445,Malick,Thiaw,Thiaw,DEF,Newcastle,1,5000000,Liverpool (H),3,90,0,0,0,2,0,0,0,0,0,0,0,15,0.0,0.0,1.0,0,3.0,0.0,Malick Thiaw
467,Matz,Sels,Sels,GK,Nott'm Forest,4,5000000,Aston Villa (A),3,90,0,0,0,1,0,0,0,0,0,5,0,0,0.0,0.0,0.0,0,3.0,0.0,Matz Sels
384,Gianluigi,Donnarumma,Donnarumma,GK,Man City,1,5500000,Bournemouth (H),3,90,0,0,0,1,0,0,0,0,0,3,0,0,0.0,0.0,0.0,0,3.0,0.0,Gianluigi Donnarumma
471,Nikola,Milenković,Milenković,DEF,Nott'm Forest,2,5500000,Liverpool (A),3,90,0,0,0,2,0,0,0,0,0,0,0,13,0.0,0.0,1.0,0,3.0,0.0,Nikola Milenković
483,Dan,Ndoye,Ndoye,MID,Nott'm Forest,1,5500000,Leeds (H),3,61,0,0,1,0,0,0,0,0,0,0,0,3,0.0,0.0,0.0,0,3.0,0.0,Dan Ndoye
403,Sávio,Sávio,Moreira de Oliveira,MID,Spurs,3,6500000,Nott'm Forest (A),3,60,0,0,1,0,0,0,0,0,0,0,0,0,0.02,0.27,0.0,0,2.91,0.08999999999999986,Sávio Moreira de Oliveira
127,Diego,Gomez,Gómez Amarilla,MID,Brighton,4,5000000,Coventry City (A),3,83,0,0,1,0,0,0,0,0,0,0,0,3,0.14,0.06,0.0,0,2.88,0.1200000000000001,Diego Gómez Amarilla
15,Martin,Ødegaard,Ødegaard,MID,Arsenal,4,6700000,Sunderland (A),3,84,0,0,1,0,0,0,0,0,0,0,0,5,0.0,0.25,0.0,0,2.75,0.25,Martin Ødegaard
428,Matheus,Cunha,Santos Carneiro da Cunha,MID,Man Utd,3,8000000,Everton (A),3,69,0,0,1,0,0,0,0,0,0,0,0,3,0.12,0.05,0.0,0,2.75,0.25,Matheus Santos Carneiro da Cunha
366,Florian,Wirtz,Wirtz,MID,Liverpool,4,7400000,Fulham (H),3,90,0,0,1,0,0,0,0,0,0,0,0,9,0.11,0.06,0.0,0,2.73,0.27,Florian Wirtz
91,Ethan,Pinnock,Pinnock,DEF,Coventry City,3,4500000,Man City (A),3,90,0,0,0,1,0,0,0,1,0,0,0,13,0.11,0.0,1.0,0,2.66,0.33999999999999986,Ethan Pinnock
525,Mateus,Fernandes,Fernandes,MID,Spurs,4,5800000,Everton (H),3,62,0,0,1,0,0,0,0,0,0,0,0,4,0.11,0.03,0.0,0,2.64,0.3599999999999999,Mateus Fernandes
481,Elliot,Anderson,Anderson,MID,Man City,3,6400000,Coventry City (H),3,90,0,0,1,0,0,0,0,0,0,0,0,11,0.02,0.17,0.0,0,2.61,0.3900000000000001,Elliot Anderson
109,Bart,Verbruggen,Verbruggen,GK,Brighton,3,4500000,Leeds (H),3,90,0,0,0,1,0,0,0,0,0,3,0,0,0.0,0.2,1.0,0,2.6,0.3999999999999999,Bart Verbruggen
70,Justin,Kluivert,Kluivert,MID,Bournemouth,1,6000000,Man City (A),3,74,0,0,1,0,0,0,0,0,0,0,0,9,0.11,0.0,0.0,0,2.55,0.4500000000000002,Justin Kluivert
522,Archie,Gray,Gray,MID,Spurs,4,5000000,Everton (H),3,84,0,0,1,0,0,0,0,0,0,0,0,11,0.09,0.03,0.0,0,2.54,0.45999999999999996,Archie Gray
460,Joe,Willock,Willock,MID,Newcastle,2,5000000,Spurs (A),3,70,0,0,1,0,0,0,0,0,0,0,0,2,0.07,0.02,0.0,0,2.41,0.5899999999999999,Joe Willock
264,Oscar,Bobb,Bobb,MID,Fulham,4,5500000,Liverpool (A),3,62,0,0,1,0,0,0,0,0,0,0,0,7,0.0,0.13,0.0,0,2.39,0.6099999999999999,Oscar Bobb
557,Christos,Tzolis,Tzolis,MID,Arsenal,4,6400000,Sunderland (A),3,80,0,0,1,0,0,0,0,0,0,0,0,3,0.0,0.13,0.0,0,2.39,0.6099999999999999,Christos Tzolis
286,Mohamed,Belloumi,Belloumi,MID,Hull City,1,5000000,Man Utd (H),3,90,0,0,1,0,0,0,0,0,0,0,0,10,0.05,0.03,0.0,0,2.34,0.6600000000000001,Mohamed Belloumi
558,Xaver,Schlager,Schlager,MID,Nott'm Forest,3,5000000,Spurs (H),3,90,0,0,1,0,0,0,0,0,0,0,0,10,0.03,0.06,0.0,0,2.33,0.6699999999999999,Xaver Schlager
290,Regan,Slater,Slater,MID,Hull City,3,4500000,Aston Villa (H),3,90,0,0,1,0,0,0,0,0,0,0,0,6,0.04,0.01,0.0,0,2.23,0.77,Regan Slater
576,Elliot,Stroud,Stroud,MID,Hull City,3,5000000,Aston Villa (H),3,62,0,0,1,0,0,0,0,0,0,0,0,2,0.04,0.01,0.0,0,2.23,0.77,Elliot Stroud
453,Harvey,Barnes,Barnes,MID,Newcastle,2,6000000,Spurs (A),3,90,0,0,1,0,0,0,0,0,0,0,0,4,0.04,0.01,0.0,0,2.23,0.77,Harvey Barnes
237,Iliman,Ndiaye,Ndiaye,MID,Man City,3,6000000,Coventry City (H),3,86,0,0,1,0,0,0,0,0,0,0,0,5,0.02,0.04,0.0,0,2.22,0.7799999999999998,Iliman Ndiaye
47,Boubacar,Kamara,Kamara,MID,Aston Villa,3,5000000,Hull City (A),3,90,0,0,1,0,0,0,0,0,0,0,0,10,0.0,0.07,0.0,0,2.21,0.79,Boubacar Kamara
175,Milan,van Ewijk,van Ewijk,DEF,Coventry City,3,4000000,Man City (A),3,90,0,0,0,1,0,0,0,1,0,0,0,11,0.0,0.06,1.0,0,2.18,0.8199999999999998,Milan van Ewijk
502,Andrew,Robertson,Robertson,DEF,Spurs,1,4500000,Brentford (A),3,90,0,0,0,3,0,0,0,0,0,0,0,11,0.0,0.06,2.0,0,2.18,0.8199999999999998,Andrew Robertson
246,Merlin,Röhl,Röhl,MID,Everton,1,5000000,Crystal Palace (H),3,90,0,0,1,0,0,0,0,0,0,0,0,9,0.0,0.06,0.0,0,2.18,0.8199999999999998,Merlin Röhl
519,Conor,Gallagher,Gallagher,MID,Spurs,3,5400000,Nott'm Forest (A),3,83,0,0,1,0,0,0,0,0,0,0,0,11,0.0,0.06,0.0,0,2.18,0.8199999999999998,Conor Gallagher
429,Marcus,Rashford,Rashford,MID,Man Utd,3,7000000,Everton (A),3,69,0,0,1,0,0,0,0,0,0,0,0,4,0.0,0.06,0.0,0,2.18,0.8199999999999998,Marcus Rashford
397,Antoine,Semenyo,Semenyo,MID,Man City,4,8400000,Man Utd (A),3,90,0,0,1,0,0,0,0,0,0,0,0,3,0.0,0.06,0.0,0,2.18,0.8199999999999998,Antoine Semenyo
545,Noah,Sadiki,Sadiki,MID,Sunderland,2,5000000,Fulham (H),3,90,0,0,1,0,0,0,0,0,0,0,0,11,0.02,0.02,0.0,0,2.16,0.8399999999999999,Noah Sadiki
514,Mathys,Tel,Tel,MID,Spurs,3,5900000,Nott'm Forest (A),3,73,0,0,1,0,0,0,0,0,0,0,0,2,0.0,0.05,0.0,0,2.15,0.8500000000000001,Mathys Tel
551,Nilson,N.Angulo,Angulo,MID,Sunderland,2,5000000,Fulham (H),3,64,0,0,1,0,0,0,0,0,0,0,0,5,0.0,0.04,0.0,0,2.12,0.8799999999999999,Nilson Angulo
459,Lewis,L.Miley,Miley,MID,Newcastle,2,5500000,Spurs (A),3,90,0,0,1,0,0,0,0,0,0,0,0,9,0.0,0.04,0.0,0,2.12,0.8799999999999999,Lewis Miley
516,Rodrigo,Bentancur,Bentancur,MID,Spurs,4,5500000,Everton (H),3,62,0,0,1,0,0,0,0,0,0,0,0,10,0.0,0.04,0.0,0,2.12,0.8799999999999999,Rodrigo Bentancur
576,Elliot,Stroud,Stroud,MID,Hull City,1,5000000,Man Utd (H),3,70,0,0,1,0,0,0,0,0,0,0,0,6,0.0,0.03,0.0,0,2.09,0.9100000000000001,Elliot Stroud
247,Hayden,Hackney,Hackney,MID,Everton,1,5500000,Crystal Palace (H),3,78,0,0,1,0,0,0,0,0,0,0,0,7,0.01,0.01,0.0,0,2.08,0.9199999999999999,Hayden Hackney
337,Brenden,Aaronson,Aaronson,MID,Leeds,1,5500000,Nott'm Forest (A),3,81,0,0,1,0,0,0,0,0,0,0,0,7,0.01,0.01,0.0,0,2.08,0.9199999999999999,Brenden Aaronson
244,Harrison,Armstrong,Armstrong,MID,Everton,4,5000000,Spurs (A),3,90,0,0,1,0,0,0,0,0,0,0,0,5,0.0,0.02,0.0,0,2.06,0.94,Harrison Armstrong
498,Marcos,Senesi,Senesi Barón,DEF,Spurs,1,6000000,Brentford (A),3,90,0,0,0,3,0,0,0,0,0,0,0,16,0.0,0.02,2.0,0,2.06,0.94,Marcos Senesi Barón
260,Harry,Wilson,Wilson,MID,Leeds,1,6500000,Nott'm Forest (A),3,65,0,0,1,0,0,0,0,0,0,0,0,2,0.0,0.02,0.0,0,2.06,0.94,Harry Wilson
377,Victor,Munoz,Munoz,MID,Liverpool,3,6500000,Ipswich Town (A),3,63,0,0,1,0,0,0,0,0,0,0,0,4,0.0,0.02,0.0,0,2.06,0.94,Victor Munoz
265,Sander,Berge,Berge,MID,Fulham,4,4900000,Liverpool (A),3,90,0,0,1,0,0,0,0,0,0,0,0,9,0.0,0.01,0.0,0,2.03,0.9700000000000002,Sander Berge
71,Lewis,Cook,Cook,MID,Bournemouth,2,5000000,Everton (H),3,68,0,0,1,0,0,0,0,0,0,0,0,2,0.0,0.01,0.0,0,2.03,0.9700000000000002,Lewis Cook
57,Đorđe,Petrović,Petrović,GK,Bournemouth,2,4500000,Everton (H),3,90,0,0,0,1,0,0,0,0,0,5,0,0,0.0,0.0,1.0,0,2.0,1.0,Đorđe Petrović
250,Bernd,Leno,Leno,GK,Fulham,2,4500000,Sunderland (A),3,90,0,0,0,1,0,0,0,0,0,3,0,0,0.0,0.0,1.0,0,2.0,1.0,Bernd Leno
71,Lewis,Cook,Cook,MID,Bournemouth,1,5000000,Man City (A),3,75,0,0,1,0,0,0,0,0,0,0,0,7,0.0,0.0,0.0,0,2.0,1.0,Lewis Cook
385,James,Trafford,Trafford,GK,Leeds,2,5000000,Brentford (H),3,90,0,0,0,1,0,0,0,0,0,4,0,0,0.0,0.0,1.0,0,2.0,1.0,James Trafford
385,James,Trafford,Trafford,GK,Leeds,3,5000000,Brighton (A),3,90,0,0,0,1,0,0,0,0,0,4,0,0,0.0,0.0,1.0,0,2.0,1.0,James Trafford
226,Jordan,Pickford,Pickford,GK,Everton,2,5500000,Bournemouth (A),3,90,0,0,0,1,0,0,0,0,0,4,0,0,0.0,0.0,1.0,0,2.0,1.0,Jordan Pickford
148,Jorrel,Hato,Hato,DEF,Chelsea,3,4500000,Arsenal (A),3,59,0,1,0,2,0,0,0,0,0,0,0,6,0.0,0.02,1.0,0,1.06,1.94,Jorrel Hato
450,Tino,Livramento,Livramento,DEF,Newcastle,4,4900000,Leeds (A),3,32,0,1,0,1,0,0,0,1,0,0,0,3,0.0,0.01,0.0,0,0.03,2.97,Tino Livramento
249,Thierno,Barry,Barry,FWD,Everton,2,5500000,Bournemouth (A),2,69,0,0,0,1,0,0,0,0,0,0,0,3,1.48,0.0,0.0,3,10.92,-8.92,Thierno Barry
8,Riccardo,Calafiori,Calafiori,DEF,Arsenal,3,5700000,Chelsea (H),2,66,0,0,0,1,0,0,0,0,0,0,0,1,0.39,0.03,0.0,2,10.43,-8.43,Riccardo Calafiori
502,Andrew,Robertson,Robertson,DEF,Spurs,2,4500000,Newcastle (H),2,67,0,0,0,1,0,0,0,0,0,0,0,3,0.06,0.02,0.0,3,9.42,-7.42,Andrew Robertson
471,Nikola,Milenković,Milenković,DEF,Nott'm Forest,1,5500000,Leeds (H),2,90,0,0,0,1,0,0,0,0,0,0,0,7,0.11,0.02,0.0,2,8.72,-6.719999999999999,Nikola Milenković
379,Alexander,Isak,Isak,FWD,Liverpool,1,9000000,Newcastle (A),2,90,0,0,0,2,0,0,0,0,0,0,0,1,1.09,0.01,0.0,2,8.39,-6.390000000000001,Alexander Isak
60,James,Hill,Hill,DEF,Bournemouth,4,5500000,Brentford (H),2,90,0,0,0,2,0,0,0,1,0,0,0,11,0.0,0.01,0.0,1,8.03,-6.030000000000001,James Hill
4,Gabriel,Gabriel,dos Santos Magalhães,DEF,Arsenal,3,8000000,Chelsea (H),2,90,0,0,0,1,0,0,0,0,0,0,0,7,0.31,0.02,0.0,0,7.92,-5.92,Gabriel dos Santos Magalhães
183,Jack,Rudoni,Rudoni,MID,Coventry City,4,5000000,Brighton (H),2,72,0,0,0,3,0,0,0,0,0,0,0,5,0.33,0.73,0.0,2,7.84,-5.84,Jack Rudoni
492,Taiwo,Awoniyi,Awoniyi,FWD,Coventry City,2,5500000,Hull City (H),2,90,0,0,0,1,0,0,0,0,0,0,0,3,0.93,0.03,0.0,2,7.81,-5.81,Taiwo Awoniyi
106,Igor Thiago,Thiago,Nascimento Rodrigues,FWD,Brentford,2,8000000,Leeds (A),2,90,0,0,0,1,0,0,0,0,0,0,0,4,0.8,0.01,0.0,2,7.23,-5.23,Igor Thiago Nascimento Rodrigues
427,Bryan,Mbeumo,Mbeumo,MID,Man Utd,1,8000000,Hull City (A),2,90,0,0,0,2,0,0,0,0,0,0,0,4,0.5,0.23,0.0,2,7.19,-5.19,Bryan Mbeumo
469,Neco,N.Williams,Williams,DEF,Nott'm Forest,1,5000000,Leeds (H),2,90,0,0,0,1,0,0,0,0,0,0,0,6,0.0,0.02,0.0,1,7.06,-5.06,Neco Williams
562,Daizen,Maeda,Maeda,MID,Ipswich Town,1,5500000,Sunderland (H),2,79,0,0,0,1,0,0,0,0,0,0,0,9,0.61,0.0,0.0,2,7.05,-5.05,Daizen Maeda
411,Erling,Haaland,Haaland,FWD,Man City,1,15500000,Bournemouth (H),2,90,0,0,0,1,0,0,0,0,0,0,0,3,0.74,0.02,0.0,2,7.02,-5.02,Erling Haaland
427,Bryan,Mbeumo,Mbeumo,MID,Man Utd,4,7900000,Man City (H),2,90,0,0,0,1,0,0,0,0,0,0,0,5,0.49,0.08,0.0,2,6.69,-4.69,Bryan Mbeumo
264,Oscar,Bobb,Bobb,MID,Fulham,3,5500000,Crystal Palace (H),2,78,0,0,0,3,0,0,0,0,0,0,0,4,0.32,0.65,0.0,1,6.55,-4.55,Oscar Bobb
10,Benjamin,White,White,DEF,Arsenal,3,5500000,Chelsea (H),2,90,0,0,0,1,0,0,0,0,0,0,0,6,0.0,0.03,0.0,0,6.09,-4.09,Benjamin White
467,Matz,Sels,Sels,GK,Nott'm Forest,1,5000000,Leeds (H),2,90,0,0,0,1,0,0,0,0,0,2,0,0,0.0,0.0,0.0,0,6.0,-4.0,Matz Sels
223,Jean-Philippe,Mateta,Mateta,FWD,Crystal Palace,1,6500000,Everton (A),2,62,0,0,0,2,0,0,0,0,0,0,0,5,0.7,0.02,0.0,1,5.86,-3.8600000000000003,Jean-Philippe Mateta
249,Thierno,Barry,Barry,FWD,Everton,4,5600000,Spurs (A),2,90,0,0,1,0,0,0,0,0,0,0,0,2,0.67,0.03,0.0,1,5.77,-3.7699999999999996,Thierno Barry
268,Josh,King,King,MID,Fulham,2,5500000,Sunderland (A),2,90,0,0,0,1,0,0,0,0,0,0,0,4,0.47,0.03,0.0,1,5.44,-3.4400000000000004,Josh King
86,Keane,Lewis-Potter,Lewis-Potter,MID,Brentford,3,5500000,Sunderland (H),2,90,0,0,0,1,0,0,0,0,0,0,0,6,0.24,0.4,0.0,1,5.4,-3.4000000000000004,Keane Lewis-Potter
67,Rayan Vitor,Rayan,Simplício Rocha,MID,Bournemouth,4,6400000,Brentford (H),2,81,0,0,0,2,0,0,0,0,0,0,0,3,0.39,0.02,0.0,0,5.01,-3.01,Rayan Vitor Simplício Rocha
379,Alexander,Isak,Isak,FWD,Liverpool,4,9100000,Fulham (H),2,90,0,0,1,0,0,0,0,0,0,0,0,1,0.5,0.0,0.0,1,5.0,-3.0,Alexander Isak
12,Bukayo,Saka,Saka,MID,Arsenal,3,9500000,Chelsea (H),2,89,0,0,0,1,0,0,0,0,0,0,0,4,0.23,0.23,0.0,0,4.84,-2.84,Bukayo Saka
460,Joe,Willock,Willock,MID,Newcastle,3,5000000,Bournemouth (H),2,62,0,0,0,2,0,0,0,0,0,0,0,3,0.36,0.01,0.0,1,4.83,-2.83,Joe Willock
453,Harvey,Barnes,Barnes,MID,Newcastle,4,6000000,Leeds (A),2,90,0,0,0,4,0,0,0,0,0,0,0,6,0.29,0.31,0.0,0,4.38,-2.38,Harvey Barnes
569,Gonzalo,Gonzalo,García,FWD,Fulham,3,6000000,Crystal Palace (H),2,90,0,0,0,3,0,0,0,0,0,0,0,7,0.44,0.2,0.0,0,4.36,-2.3600000000000003,Gonzalo García
166,Nicolas,N.Jackson,Jackson,FWD,Aston Villa,3,6500000,Hull City (A),2,84,0,0,1,0,0,0,0,0,0,0,0,2,0.24,0.44,0.0,0,4.28,-2.2800000000000002,Nicolas Jackson
390,Rúben,Rúben,dos Santos Gato Alves Dias,DEF,Man City,2,5500000,Crystal Palace (A),2,90,0,0,0,1,0,0,0,0,0,0,0,6,0.09,0.57,0.0,0,4.25,-2.25,Rúben dos Santos Gato Alves Dias
67,Rayan Vitor,Rayan,Simplício Rocha,MID,Bournemouth,2,6500000,Everton (H),2,90,0,0,0,1,0,0,0,0,0,0,0,5,0.4,0.02,0.0,0,4.06,-2.0599999999999996,Rayan Vitor Simplício Rocha
106,Igor Thiago,Thiago,Nascimento Rodrigues,FWD,Brentford,3,8000000,Sunderland (H),2,90,0,0,0,1,0,0,0,0,0,0,0,6,0.5,0.01,0.0,0,4.03,-2.0300000000000002,Igor Thiago Nascimento Rodrigues
523,Mikey,Moore,Moore,MID,Spurs,1,5000000,Brentford (A),2,67,0,0,0,3,0,0,0,0,0,0,0,2,0.38,0.02,0.0,0,3.96,-1.96,Mikey Moore
335,Anton,Stach,Stach,MID,Leeds,3,6000000,Brighton (A),2,90,0,0,0,1,0,0,0,0,0,0,0,6,0.32,0.1,0.0,0,3.9,-1.9,Anton Stach
201,Daniel,Muñoz,Muñoz Mejía,DEF,Nott'm Forest,4,5400000,Aston Villa (A),2,90,0,0,0,1,0,0,0,0,0,0,0,7,0.22,0.18,0.0,0,3.86,-1.8599999999999999,Daniel Muñoz Mejía
428,Matheus,Cunha,Santos Carneiro da Cunha,MID,Man Utd,1,8000000,Hull City (A),2,79,0,0,0,2,0,0,0,0,0,0,0,3,0.24,0.21,0.0,0,3.83,-1.83,Matheus Santos Carneiro da Cunha
480,Morgan,Gibbs-White,Gibbs-White,MID,Nott'm Forest,1,8000000,Leeds (H),2,90,0,0,0,1,0,0,0,0,0,0,0,3,0.13,0.06,0.0,0,3.83,-1.83,Morgan Gibbs-White
514,Mathys,Tel,Tel,MID,Spurs,2,6000000,Newcastle (H),2,67,0,0,0,1,0,0,0,0,0,0,0,3,0.14,0.03,0.0,0,3.79,-1.79,Mathys Tel
138,Charalampos,Kostoulas,Kostoulas,FWD,Brighton,3,5500000,Leeds (H),2,90,0,0,0,1,0,0,0,0,0,0,0,8,0.43,0.02,0.0,0,3.78,-1.7799999999999998,Charalampos Kostoulas
183,Jack,Rudoni,Rudoni,MID,Coventry City,3,5000000,Man City (A),2,62,0,0,0,1,0,0,0,0,0,0,0,5,0.29,0.09,0.0,0,3.72,-1.7200000000000002,Jack Rudoni
469,Neco,N.Williams,Williams,DEF,Nott'm Forest,4,5000000,Aston Villa (A),2,90,0,0,0,1,0,0,0,0,0,0,0,3,0.2,0.16,0.0,0,3.68,-1.6800000000000002,Neco Williams
295,Oli,McBurnie,McBurnie,FWD,Hull City,3,5500000,Aston Villa (H),2,90,0,0,1,0,0,0,0,0,0,0,0,3,0.38,0.05,0.0,0,3.67,-1.67,Oli McBurnie
387,Nico,O'Reilly,O'Reilly,DEF,Man City,1,6500000,Bournemouth (H),2,62,0,0,0,1,0,0,0,0,0,0,0,2,0.07,0.41,0.0,0,3.65,-1.65,Nico O'Reilly
249,Thierno,Barry,Barry,FWD,Everton,3,5500000,Man Utd (H),2,90,0,0,0,2,0,0,0,0,0,0,0,4,0.38,0.02,0.0,0,3.58,-1.58,Thierno Barry
236,Kiernan,Dewsbury-Hall,Dewsbury-Hall,MID,Everton,3,6500000,Man Utd (H),2,90,0,0,0,2,0,0,0,0,0,0,0,11,0.27,0.07,0.0,0,3.56,-1.56,Kiernan Dewsbury-Hall
356,Virgil,Virgil,van Dijk,DEF,Liverpool,1,6500000,Newcastle (A),2,90,0,0,0,2,0,0,0,1,0,0,0,11,0.25,0.01,1.0,0,3.53,-1.5299999999999998,Virgil van Dijk
7,Myles,Lewis-Skelly,Lewis-Skelly,MID,Arsenal,3,5500000,Chelsea (H),2,66,0,0,0,1,0,0,0,0,0,0,0,2,0.03,0.1,0.0,0,3.45,-1.4500000000000002,Myles Lewis-Skelly
429,Marcus,Rashford,Rashford,MID,Man Utd,2,7000000,Ipswich Town (H),2,79,0,0,0,1,0,0,0,0,0,0,0,6,0.26,0.05,0.0,0,3.45,-1.4500000000000002,Marcus Rashford
224,Eddie,Nketiah,Nketiah,FWD,Crystal Palace,2,5500000,Man City (H),2,67,0,0,0,3,0,0,0,0,0,0,0,6,0.36,0.0,0.0,0,3.44,-1.44,Eddie Nketiah
366,Florian,Wirtz,Wirtz,MID,Liverpool,1,7500000,Newcastle (A),2,62,0,0,0,2,0,0,0,0,0,0,0,5,0.26,0.04,0.0,0,3.42,-1.42,Florian Wirtz
155,Enzo,Enzo,Fernández,MID,Man City,4,6900000,Man Utd (A),2,81,0,0,1,0,0,0,0,1,0,0,0,10,0.18,0.13,0.0,0,3.29,-1.29,Enzo Fernández
417,Diogo,Dalot,Dalot Teixeira,DEF,Man Utd,2,5000000,Ipswich Town (H),2,73,0,0,0,1,0,0,0,0,0,0,0,4,0.15,0.12,0.0,0,3.26,-1.2599999999999998,Diogo Dalot Teixeira
261,Alex,Iwobi,Iwobi,MID,Fulham,2,5500000,Sunderland (A),2,90,0,0,0,1,0,0,0,0,0,0,0,4,0.01,0.4,0.0,0,3.25,-1.25,Alex Iwobi
277,John,Egan,Egan,DEF,Hull City,4,4100000,Chelsea (A),2,90,0,0,0,2,0,0,0,1,0,0,0,14,0.04,0.0,0.0,0,3.24,-1.2400000000000002,John Egan
492,Taiwo,Awoniyi,Awoniyi,FWD,Coventry City,3,5500000,Man City (A),2,70,0,0,0,1,0,0,0,0,0,0,0,5,0.31,0.0,0.0,0,3.24,-1.2400000000000002,Taiwo Awoniyi
239,James,Garner,Garner,MID,Everton,3,6000000,Man Utd (H),2,76,0,0,0,1,0,0,0,0,0,0,0,8,0.0,0.08,0.0,0,3.24,-1.2400000000000002,James Garner
176,Jay,Dasilva,Dasilva,DEF,Coventry City,2,4000000,Hull City (H),2,90,0,0,0,1,0,0,0,0,0,0,0,3,0.18,0.05,0.0,0,3.23,-1.23,Jay Dasilva
315,Abdul,Fatawu,Fatawu,MID,Ipswich Town,1,5500000,Sunderland (H),2,65,0,0,0,1,0,0,0,0,0,0,0,7,0.0,0.41,0.0,0,3.23,-1.23,Abdul Fatawu
552,Brian,Brobbey,Brobbey,FWD,Sunderland,3,5900000,Brentford (A),2,90,0,0,0,1,0,0,0,0,0,0,0,3,0.26,0.06,0.0,0,3.22,-1.2200000000000002,Brian Brobbey
73,Tyler,Adams,Adams,MID,Bournemouth,4,5000000,Brentford (H),2,81,0,0,0,2,0,0,0,0,0,0,0,10,0.03,0.02,0.0,0,3.21,-1.21,Tyler Adams
552,Brian,Brobbey,Brobbey,FWD,Sunderland,1,6000000,Ipswich Town (A),2,66,0,0,0,1,0,0,0,0,0,0,0,0,0.3,0.0,0.0,0,3.2,-1.2000000000000002,Brian Brobbey
488,Ibrahim,I.Sangaré,Sangaré,MID,Nott'm Forest,1,5000000,Leeds (H),2,90,0,0,0,1,0,0,0,0,0,0,0,6,0.03,0.01,0.0,0,3.18,-1.1800000000000002,Ibrahim Sangaré
426,Bruno,B.Fernandes,Borges Fernandes,MID,Man Utd,1,12000000,Hull City (A),2,90,0,0,0,2,0,0,0,0,0,0,0,6,0.08,0.26,0.0,0,3.18,-1.1800000000000002,Bruno Borges Fernandes
372,Alexis,Mac Allister,Mac Allister,MID,Liverpool,2,5500000,Nott'm Forest (H),2,76,0,0,0,2,0,0,0,0,0,0,0,10,0.0,0.39,0.0,0,3.17,-1.17,Alexis Mac Allister
426,Bruno,B.Fernandes,Borges Fernandes,MID,Man Utd,4,12000000,Man City (H),2,90,0,0,0,1,0,0,0,0,0,0,0,7,0.03,0.33,0.0,0,3.14,-1.1400000000000001,Bruno Borges Fernandes
569,Gonzalo,Gonzalo,García,FWD,Fulham,2,6000000,Sunderland (A),2,90,0,0,0,1,0,0,0,0,0,0,0,4,0.27,0.01,0.0,0,3.11,-1.1099999999999999,Gonzalo García
91,Ethan,Pinnock,Pinnock,DEF,Coventry City,4,4500000,Brighton (H),2,90,0,0,0,5,0,0,0,0,0,0,0,10,0.01,0.0,1.0,0,3.06,-1.06,Ethan Pinnock
28,Emiliano,Martinez,Martínez Romero,GK,Chelsea,2,5000000,Brighton (H),2,90,0,0,0,3,0,0,0,0,0,4,0,0,0.0,0.01,0.0,0,3.03,-1.0299999999999998,Emiliano Martínez Romero
140,Robert,Sánchez,Lynch Sánchez,GK,Chelsea,1,5000000,Fulham (A),2,90,0,0,0,2,0,0,0,0,0,4,0,0,0.0,0.01,0.0,0,3.03,-1.0299999999999998,Robert Lynch Sánchez
418,Harry,Maguire,Maguire,DEF,Man Utd,3,5000000,Everton (A),2,90,0,0,0,2,0,0,0,1,0,0,0,12,0.0,0.01,0.0,0,3.03,-1.0299999999999998,Harry Maguire
564,Kjell,Scherpen,Scherpen,GK,Ipswich Town,3,4500000,Liverpool (H),2,90,0,0,0,2,0,0,0,0,0,5,0,0,0.0,0.0,0.0,0,3.0,-1.0,Kjell Scherpen
572,Konstantinos,Tzolakis,Tzolakis,GK,Hull City,4,4600000,Chelsea (A),2,90,0,0,0,2,0,0,0,0,0,5,0,0,0.0,0.0,0.0,0,3.0,-1.0,Konstantinos Tzolakis
28,Emiliano,Martinez,Martínez Romero,GK,Chelsea,4,5000000,Hull City (H),2,90,0,0,0,2,0,0,0,0,0,3,0,0,0.0,0.0,0.0,0,3.0,-1.0,Emiliano Martínez Romero
198,Dean,Henderson,Henderson,GK,Crystal Palace,1,5000000,Everton (A),2,90,0,0,0,2,0,0,0,0,0,3,0,0,0.0,0.0,0.0,0,3.0,-1.0,Dean Henderson
412,Senne,Lammens,Lammens,GK,Man Utd,3,5000000,Everton (A),2,90,0,0,0,2,0,0,0,0,0,4,0,0,0.0,0.0,0.0,0,3.0,-1.0,Senne Lammens
445,Malick,Thiaw,Thiaw,DEF,Newcastle,4,5000000,Leeds (A),2,90,0,0,0,4,0,0,0,0,0,0,0,11,0.0,0.0,1.0,0,3.0,-1.0,Malick Thiaw
447,Sven,Botman,Botman,DEF,Newcastle,4,5000000,Leeds (A),2,90,0,0,0,4,0,0,0,0,0,0,0,17,0.0,0.0,1.0,0,3.0,-1.0,Sven Botman
522,Archie,Gray,Gray,MID,Spurs,2,5000000,Newcastle (H),2,67,0,0,0,1,0,0,0,0,0,0,0,6,0.0,0.0,0.0,0,3.0,-1.0,Archie Gray
567,Lukás,Horníček,Hornícek,GK,Newcastle,3,5000000,Bournemouth (H),2,90,0,0,0,2,0,0,0,0,0,4,0,0,0.0,0.0,0.0,0,3.0,-1.0,Lukás Hornícek
261,Alex,Iwobi,Iwobi,MID,Fulham,3,5500000,Crystal Palace (H),2,82,0,0,0,3,0,0,0,0,0,0,0,4,0.04,0.26,0.0,0,2.98,-0.98,Alex Iwobi
129,Yasin,Ayari,Ayari,MID,Brighton,3,5400000,Leeds (H),2,90,0,0,0,1,0,0,0,0,0,0,0,3,0.17,0.04,0.0,0,2.97,-0.9700000000000002,Yasin Ayari
491,Igor Jesus,Igor Jesus,Maciel da Cruz,FWD,Nott'm Forest,1,6000000,Leeds (H),2,90,0,0,0,1,0,0,0,0,0,0,0,3,0.22,0.02,0.0,0,2.94,-0.94,Igor Jesus Maciel da Cruz
32,Matty,Cash,Cash,DEF,Aston Villa,2,4500000,Arsenal (H),2,77,0,0,0,1,0,0,0,0,0,0,0,6,0.15,0.01,0.0,0,2.93,-0.9300000000000002,Matty Cash
426,Bruno,B.Fernandes,Borges Fernandes,MID,Man Utd,3,12000000,Everton (A),2,90,0,0,0,2,0,0,0,0,0,0,0,2,0.15,0.06,0.0,0,2.93,-0.9300000000000002,Bruno Borges Fernandes
41,Emiliano,Buendía,Buendía Stati,MID,Aston Villa,1,6000000,Brighton (A),2,85,0,0,0,4,0,0,0,0,0,0,0,7,0.13,0.09,0.0,0,2.92,-0.9199999999999999,Emiliano Buendía Stati
569,Gonzalo,Gonzalo,García,FWD,Fulham,4,6000000,Liverpool (A),2,76,0,0,1,0,0,0,0,0,0,0,0,3,0.2,0.03,0.0,0,2.89,-0.8900000000000001,Gonzalo García
401,Omar,Marmoush,Marmoush,FWD,Spurs,2,7000000,Newcastle (H),2,90,0,0,0,2,0,0,0,0,0,0,0,4,0.17,0.07,0.0,0,2.89,-0.8900000000000001,Omar Marmoush
316,Emersonn,Emersonn,Correia da Silva,FWD,Ipswich Town,3,5500000,Liverpool (H),2,65,0,0,0,2,0,0,0,0,0,0,0,3,0.22,0.0,0.0,0,2.88,-0.8799999999999999,Emersonn Correia da Silva
591,Julio,Enciso,Enciso,MID,Ipswich Town,4,5500000,Crystal Palace (A),2,90,0,0,0,2,0,0,0,0,0,0,0,5,0.05,0.2,0.0,0,2.85,-0.8500000000000001,Julio Enciso
332,James,Justin,Justin,DEF,Leeds,4,4500000,Newcastle (H),2,90,0,0,0,1,0,0,0,0,0,0,0,5,0.0,0.28,0.0,0,2.84,-0.8399999999999999,James Justin
429,Marcus,Rashford,Rashford,MID,Man Utd,4,7000000,Man City (H),2,82,0,0,0,1,0,0,0,0,0,0,0,5,0.12,0.08,0.0,0,2.84,-0.8399999999999999,Marcus Rashford
570,César,Palacios,Palacios,MID,Fulham,1,5500000,Chelsea (H),2,72,0,0,0,3,0,0,0,0,0,0,0,4,0.16,0.01,0.0,0,2.83,-0.8300000000000001,César Palacios
124,Pascal,Groß,Groß,MID,Brighton,1,5500000,Aston Villa (H),2,90,0,0,1,0,0,0,0,1,0,0,0,5,0.0,0.27,0.0,0,2.81,-0.81,Pascal Groß
541,Thomas,Meunier,Meunier,DEF,Sunderland,4,4500000,Arsenal (H),2,75,0,0,0,1,0,0,0,0,0,0,0,2,0.13,0.0,0.0,0,2.78,-0.7799999999999998,Thomas Meunier
264,Oscar,Bobb,Bobb,MID,Fulham,1,5500000,Chelsea (H),2,66,0,0,0,3,0,0,0,0,0,0,0,6,0.0,0.26,0.0,0,2.78,-0.7799999999999998,Oscar Bobb
236,Kiernan,Dewsbury-Hall,Dewsbury-Hall,MID,Everton,2,6500000,Bournemouth (A),2,90,0,0,0,1,0,0,0,0,0,0,0,10,0.06,0.16,0.0,0,2.78,-0.7799999999999998,Kiernan Dewsbury-Hall
88,Michael,Kayode,Kayode,DEF,Brentford,2,4600000,Leeds (A),2,87,0,0,0,1,0,0,0,0,0,0,0,4,0.02,0.21,0.0,0,2.75,-0.75,Michael Kayode
481,Elliot,Anderson,Anderson,MID,Man City,1,6500000,Bournemouth (H),2,62,0,0,0,1,0,0,0,0,0,0,0,6,0.0,0.25,0.0,0,2.75,-0.75,Elliot Anderson
401,Omar,Marmoush,Marmoush,FWD,Spurs,3,7000000,Nott'm Forest (A),2,83,0,0,1,0,0,0,0,0,0,0,0,0,0.17,0.01,0.0,0,2.71,-0.71,Omar Marmoush
162,Andrey,Andrey Santos,Nascimento dos Santos,MID,Man Utd,1,5000000,Hull City (A),2,66,0,0,0,2,0,0,0,0,0,0,0,9,0.0,0.23,0.0,0,2.69,-0.69,Andrey Nascimento dos Santos
541,Thomas,Meunier,Meunier,DEF,Sunderland,3,4500000,Brentford (A),2,63,0,0,0,1,0,0,0,0,0,0,0,2,0.11,0.0,0.0,0,2.66,-0.6600000000000001,Thomas Meunier
129,Yasin,Ayari,Ayari,MID,Brighton,1,5500000,Aston Villa (H),2,63,0,0,1,0,0,0,0,1,0,0,0,4,0.11,0.03,0.0,0,2.64,-0.6400000000000001,Yasin Ayari
464,Yoane,Wissa,Wissa,FWD,Newcastle,4,6200000,Leeds (A),2,90,0,0,0,4,0,0,0,0,0,0,0,5,0.16,0.0,0.0,0,2.64,-0.6400000000000001,Yoane Wissa
428,Matheus,Cunha,Santos Carneiro da Cunha,MID,Man Utd,4,7900000,Man City (H),2,90,0,0,0,1,0,0,0,0,0,0,0,2,0.11,0.03,0.0,0,2.64,-0.6400000000000001,Matheus Santos Carneiro da Cunha
127,Diego,Gomez,Gómez Amarilla,MID,Brighton,3,5000000,Leeds (H),2,90,0,0,0,1,0,0,0,0,0,0,0,9,0.09,0.05,0.0,0,2.6,-0.6000000000000001,Diego Gómez Amarilla
265,Sander,Berge,Berge,MID,Fulham,2,5000000,Sunderland (A),2,82,0,0,0,1,0,0,0,0,0,0,0,2,0.0,0.2,0.0,0,2.6,-0.6000000000000001,Sander Berge
315,Abdul,Fatawu,Fatawu,MID,Ipswich Town,3,5500000,Liverpool (H),2,78,0,0,0,2,0,0,0,0,0,0,0,6,0.03,0.15,0.0,0,2.6,-0.6000000000000001,Abdul Fatawu
175,Milan,van Ewijk,van Ewijk,DEF,Coventry City,2,4000000,Hull City (H),2,90,0,0,0,1,0,0,0,0,0,0,0,2,0.0,0.19,0.0,0,2.57,-0.5699999999999998,Milan van Ewijk
46,Ross,Barkley,Barkley,MID,Aston Villa,1,5000000,Brighton (A),2,73,0,0,0,4,0,0,0,0,0,0,0,1,0.1,0.02,0.0,0,2.56,-0.56,Ross Barkley
525,Mateus,Fernandes,Fernandes,MID,Spurs,2,6000000,Newcastle (H),2,90,0,0,0,2,0,0,0,0,0,0,0,8,0.01,0.17,0.0,0,2.56,-0.56,Mateus Fernandes
79,Francisco Evanilson,Evanilson,de Lima Barbosa,FWD,Bournemouth,3,6000000,Newcastle (A),2,90,0,0,0,2,0,0,0,0,0,0,0,7,0.13,0.01,0.0,0,2.55,-0.5499999999999998,Francisco Evanilson de Lima Barbosa
156,Pedro,Neto,Lomba Neto,MID,Chelsea,4,6500000,Hull City (H),2,85,0,0,0,2,0,0,0,0,0,0,0,7,0.05,0.1,0.0,0,2.55,-0.5499999999999998,Pedro Lomba Neto
43,Youri,Tielemans,Tielemans,MID,Man Utd,1,6000000,Hull City (A),2,66,0,0,0,2,0,0,0,0,0,0,0,5,0.04,0.11,0.0,0,2.53,-0.5299999999999998,Youri Tielemans
605,Malick,Yalcouyé,Yalcouyé,MID,Brighton,3,4500000,Leeds (H),2,90,0,0,0,1,0,0,0,0,0,0,0,5,0.05,0.09,0.0,0,2.52,-0.52,Malick Yalcouyé
210,Adam,Wharton,Wharton,MID,Crystal Palace,4,5500000,Ipswich Town (H),2,76,0,0,0,2,0,0,0,0,0,0,0,5,0.08,0.04,0.0,0,2.52,-0.52,Adam Wharton
94,Kevin,Schade,Schade,MID,Brentford,3,6000000,Sunderland (H),2,90,0,0,0,1,0,0,0,0,0,0,0,5,0.0,0.17,0.0,0,2.51,-0.5099999999999998,Kevin Schade
290,Regan,Slater,Slater,MID,Hull City,4,4500000,Chelsea (A),2,90,0,0,0,2,0,0,0,0,0,0,0,11,0.04,0.1,0.0,0,2.5,-0.5,Regan Slater
486,James,McAtee,McAtee,MID,Nott'm Forest,2,5500000,Liverpool (A),2,90,0,0,0,2,0,0,0,0,0,0,0,8,0.0,0.16,0.0,0,2.48,-0.48,James McAtee
514,Mathys,Tel,Tel,MID,Spurs,1,6000000,Brentford (A),2,90,0,0,0,3,0,0,0,0,0,0,0,8,0.06,0.06,0.0,0,2.48,-0.48,Mathys Tel
43,Youri,Tielemans,Tielemans,MID,Man Utd,3,5900000,Everton (A),2,90,0,0,0,2,0,0,0,0,0,0,0,7,0.05,0.06,0.0,0,2.43,-0.43000000000000016,Youri Tielemans
336,Noah,Okafor,Okafor,MID,Leeds,2,6000000,Brentford (H),2,68,0,0,0,1,0,0,0,0,0,0,0,2,0.08,0.01,0.0,0,2.43,-0.43000000000000016,Noah Okafor
419,Lisandro,Martinez,Martínez,DEF,Man Utd,4,5000000,Man City (H),2,90,0,0,0,1,0,0,0,0,0,0,0,6,0.03,0.08,0.0,0,2.42,-0.41999999999999993,Lisandro Martínez
167,Liam,Delap,Delap,FWD,Nott'm Forest,3,5500000,Spurs (H),2,73,0,0,1,0,0,0,0,0,0,0,0,5,0.06,0.06,0.0,0,2.42,-0.41999999999999993,Liam Delap
390,Rúben,Rúben,dos Santos Gato Alves Dias,DEF,Man City,1,5500000,Bournemouth (H),2,90,0,0,0,1,0,0,0,0,0,0,0,6,0.0,0.14,0.0,0,2.42,-0.41999999999999993,Rúben dos Santos Gato Alves Dias
453,Harvey,Barnes,Barnes,MID,Newcastle,1,6000000,Liverpool (H),2,90,0,0,0,2,0,0,0,0,0,0,0,8,0.07,0.02,0.0,0,2.41,-0.41000000000000014,Harvey Barnes
545,Noah,Sadiki,Sadiki,MID,Sunderland,1,5000000,Ipswich Town (A),2,90,0,0,0,2,0,0,0,0,0,0,0,2,0.06,0.03,0.0,0,2.39,-0.3900000000000001,Noah Sadiki
455,Sandro,Tonali,Tonali,MID,Spurs,1,5500000,Brentford (A),2,90,0,0,0,3,0,0,0,0,0,0,0,4,0.04,0.06,0.0,0,2.38,-0.3799999999999999,Sandro Tonali
397,Antoine,Semenyo,Semenyo,MID,Man City,1,8500000,Bournemouth (H),2,90,0,0,0,1,0,0,0,0,0,0,0,5,0.06,0.02,0.0,0,2.36,-0.3599999999999999,Antoine Semenyo
562,Daizen,Maeda,Maeda,MID,Ipswich Town,2,5500000,Man Utd (A),2,72,0,0,0,4,0,0,0,0,0,0,0,5,0.06,0.01,0.0,0,2.33,-0.33000000000000007,Daizen Maeda
338,Ethan,Ampadu,Ampadu,MID,Leeds,2,5500000,Brentford (H),2,90,0,0,0,1,0,0,0,0,0,0,0,10,0.01,0.09,0.0,0,2.32,-0.31999999999999984,Ethan Ampadu
184,Matt,Grimes,Grimes,MID,Coventry City,4,5000000,Brighton (H),2,83,0,0,0,4,0,0,0,0,0,0,0,3,0.05,0.02,0.0,0,2.31,-0.31000000000000005,Matt Grimes
214,Daichi,Kamada,Kamada,MID,Crystal Palace,2,5000000,Man City (H),2,90,0,0,0,4,0,0,0,0,0,0,0,9,0.05,0.02,0.0,0,2.31,-0.31000000000000005,Daichi Kamada
241,Dwight,McNeil,McNeil,MID,Crystal Palace,1,5500000,Everton (A),2,62,0,0,0,2,0,0,0,0,0,0,0,5,0.05,0.02,0.0,0,2.31,-0.31000000000000005,Dwight McNeil
455,Sandro,Tonali,Tonali,MID,Spurs,2,5500000,Newcastle (H),2,74,0,0,0,2,0,0,0,0,0,0,0,4,0.05,0.02,0.0,0,2.31,-0.31000000000000005,Sandro Tonali
486,James,McAtee,McAtee,MID,Nott'm Forest,3,5500000,Spurs (H),2,90,0,0,1,0,0,0,0,1,0,0,0,7,0.13,0.22,0.0,0,2.31,-0.31000000000000005,James McAtee
598,Nico,Elvedi,Elvedi,DEF,Leeds,4,4500000,Newcastle (H),2,90,0,0,0,1,0,0,0,0,0,0,0,9,0.05,0.0,0.0,0,2.3,-0.2999999999999998,Nico Elvedi
166,Nicolas,N.Jackson,Jackson,FWD,Aston Villa,2,6500000,Arsenal (H),2,70,0,0,0,1,0,0,0,0,0,0,0,3,0.0,0.1,0.0,0,2.3,-0.2999999999999998,Nicolas Jackson
67,Rayan Vitor,Rayan,Simplício Rocha,MID,Bournemouth,1,6500000,Man City (A),2,88,0,0,0,1,0,0,0,0,0,0,0,1,0.04,0.03,0.0,0,2.29,-0.29000000000000004,Rayan Vitor Simplício Rocha
242,Tyrique,George,George,MID,Everton,2,5500000,Bournemouth (A),2,61,0,0,0,1,0,0,0,0,0,0,0,2,0.05,0.01,0.0,0,2.28,-0.2799999999999998,Tyrique George
417,Diogo,Dalot,Dalot Teixeira,DEF,Man Utd,4,4900000,Man City (H),2,90,0,0,0,1,0,0,0,0,0,0,0,3,0.02,0.05,0.0,0,2.27,-0.27,Diogo Dalot Teixeira
580,Shea,Charles,Charles,MID,Fulham,3,5000000,Crystal Palace (H),2,78,0,0,0,3,0,0,0,0,0,0,0,11,0.0,0.09,0.0,0,2.27,-0.27,Shea Charles
190,Loum,Tchaouna,Tchaouna,MID,Coventry City,1,5500000,Arsenal (A),2,81,0,0,0,3,0,0,0,0,0,0,0,8,0.04,0.02,0.0,0,2.26,-0.2599999999999998,Loum Tchaouna
41,Emiliano,Buendía,Buendía Stati,MID,Aston Villa,2,6000000,Arsenal (H),2,90,0,0,0,1,0,0,0,0,0,0,0,5,0.04,0.02,0.0,0,2.26,-0.2599999999999998,Emiliano Buendía Stati
369,Rio,Ngumoha,Ngumoha,MID,Liverpool,1,6000000,Newcastle (A),2,62,0,0,0,2,0,0,0,0,0,0,0,3,0.04,0.02,0.0,0,2.26,-0.2599999999999998,Rio Ngumoha
37,Victor,Lindelöf,Lindelöf,DEF,Aston Villa,2,4500000,Arsenal (H),2,90,0,0,0,1,0,0,0,0,0,0,0,7,0.0,0.08,0.0,0,2.24,-0.2400000000000002,Victor Lindelöf
265,Sander,Berge,Berge,MID,Fulham,1,5000000,Chelsea (H),2,72,0,0,0,3,0,0,0,0,0,0,0,4,0.03,0.03,0.0,0,2.24,-0.2400000000000002,Sander Berge
501,Kevin,Danso,Danso,DEF,Sunderland,3,5000000,Brentford (A),2,90,0,0,0,1,0,0,0,0,0,0,0,8,0.0,0.08,0.0,0,2.24,-0.2400000000000002,Kevin Danso
156,Pedro,Neto,Lomba Neto,MID,Chelsea,3,6500000,Arsenal (A),2,80,0,0,0,2,0,0,0,0,0,0,0,7,0.03,0.03,0.0,0,2.24,-0.2400000000000002,Pedro Lomba Neto
67,Rayan Vitor,Rayan,Simplício Rocha,MID,Bournemouth,3,6500000,Newcastle (A),2,88,0,0,0,2,0,0,0,0,0,0,0,2,0.04,0.01,0.0,0,2.23,-0.22999999999999998,Rayan Vitor Simplício Rocha
46,Ross,Barkley,Barkley,MID,Aston Villa,2,5000000,Arsenal (H),2,77,0,0,0,1,0,0,0,0,0,0,0,10,0.03,0.02,0.0,0,2.21,-0.20999999999999996,Ross Barkley
161,Roméo,Lavia,Lavia,MID,Chelsea,4,5000000,Hull City (H),2,68,0,0,0,2,0,0,0,0,0,0,0,9,0.0,0.07,0.0,0,2.21,-0.20999999999999996,Roméo Lavia
551,Nilson,N.Angulo,Angulo,MID,Sunderland,3,5000000,Brentford (A),2,63,0,0,0,1,0,0,0,0,0,0,0,5,0.0,0.07,0.0,0,2.21,-0.20999999999999996,Nilson Angulo
210,Adam,Wharton,Wharton,MID,Crystal Palace,2,5500000,Man City (H),2,90,0,0,0,4,0,0,0,0,0,0,0,7,0.0,0.07,0.0,0,2.21,-0.20999999999999996,Adam Wharton
545,Noah,Sadiki,Sadiki,MID,Sunderland,4,4900000,Arsenal (H),2,90,0,0,0,2,0,0,0,0,0,0,0,10,0.04,0.0,0.0,0,2.2,-0.20000000000000018,Noah Sadiki
184,Matt,Grimes,Grimes,MID,Coventry City,3,5000000,Man City (A),2,90,0,0,0,1,0,0,0,0,0,0,0,8,0.04,0.0,0.0,0,2.2,-0.20000000000000018,Matt Grimes
562,Daizen,Maeda,Maeda,MID,Ipswich Town,3,5500000,Liverpool (H),2,65,0,0,0,2,0,0,0,0,0,0,0,5,0.04,0.0,0.0,0,2.2,-0.20000000000000018,Daizen Maeda
222,Jørgen,Strand Larsen,Strand Larsen,FWD,Crystal Palace,2,6000000,Man City (H),2,62,0,0,0,3,0,0,0,0,0,0,0,4,0.05,0.0,0.0,0,2.2,-0.20000000000000018,Jørgen Strand Larsen
104,Frank,Onyeka,Onyeka,MID,Coventry City,4,4900000,Brighton (H),2,72,0,0,0,3,0,0,0,0,0,0,0,7,0.03,0.01,0.0,0,2.18,-0.18000000000000016,Frank Onyeka
46,Ross,Barkley,Barkley,MID,Aston Villa,4,5000000,Nott'm Forest (H),2,62,0,0,0,1,0,0,0,0,0,0,0,7,0.03,0.01,0.0,0,2.18,-0.18000000000000016,Ross Barkley
202,Chris,Richards,Richards,DEF,Crystal Palace,4,5000000,Ipswich Town (H),2,90,0,0,0,3,0,0,0,1,0,0,0,13,0.0,0.06,1.0,0,2.18,-0.18000000000000016,Chris Richards
387,Nico,O'Reilly,O'Reilly,DEF,Man City,2,6500000,Crystal Palace (A),2,88,0,0,0,1,0,0,0,0,0,0,0,1,0.02,0.02,0.0,0,2.18,-0.18000000000000016,Nico O'Reilly
184,Matt,Grimes,Grimes,MID,Coventry City,2,5000000,Hull City (H),2,90,0,0,0,1,0,0,0,0,0,0,0,10,0.01,0.04,0.0,0,2.17,-0.16999999999999993,Matt Grimes
401,Omar,Marmoush,Marmoush,FWD,Spurs,4,7000000,Everton (H),2,76,0,0,1,0,0,0,0,0,0,0,0,5,0.02,0.03,0.0,0,2.17,-0.16999999999999993,Omar Marmoush
26,Kai,Havertz,Havertz,FWD,Arsenal,2,7500000,Aston Villa (A),2,90,0,0,1,0,0,0,0,0,0,0,0,5,0.02,0.03,0.0,0,2.17,-0.16999999999999993,Kai Havertz
47,Boubacar,Kamara,Kamara,MID,Aston Villa,4,5000000,Nott'm Forest (H),2,90,0,0,0,2,0,0,0,0,0,0,0,5,0.0,0.05,0.0,0,2.15,-0.1499999999999999,Boubacar Kamara
588,Anan,Khalaili,Khalaili,DEF,Crystal Palace,2,5000000,Man City (H),2,74,0,0,0,3,0,0,0,1,0,0,0,14,0.02,0.0,1.0,0,2.12,-0.1200000000000001,Anan Khalaili
261,Alex,Iwobi,Iwobi,MID,Fulham,1,5500000,Chelsea (H),2,90,0,0,0,3,0,0,0,0,0,0,0,10,0.0,0.04,0.0,0,2.12,-0.1200000000000001,Alex Iwobi
43,Youri,Tielemans,Tielemans,MID,Man Utd,4,5900000,Man City (H),2,66,0,0,0,1,0,0,0,0,0,0,0,5,0.0,0.04,0.0,0,2.12,-0.1200000000000001,Youri Tielemans
388,Marc,Guéhi,Guéhi,DEF,Man City,2,6000000,Crystal Palace (A),2,90,0,0,0,1,0,0,0,0,0,0,0,5,0.0,0.04,0.0,0,2.12,-0.1200000000000001,Marc Guéhi
552,Brian,Brobbey,Brobbey,FWD,Sunderland,2,6000000,Fulham (H),2,63,0,0,1,0,0,0,0,0,0,0,0,4,0.03,0.0,0.0,0,2.12,-0.1200000000000001,Brian Brobbey
236,Kiernan,Dewsbury-Hall,Dewsbury-Hall,MID,Everton,4,6500000,Spurs (A),2,90,0,0,1,0,0,0,0,1,0,0,0,6,0.17,0.09,0.0,0,2.12,-0.1200000000000001,Kiernan Dewsbury-Hall
644,Quinten,Timber,Timber,MID,Crystal Palace,3,5000000,Fulham (A),2,73,0,0,0,2,0,0,0,0,0,0,0,6,0.02,0.0,0.0,0,2.1,-0.10000000000000009,Quinten Timber
462,Sean,Steur,Steur,MID,Newcastle,4,4900000,Leeds (A),2,71,0,0,0,4,0,0,0,0,0,0,0,7,0.0,0.03,0.0,0,2.09,-0.08999999999999986,Sean Steur
47,Boubacar,Kamara,Kamara,MID,Aston Villa,2,5000000,Arsenal (H),2,90,0,0,0,1,0,0,0,0,0,0,0,8,0.0,0.03,0.0,0,2.09,-0.08999999999999986,Boubacar Kamara
244,Harrison,Armstrong,Armstrong,MID,Everton,2,5000000,Bournemouth (A),2,86,0,0,0,1,0,0,0,0,0,0,0,9,0.0,0.03,0.0,0,2.09,-0.08999999999999986,Harrison Armstrong
542,Enzo,E.Le Fée,Le Fée,MID,Sunderland,1,6000000,Ipswich Town (A),2,79,0,0,0,1,0,0,0,0,0,0,0,2,0.0,0.03,0.0,0,2.09,-0.08999999999999986,Enzo Le Fée
423,Luke,Shaw,Shaw,DEF,Man Utd,2,4500000,Ipswich Town (H),2,72,0,0,0,1,0,0,0,0,0,0,0,8,0.0,0.02,0.0,0,2.06,-0.06000000000000005,Luke Shaw
194,Brandon,Thomas-Asante,Thomas-Asante,FWD,Coventry City,1,5000000,Arsenal (A),2,69,0,0,0,3,0,0,0,0,0,0,0,6,0.0,0.02,0.0,0,2.06,-0.06000000000000005,Brandon Thomas-Asante
267,Saša,Lukić,Lukić,MID,Ipswich Town,3,5000000,Liverpool (H),2,90,0,0,0,2,0,0,0,0,0,0,0,4,0.0,0.02,0.0,0,2.06,-0.06000000000000005,Saša Lukić
309,Marcelino,Núñez,Núñez,MID,Ipswich Town,2,5000000,Man Utd (A),2,61,0,0,0,3,0,0,0,0,0,0,0,9,0.0,0.02,0.0,0,2.06,-0.06000000000000005,Marcelino Núñez
393,Abdukodir,Khusanov,Khusanov,DEF,Man City,1,5500000,Bournemouth (H),2,90,0,0,0,1,0,0,0,0,0,0,0,4,0.0,0.02,0.0,0,2.06,-0.06000000000000005,Abdukodir Khusanov
393,Abdukodir,Khusanov,Khusanov,DEF,Man City,2,5500000,Crystal Palace (A),2,88,0,0,0,1,0,0,0,0,0,0,0,7,0.0,0.02,0.0,0,2.06,-0.06000000000000005,Abdukodir Khusanov
459,Lewis,L.Miley,Miley,MID,Newcastle,3,5500000,Bournemouth (H),2,62,0,0,0,2,0,0,0,0,0,0,0,4,0.0,0.02,0.0,0,2.06,-0.06000000000000005,Lewis Miley
516,Rodrigo,Bentancur,Bentancur,MID,Spurs,2,5500000,Newcastle (H),2,90,0,0,0,2,0,0,0,0,0,0,0,11,0.0,0.02,0.0,0,2.06,-0.06000000000000005,Rodrigo Bentancur
534,Trai,Hume,Hume,DEF,Sunderland,1,4500000,Ipswich Town (A),2,79,0,0,0,1,0,0,0,0,0,0,0,4,0.04,0.27,1.0,0,2.05,-0.04999999999999982,Trai Hume
259,Issa,Diop,Diop,DEF,Ipswich Town,1,4000000,Sunderland (H),2,90,0,0,0,1,0,0,0,0,0,0,0,5,0.0,0.01,0.0,0,2.03,-0.029999999999999805,Issa Diop
305,Leif,Davis,Davis,DEF,Ipswich Town,1,4000000,Sunderland (H),2,90,0,0,0,1,0,0,0,0,0,0,0,7,0.0,0.01,0.0,0,2.03,-0.029999999999999805,Leif Davis
34,Pau,Pau,Torres,DEF,Aston Villa,2,4500000,Arsenal (H),2,90,0,0,0,1,0,0,0,0,0,0,0,4,0.0,0.01,0.0,0,2.03,-0.029999999999999805,Pau Torres
51,George,George Hemmings,Hemmings,MID,Aston Villa,2,4500000,Arsenal (H),2,70,0,0,0,1,0,0,0,0,0,0,0,6,0.0,0.01,0.0,0,2.03,-0.029999999999999805,George Hemmings
330,Jayden,Bogle,Bogle,DEF,Leeds,2,4500000,Brentford (H),2,67,0,0,0,1,0,0,0,0,0,0,0,7,0.0,0.01,0.0,0,2.03,-0.029999999999999805,Jayden Bogle
473,Ola,Aina,Aina,DEF,Nott'm Forest,4,4500000,Aston Villa (A),2,90,0,0,0,1,0,0,0,0,0,0,0,8,0.0,0.01,0.0,0,2.03,-0.029999999999999805,Ola Aina
536,Reinildo,Reinildo,Mandava,DEF,Sunderland,3,4500000,Brentford (A),2,90,0,0,0,1,0,0,0,0,0,0,0,7,0.0,0.01,0.0,0,2.03,-0.029999999999999805,Reinildo Mandava
564,Kjell,Scherpen,Scherpen,GK,Ipswich Town,2,4500000,Man Utd (A),2,90,0,0,0,5,0,0,0,0,0,6,0,0,0.0,0.01,2.0,0,2.03,-0.029999999999999805,Kjell Scherpen
104,Frank,Onyeka,Onyeka,MID,Coventry City,1,5000000,Arsenal (A),2,90,0,0,0,3,0,0,0,0,0,0,0,9,0.0,0.01,0.0,0,2.03,-0.029999999999999805,Frank Onyeka
184,Matt,Grimes,Grimes,MID,Coventry City,1,5000000,Arsenal (A),2,90,0,0,0,3,0,0,0,0,0,0,0,7,0.0,0.01,0.0,0,2.03,-0.029999999999999805,Matt Grimes
195,Ellis,Simms,Simms,FWD,Coventry City,1,5000000,Arsenal (A),2,69,0,0,0,3,0,0,0,0,0,0,0,3,0.0,0.01,0.0,0,2.03,-0.029999999999999805,Ellis Simms
246,Merlin,Röhl,Röhl,MID,Everton,2,5000000,Bournemouth (A),2,85,0,0,0,1,0,0,0,0,0,0,0,9,0.0,0.01,0.0,0,2.03,-0.029999999999999805,Merlin Röhl
522,Archie,Gray,Gray,MID,Spurs,1,5000000,Brentford (A),2,85,0,0,0,3,0,0,0,0,0,0,0,5,0.0,0.01,0.0,0,2.03,-0.029999999999999805,Archie Gray
597,Zion,Suzuki,Suzuki,GK,Aston Villa,4,5000000,Nott'm Forest (H),2,90,0,0,0,2,0,0,0,0,0,5,0,0,0.0,0.01,1.0,0,2.03,-0.029999999999999805,Zion Suzuki
210,Adam,Wharton,Wharton,MID,Crystal Palace,3,5500000,Fulham (A),2,90,0,0,0,2,0,0,0,0,0,0,0,8,0.0,0.01,0.0,0,2.03,-0.029999999999999805,Adam Wharton
338,Ethan,Ampadu,Ampadu,MID,Leeds,3,5500000,Brighton (A),2,90,0,0,0,1,0,0,0,0,0,0,0,11,0.0,0.01,0.0,0,2.03,-0.029999999999999805,Ethan Ampadu
405,Nico,N.Gonzalez,González Iglesias,MID,Newcastle,3,5500000,Bournemouth (H),2,76,0,0,0,2,0,0,0,0,0,0,0,7,0.0,0.01,0.0,0,2.03,-0.029999999999999805,Nico González Iglesias
41,Emiliano,Buendía,Buendía Stati,MID,Aston Villa,4,5900000,Nott'm Forest (H),2,62,0,0,0,1,0,0,0,0,0,0,0,5,0.0,0.01,0.0,0,2.03,-0.029999999999999805,Emiliano Buendía Stati
526,Dominic,Solanke,Solanke-Mitchell,FWD,Spurs,4,5900000,Everton (H),2,62,0,0,1,0,0,0,0,0,0,0,0,2,0.0,0.01,0.0,0,2.03,-0.029999999999999805,Dominic Solanke-Mitchell
69,Alex,Scott,Scott,MID,Bournemouth,1,6000000,Man City (A),2,90,0,0,0,2,0,0,0,0,0,0,0,11,0.0,0.01,0.0,0,2.03,-0.029999999999999805,Alex Scott
200,Maxence,Lacroix,Lacroix,DEF,Chelsea,3,6000000,Arsenal (A),2,90,0,0,0,2,0,0,0,1,0,0,0,11,0.0,0.01,1.0,0,2.03,-0.029999999999999805,Maxence Lacroix
182,Aurèle,Amenda,Amenda,DEF,Coventry City,3,4000000,Man City (A),2,90,0,0,0,1,0,0,0,0,0,0,0,3,0.0,0.34,1.0,0,2.02,-0.020000000000000018,Aurèle Amenda
259,Issa,Diop,Diop,DEF,Ipswich Town,2,4000000,Man Utd (A),2,90,0,0,0,5,0,0,0,0,0,0,0,12,0.0,0.0,2.0,0,2.0,0.0,Issa Diop
306,Jacob,Greaves,Greaves,DEF,Ipswich Town,1,4000000,Sunderland (H),2,90,0,0,0,1,0,0,0,0,0,0,0,7,0.0,0.0,0.0,0,2.0,0.0,Jacob Greaves
51,George,George Hemmings,Hemmings,MID,Aston Villa,1,4500000,Brighton (A),2,90,0,0,0,4,0,0,0,0,0,0,0,5,0.0,0.0,0.0,0,2.0,0.0,George Hemmings
57,Đorđe,Petrović,Petrović,GK,Bournemouth,1,4500000,Man City (A),2,90,0,0,0,2,0,0,0,0,0,4,0,0,0.0,0.0,1.0,0,2.0,0.0,Đorđe Petrović
110,Carl,Rushworth,Rushworth,GK,Coventry City,2,4500000,Hull City (H),2,90,0,0,0,1,0,0,0,0,0,1,0,0,0.0,0.0,0.0,0,2.0,0.0,Carl Rushworth
199,Walter,Benitez,Benítez,GK,Crystal Palace,4,4500000,Ipswich Town (H),2,90,0,0,0,3,0,0,0,0,0,3,0,0,0.0,0.0,1.0,0,2.0,0.0,Walter Benítez
250,Bernd,Leno,Leno,GK,Fulham,1,4500000,Chelsea (H),2,90,0,0,0,3,0,0,0,0,0,3,0,0,0.0,0.0,1.0,0,2.0,0.0,Bernd Leno
564,Kjell,Scherpen,Scherpen,GK,Ipswich Town,1,4500000,Sunderland (H),2,90,0,0,0,1,0,0,0,0,0,2,0,0,0.0,0.0,0.0,0,2.0,0.0,Kjell Scherpen
47,Boubacar,Kamara,Kamara,MID,Aston Villa,1,5000000,Brighton (A),2,90,0,0,0,4,0,0,0,0,0,0,0,7,0.0,0.0,0.0,0,2.0,0.0,Boubacar Kamara
82,Caoimhín,Kelleher,Kelleher,GK,Brentford,2,5000000,Leeds (A),2,90,0,0,0,1,0,0,0,0,0,1,0,0,0.0,0.0,0.0,0,2.0,0.0,Caoimhín Kelleher
104,Frank,Onyeka,Onyeka,MID,Coventry City,3,5000000,Man City (A),2,62,0,0,0,1,0,0,0,0,0,0,0,3,0.0,0.0,0.0,0,2.0,0.0,Frank Onyeka
198,Dean,Henderson,Henderson,GK,Crystal Palace,3,5000000,Fulham (A),2,90,0,0,0,2,0,0,0,0,0,5,0,0,0.0,0.0,1.0,0,2.0,0.0,Dean Henderson
412,Senne,Lammens,Lammens,GK,Man Utd,2,5000000,Ipswich Town (H),2,90,0,0,0,2,0,0,0,0,0,3,0,0,0.0,0.0,1.0,0,2.0,0.0,Senne Lammens
412,Senne,Lammens,Lammens,GK,Man Utd,4,5000000,Man City (H),2,90,0,0,0,1,0,0,0,0,0,1,0,0,0.0,0.0,0.0,0,2.0,0.0,Senne Lammens
529,Robin,Roefs,Roefs,GK,Sunderland,3,5000000,Brentford (A),2,90,0,0,0,1,0,0,0,0,0,1,0,0,0.0,0.0,0.0,0,2.0,0.0,Robin Roefs
529,Robin,Roefs,Roefs,GK,Sunderland,4,5000000,Arsenal (H),2,90,0,0,0,2,0,0,0,0,0,3,0,0,0.0,0.0,1.0,0,2.0,0.0,Robin Roefs
551,Nilson,N.Angulo,Angulo,MID,Sunderland,4,5000000,Arsenal (H),2,69,0,0,0,1,0,0,0,0,0,0,0,3,0.0,0.0,0.0,0,2.0,0.0,Nilson Angulo
566,António João,Silva,Pereira de Albuquerque Tavares da Silva,DEF,Bournemouth,1,5000000,Man City (A),2,90,0,0,0,2,0,0,0,1,0,0,0,13,0.0,0.0,1.0,0,2.0,0.0,António João Pereira de Albuquerque Tavares da Silva
597,Zion,Suzuki,Suzuki,GK,Aston Villa,2,5000000,Arsenal (H),2,90,0,0,0,1,0,0,0,0,0,1,0,0,0.0,0.0,0.0,0,2.0,0.0,Zion Suzuki
186,Ephron,Mason-Clark,Mason-Clark,MID,Coventry City,3,5400000,Man City (A),2,70,0,0,0,1,0,0,0,0,0,0,0,5,0.0,0.0,0.0,0,2.0,0.0,Ephron Mason-Clark
350,Alisson,A.Becker,Becker,GK,Liverpool,1,5500000,Newcastle (A),2,90,0,0,0,2,0,0,0,0,0,3,0,0,0.0,0.0,1.0,0,2.0,0.0,Alisson Becker
527,Richarlison,Richarlison,de Andrade,FWD,Spurs,1,6000000,Brentford (A),2,67,0,0,0,3,0,0,0,0,0,0,0,1,0.0,0.0,0.0,0,2.0,0.0,Richarlison de Andrade
114,Olivier,Boscagli,Boscagli,DEF,Brighton,3,4500000,Leeds (H),2,90,0,0,0,1,0,0,0,0,0,0,0,4,0.0,0.33,1.0,0,1.99,0.010000000000000009,Olivier Boscagli
105,Jaidon,Anthony,Anthony,MID,Brentford,2,6000000,Leeds (A),2,60,0,0,1,0,0,0,0,1,0,0,0,1,0.11,0.06,0.0,0,1.73,0.27,Jaidon Anthony
405,Nico,N.Gonzalez,González Iglesias,MID,Newcastle,2,5500000,Spurs (A),2,70,0,0,1,0,0,0,0,1,0,0,0,4,0.0,0.2,0.0,0,1.6,0.3999999999999999,Nico González Iglesias
372,Alexis,Mac Allister,Mac Allister,MID,Liverpool,3,5500000,Ipswich Town (A),2,83,0,0,1,0,0,0,0,1,0,0,0,11,0.08,0.02,0.0,0,1.46,0.54,Alexis Mac Allister
113,Ferdi,F.Kadıoğlu,Kadıoğlu,DEF,Brighton,3,4400000,Leeds (H),2,77,0,0,0,1,0,0,0,0,0,0,0,5,0.06,0.01,1.0,0,1.39,0.6100000000000001,Ferdi Kadıoğlu
176,Jay,Dasilva,Dasilva,DEF,Coventry City,3,4000000,Man City (A),2,84,0,0,0,1,0,0,0,0,0,0,0,7,0.0,0.08,1.0,0,1.24,0.76,Jay Dasilva
332,James,Justin,Justin,DEF,Leeds,2,4500000,Brentford (H),2,90,0,0,0,1,0,0,0,0,0,0,0,8,0.03,0.01,1.0,0,1.21,0.79,James Justin
254,Antonee,Robinson,Robinson,DEF,Fulham,2,4500000,Sunderland (A),2,90,0,0,0,1,0,0,0,0,0,0,0,3,0.0,0.02,1.0,0,1.06,0.94,Antonee Robinson
257,Calvin,Bassey,Bassey,DEF,Fulham,2,4500000,Sunderland (A),2,90,0,0,0,1,0,0,0,0,0,0,0,7,0.0,0.01,1.0,0,1.03,0.97,Calvin Bassey
290,Regan,Slater,Slater,MID,Hull City,2,4500000,Coventry City (A),2,90,0,0,1,0,0,0,0,1,0,0,0,10,0.0,0.01,0.0,0,1.03,0.97,Regan Slater
589,Lucas,Gourna-Douath,Gourna-Douath,MID,Hull City,3,5000000,Aston Villa (H),2,81,0,0,1,0,0,0,0,1,0,0,0,10,0.0,0.01,0.0,0,1.03,0.97,Lucas Gourna-Douath
87,Kristoffer,Ajer,Ajer,DEF,Brentford,3,4500000,Sunderland (H),2,90,0,0,0,1,0,0,0,0,0,0,0,5,0.0,0.0,1.0,0,1.0,1.0,Kristoffer Ajer
110,Carl,Rushworth,Rushworth,GK,Coventry City,3,4500000,Man City (A),2,90,0,0,0,1,0,0,0,0,0,2,0,0,0.0,0.0,1.0,0,1.0,1.0,Carl Rushworth
289,Matt,Crooks,Crooks,MID,Hull City,1,4500000,Man Utd (H),2,90,0,0,1,0,0,0,0,1,0,0,0,9,0.0,0.0,0.0,0,1.0,1.0,Matt Crooks
331,Gabriel,Gudmundsson,Gudmundsson,DEF,Leeds,3,4500000,Brighton (A),2,90,0,0,0,1,0,0,0,0,0,0,0,5,0.0,0.0,1.0,0,1.0,1.0,Gabriel Gudmundsson
496,Antonín,Kinsky,Kinský,GK,Spurs,1,4500000,Brentford (A),2,90,0,0,0,3,0,0,0,0,0,5,0,0,0.0,0.0,2.0,0,1.0,1.0,Antonín Kinský
82,Caoimhín,Kelleher,Kelleher,GK,Brentford,3,5000000,Sunderland (H),2,90,0,0,0,1,0,0,0,0,0,2,0,0,0.0,0.0,1.0,0,1.0,1.0,Caoimhín Kelleher
224,Eddie,Nketiah,Nketiah,FWD,Crystal Palace,1,5500000,Everton (A),1,55,0,0,0,2,0,0,0,0,0,0,0,3,0.6,0.58,0.0,2,8.14,-7.140000000000001,Eddie Nketiah
483,Dan,Ndoye,Ndoye,MID,Nott'm Forest,4,5500000,Aston Villa (A),1,74,0,0,0,1,0,0,0,1,0,0,0,2,0.7,0.25,0.0,2,7.25,-6.25,Dan Ndoye
124,Pascal,Groß,Groß,MID,Brighton,3,5500000,Leeds (H),1,90,0,0,0,1,0,0,0,1,0,0,0,4,0.79,0.04,0.0,2,7.07,-6.07,Pascal Groß
617,Mohamed-Ali,Cho,Cho,MID,Hull City,4,5000000,Chelsea (A),1,30,0,0,0,1,0,0,0,0,0,0,0,2,0.47,0.16,0.0,3,6.83,-5.83,Mohamed-Ali Cho
57,Đorđe,Petrović,Petrović,GK,Bournemouth,4,4500000,Brentford (H),1,90,0,0,0,2,0,0,0,0,0,0,0,0,0.0,0.0,0.0,0,6.0,-5.0,Đorđe Petrović
499,Pedro,Pedro Porro,Porro Sauceda,DEF,Spurs,2,5500000,Newcastle (H),1,90,0,0,0,2,0,0,0,0,0,0,0,4,0.33,0.1,0.0,1,5.28,-4.28,Pedro Porro Sauceda
398,Phil,Foden,Foden,MID,Man City,3,7000000,Coventry City (H),1,24,0,0,0,0,0,0,0,0,0,0,0,1,0.62,0.01,0.0,1,5.13,-4.13,Phil Foden
258,Timothy,Castagne,Castagne,DEF,Fulham,3,4500000,Crystal Palace (H),1,90,0,0,0,3,0,0,0,0,0,0,0,7,0.58,0.19,1.0,0,5.05,-4.05,Timothy Castagne
474,Jair,Jair Cunha,Paula da Cunha Filho,DEF,Nott'm Forest,1,4500000,Leeds (H),1,90,0,0,0,1,0,0,0,1,0,0,0,8,0.0,0.0,0.0,0,5.0,-4.0,Jair Paula da Cunha Filho
186,Ephron,Mason-Clark,Mason-Clark,MID,Coventry City,4,5400000,Brighton (H),1,59,0,0,0,2,0,0,0,0,0,0,0,4,0.49,0.01,0.0,0,4.48,-3.4800000000000004,Ephron Mason-Clark
142,Reece,James,James,DEF,Chelsea,4,5400000,Hull City (H),1,90,0,0,0,2,0,0,0,0,0,0,0,4,0.16,0.14,0.0,1,4.38,-3.38,Reece James
491,Igor Jesus,Igor Jesus,Maciel da Cruz,FWD,Nott'm Forest,2,6000000,Liverpool (A),1,90,0,0,0,2,0,0,0,1,0,0,0,5,0.74,0.04,0.0,0,4.08,-3.08,Igor Jesus Maciel da Cruz
37,Victor,Lindelöf,Lindelöf,DEF,Aston Villa,4,4500000,Nott'm Forest (H),1,90,0,0,0,2,0,0,0,0,0,0,0,2,0.44,0.01,1.0,0,3.67,-2.67,Victor Lindelöf
422,Noussair,Mazraoui,Mazraoui,DEF,Man Utd,1,4500000,Hull City (A),1,79,0,0,0,2,0,0,0,0,0,0,0,5,0.22,0.05,0.0,0,3.47,-2.47,Noussair Mazraoui
418,Harry,Maguire,Maguire,DEF,Man Utd,1,5000000,Hull City (A),1,90,0,0,0,2,0,0,0,0,0,0,0,4,0.04,0.4,0.0,0,3.44,-2.44,Harry Maguire
346,Dominic,Calvert-Lewin,Calvert-Lewin,FWD,Leeds,3,6000000,Brighton (A),1,72,0,0,0,1,0,0,0,1,0,0,0,3,0.56,0.06,0.0,0,3.42,-2.42,Dominic Calvert-Lewin
395,Rico,Lewis,Lewis,DEF,Man City,1,4500000,Bournemouth (H),1,56,0,0,0,1,0,0,0,0,0,0,0,2,0.17,0.02,0.0,0,3.08,-2.08,Rico Lewis
305,Leif,Davis,Davis,DEF,Ipswich Town,3,4000000,Liverpool (H),1,90,0,0,0,2,0,0,0,0,0,0,0,6,0.11,0.12,0.0,0,3.02,-2.02,Leif Davis
545,Noah,Sadiki,Sadiki,MID,Sunderland,3,5000000,Brentford (A),1,73,0,0,0,1,0,0,0,1,0,0,0,3,0.28,0.18,0.0,0,2.94,-1.94,Noah Sadiki
421,Ayden,Heaven,Heaven,DEF,Man Utd,1,4500000,Hull City (A),1,90,0,0,0,2,0,0,0,0,0,0,0,2,0.12,0.04,0.0,0,2.84,-1.8399999999999999,Ayden Heaven
280,Lewie,Coyle,Coyle,DEF,Hull City,4,4000000,Chelsea (A),1,81,0,0,0,2,0,0,0,0,0,0,0,3,0.13,0.01,0.0,0,2.81,-1.81,Lewie Coyle
313,Jack,Clarke,Clarke,MID,Ipswich Town,4,5400000,Crystal Palace (A),1,62,0,0,0,1,0,0,0,1,0,0,0,2,0.15,0.02,0.0,0,2.81,-1.81,Jack Clarke
398,Phil,Foden,Foden,MID,Man City,1,7000000,Bournemouth (H),1,81,0,0,0,1,0,0,0,1,0,0,0,6,0.12,0.4,0.0,0,2.8,-1.7999999999999998,Phil Foden
279,Semi,Ajayi,Ajayi,DEF,Hull City,4,4200000,Chelsea (A),1,90,0,0,0,2,0,0,0,0,0,0,0,3,0.13,0.0,0.0,0,2.78,-1.7799999999999998,Semi Ajayi
423,Luke,Shaw,Shaw,DEF,Man Utd,1,4500000,Hull City (A),1,90,0,0,0,2,0,0,0,0,0,0,0,4,0.0,0.26,0.0,0,2.78,-1.7799999999999998,Luke Shaw
112,Jan Paul,Van Hecke,van Hecke,DEF,Spurs,2,5000000,Newcastle (H),1,90,0,0,0,2,0,0,0,0,0,0,0,8,0.11,0.03,0.0,0,2.75,-1.75,Jan Paul van Hecke
593,Amar,Dedić,Dedic,DEF,Newcastle,3,4500000,Bournemouth (H),1,90,0,0,0,2,0,0,0,0,0,0,0,1,0.11,0.02,0.0,0,2.72,-1.7200000000000002,Amar Dedic
190,Loum,Tchaouna,Tchaouna,MID,Coventry City,2,5500000,Hull City (H),1,58,0,0,0,0,0,0,0,0,0,0,0,6,0.05,0.13,0.0,0,2.64,-1.6400000000000001,Loum Tchaouna
86,Keane,Lewis-Potter,Lewis-Potter,MID,Brentford,4,5500000,Bournemouth (A),1,59,0,0,0,2,0,0,0,0,0,0,0,2,0.03,0.13,0.0,0,2.54,-1.54,Keane Lewis-Potter
271,Rodrigo,Muniz,Muniz Carvalho,FWD,Fulham,3,5500000,Crystal Palace (H),1,7,0,0,0,0,0,0,0,0,0,0,0,0,0.38,0.0,0.0,0,2.52,-1.52,Rodrigo Muniz Carvalho
377,Victor,Munoz,Munoz,MID,Liverpool,4,6500000,Fulham (H),1,59,0,0,0,0,0,0,0,0,0,0,0,2,0.1,0.0,0.0,0,2.5,-1.5,Victor Munoz
447,Sven,Botman,Botman,DEF,Newcastle,3,5000000,Bournemouth (H),1,90,0,0,0,2,0,0,0,0,0,0,0,9,0.0,0.16,0.0,0,2.48,-1.48,Sven Botman
144,Malo,Gusto,Gusto,DEF,Chelsea,4,5000000,Hull City (H),1,77,0,0,0,2,0,0,0,0,0,0,0,5,0.04,0.07,0.0,0,2.45,-1.4500000000000002,Malo Gusto
269,Ryan,Sessegnon,Sessegnon,DEF,Fulham,3,4500000,Crystal Palace (H),1,11,0,0,0,0,0,0,0,0,0,0,0,1,0.08,0.32,0.0,0,2.44,-1.44,Ryan Sessegnon
26,Kai,Havertz,Havertz,FWD,Arsenal,4,7500000,Sunderland (A),1,90,0,0,1,0,0,0,0,1,0,0,0,2,0.34,0.02,0.0,0,2.42,-1.42,Kai Havertz
259,Issa,Diop,Diop,DEF,Ipswich Town,4,4000000,Crystal Palace (A),1,90,0,0,0,2,0,0,0,0,0,0,0,7,0.0,0.13,0.0,0,2.39,-1.3900000000000001,Issa Diop
246,Merlin,Röhl,Röhl,MID,Everton,3,5000000,Man Utd (H),1,74,0,0,0,1,0,0,0,1,0,0,0,6,0.0,0.13,0.0,0,2.39,-1.3900000000000001,Merlin Röhl
209,Brennan,Johnson,Johnson,MID,Everton,3,5900000,Man Utd (H),1,65,0,0,0,1,0,0,0,1,0,0,0,8,0.05,0.04,0.0,0,2.37,-1.37,Brennan Johnson
203,Jaydee,Canvot,Canvot,DEF,Crystal Palace,1,5000000,Everton (A),1,90,0,0,0,2,0,0,0,0,0,0,0,8,0.05,0.01,0.0,0,2.33,-1.33,Jaydee Canvot
70,Justin,Kluivert,Kluivert,MID,Bournemouth,3,6000000,Newcastle (A),1,75,0,0,0,1,0,0,0,1,0,0,0,4,0.06,0.01,0.0,0,2.33,-1.33,Justin Kluivert
635,Hugo,Larsson,Larsson,MID,Fulham,3,5000000,Crystal Palace (H),1,11,0,0,0,0,0,0,0,0,0,0,0,1,0.13,0.22,0.0,0,2.31,-1.31,Hugo Larsson
267,Saša,Lukić,Lukić,MID,Ipswich Town,4,5000000,Crystal Palace (A),1,76,0,0,0,2,0,0,0,1,0,0,0,10,0.0,0.1,0.0,0,2.3,-1.2999999999999998,Saša Lukić
105,Jaidon,Anthony,Anthony,MID,Brentford,4,6000000,Bournemouth (A),1,59,0,0,0,2,0,0,0,0,0,0,0,11,0.0,0.1,0.0,0,2.3,-1.2999999999999998,Jaidon Anthony
90,Aaron,Hickey,Hickey,DEF,Brentford,4,4500000,Bournemouth (A),1,70,0,0,0,2,0,0,0,0,0,0,0,7,0.03,0.03,0.0,0,2.27,-1.27,Aaron Hickey
591,Julio,Enciso,Enciso,MID,Ipswich Town,3,5500000,Liverpool (H),1,90,0,0,0,2,0,0,0,1,0,0,0,5,0.24,0.02,0.0,0,2.26,-1.2599999999999998,Julio Enciso
304,Dara,O'Shea,O'Shea,DEF,Ipswich Town,4,4000000,Crystal Palace (A),1,90,0,0,0,2,0,0,0,0,0,0,0,9,0.0,0.08,0.0,0,2.24,-1.2400000000000002,Dara O'Shea
343,Daniel,James,James,MID,Leeds,2,5000000,Brentford (H),1,22,0,0,0,0,0,0,0,0,0,0,0,2,0.24,0.01,0.0,0,2.23,-1.23,Daniel James
371,Ryan,Gravenberch,Gravenberch,MID,Liverpool,4,5900000,Fulham (H),1,59,0,0,0,0,0,0,0,0,0,0,0,10,0.04,0.01,0.0,0,2.23,-1.23,Ryan Gravenberch
195,Ellis,Simms,Simms,FWD,Coventry City,3,5000000,Man City (A),1,19,0,0,0,0,0,0,0,0,0,0,0,0,0.3,0.0,0.0,0,2.2,-1.2000000000000002,Ellis Simms
105,Jaidon,Anthony,Anthony,MID,Brentford,1,6000000,Spurs (H),1,23,0,0,0,0,0,0,0,0,0,0,0,8,0.03,0.35,0.0,0,2.2,-1.2000000000000002,Jaidon Anthony
204,Tyrick,Mitchell,Mitchell,DEF,Crystal Palace,4,4500000,Ipswich Town (H),1,76,0,0,0,2,0,0,0,0,0,0,0,1,0.0,0.06,0.0,0,2.18,-1.1800000000000002,Tyrick Mitchell
186,Ephron,Mason-Clark,Mason-Clark,MID,Coventry City,2,5500000,Hull City (H),1,57,0,0,0,0,0,0,0,0,0,0,0,4,0.0,0.06,0.0,0,2.18,-1.1800000000000002,Ephron Mason-Clark
36,Ian,Maatsen,Maatsen,DEF,Aston Villa,4,4500000,Nott'm Forest (H),1,90,0,0,0,2,0,0,0,0,0,0,0,4,0.18,0.03,1.0,0,2.17,-1.17,Ian Maatsen
148,Jorrel,Hato,Hato,DEF,Chelsea,1,4500000,Fulham (A),1,64,0,0,0,2,0,0,0,0,0,0,0,3,0.01,0.03,0.0,0,2.15,-1.15,Jorrel Hato
566,António João,Silva,Pereira de Albuquerque Tavares da Silva,DEF,Bournemouth,3,5000000,Newcastle (A),1,90,0,0,0,2,0,0,0,0,0,0,0,8,0.02,0.01,0.0,0,2.15,-1.15,António João Pereira de Albuquerque Tavares da Silva
315,Abdul,Fatawu,Fatawu,MID,Ipswich Town,4,5500000,Crystal Palace (A),1,61,0,0,0,1,0,0,0,1,0,0,0,7,0.0,0.05,0.0,0,2.15,-1.15,Abdul Fatawu
161,Roméo,Lavia,Lavia,MID,Chelsea,1,5000000,Fulham (A),1,64,0,0,0,2,0,0,0,1,0,0,0,9,0.21,0.03,0.0,0,2.14,-1.1400000000000001,Roméo Lavia
306,Jacob,Greaves,Greaves,DEF,Ipswich Town,3,4000000,Liverpool (H),1,90,0,0,0,2,0,0,0,0,0,0,0,7,0.0,0.04,0.0,0,2.12,-1.12,Jacob Greaves
200,Maxence,Lacroix,Lacroix,DEF,Chelsea,2,6000000,Brighton (H),1,90,0,0,0,3,0,0,0,0,0,0,0,9,0.02,0.0,0.0,0,2.12,-1.12,Maxence Lacroix
544,Granit,Xhaka,Xhaka,MID,Sunderland,4,5500000,Arsenal (H),1,90,0,0,0,2,0,0,0,1,0,0,0,11,0.0,0.37,0.0,0,2.11,-1.1099999999999999,Granit Xhaka
347,Lukas,Nmecha,Nmecha,FWD,Leeds,3,5500000,Brighton (A),1,17,0,0,0,0,0,0,0,0,0,0,0,0,0.17,0.14,0.0,0,2.1,-1.1,Lukas Nmecha
144,Malo,Gusto,Gusto,DEF,Chelsea,1,5000000,Fulham (A),1,75,0,0,0,2,0,0,0,0,0,0,0,3,0.0,0.03,0.0,0,2.09,-1.0899999999999999,Malo Gusto
145,Wesley,Fofana,Fofana,DEF,Chelsea,4,5000000,Hull City (H),1,85,0,0,0,2,0,0,0,0,0,0,0,6,0.0,0.03,0.0,0,2.09,-1.0899999999999999,Wesley Fofana
472,Murillo,Murillo,Costa dos Santos,DEF,Nott'm Forest,2,5500000,Liverpool (A),1,90,0,0,0,2,0,0,0,0,0,0,0,6,0.18,0.0,1.0,0,2.08,-1.08,Murillo Costa dos Santos
68,Marcus,Tavernier,Tavernier,MID,Bournemouth,2,6000000,Everton (H),1,90,0,0,0,1,0,0,0,1,0,0,0,11,0.09,0.21,0.0,0,2.08,-1.08,Marcus Tavernier
586,Nobel,Mendy,Mendy,DEF,Hull City,2,4000000,Coventry City (A),1,58,0,0,0,0,0,0,0,0,0,0,0,9,0.01,0.0,0.0,0,2.06,-1.06,Nobel Mendy
362,Jeremy,Jacquet,Jacquet,DEF,Liverpool,1,5000000,Newcastle (A),1,69,0,0,0,2,0,0,0,0,0,0,0,3,0.0,0.02,0.0,0,2.06,-1.06,Jeremy Jacquet
60,James,Hill,Hill,DEF,Bournemouth,3,5500000,Newcastle (A),1,90,0,0,0,2,0,0,0,0,0,0,0,6,0.0,0.02,0.0,0,2.06,-1.06,James Hill
576,Elliot,Stroud,Stroud,MID,Hull City,4,5000000,Chelsea (A),1,59,0,0,0,1,0,0,0,0,0,0,0,5,0.01,0.0,0.0,0,2.05,-1.0499999999999998,Elliot Stroud
520,Lucas,Bergvall,Bergvall,MID,Spurs,4,5400000,Everton (H),1,27,0,0,0,0,0,0,0,0,0,0,0,4,0.06,0.25,0.0,0,2.05,-1.0499999999999998,Lucas Bergvall
306,Jacob,Greaves,Greaves,DEF,Ipswich Town,4,4000000,Crystal Palace (A),1,87,0,0,0,2,0,0,0,0,0,0,0,6,0.0,0.01,0.0,0,2.03,-1.0299999999999998,Jacob Greaves
204,Tyrick,Mitchell,Mitchell,DEF,Crystal Palace,1,4500000,Everton (A),1,90,0,0,0,2,0,0,0,0,0,0,0,5,0.0,0.01,0.0,0,2.03,-1.0299999999999998,Tyrick Mitchell
206,Chadi,Chadi Riad,Riad Dnanou,DEF,Crystal Palace,1,4500000,Everton (A),1,72,0,0,0,2,0,0,0,0,0,0,0,7,0.0,0.01,0.0,0,2.03,-1.0299999999999998,Chadi Riad Dnanou
233,Vitalii,Mykolenko,Mykolenko,DEF,Everton,3,4500000,Man Utd (H),1,90,0,0,0,2,0,0,0,0,0,0,0,6,0.0,0.01,0.0,0,2.03,-1.0299999999999998,Vitalii Mykolenko
149,Levi,Colwill,Samuels Colwill,DEF,Chelsea,4,4900000,Hull City (H),1,90,0,0,0,2,0,0,0,0,0,0,0,6,0.0,0.01,0.0,0,2.03,-1.0299999999999998,Levi Samuels Colwill
144,Malo,Gusto,Gusto,DEF,Chelsea,2,5000000,Brighton (H),1,90,0,0,0,3,0,0,0,0,0,0,0,5,0.0,0.01,0.0,0,2.03,-1.0299999999999998,Malo Gusto
161,Roméo,Lavia,Lavia,MID,Chelsea,3,5000000,Arsenal (A),1,59,0,0,0,2,0,0,0,0,0,0,0,6,0.0,0.01,0.0,0,2.03,-1.0299999999999998,Roméo Lavia
222,Jørgen,Strand Larsen,Strand Larsen,FWD,Crystal Palace,1,6000000,Everton (A),1,27,0,0,0,0,0,0,0,0,0,0,0,0,0.25,0.01,0.0,0,2.03,-1.0299999999999998,Jørgen Strand Larsen
634,Matias,Fernandez-Pardo,Fernandez-Pardo,FWD,Newcastle,4,6000000,Leeds (A),1,57,0,0,0,3,0,0,0,0,0,0,0,2,0.0,0.01,0.0,0,2.03,-1.0299999999999998,Matias Fernandez-Pardo
586,Nobel,Mendy,Mendy,DEF,Hull City,4,4100000,Chelsea (A),1,58,0,0,0,1,0,0,0,0,0,0,0,7,0.0,0.0,0.0,0,2.0,-1.0,Nobel Mendy
57,Đorđe,Petrović,Petrović,GK,Bournemouth,3,4500000,Newcastle (A),1,90,0,0,0,2,0,0,0,0,0,0,0,0,0.0,0.0,0.0,0,2.0,-1.0,Đorđe Petrović
473,Ola,Aina,Aina,DEF,Nott'm Forest,3,4500000,Spurs (H),1,58,0,0,0,0,0,0,0,0,0,0,0,7,0.0,0.0,0.0,0,2.0,-1.0,Ola Aina
496,Antonín,Kinsky,Kinský,GK,Spurs,2,4500000,Newcastle (H),1,90,0,0,0,2,0,0,0,0,0,0,0,0,0.0,0.0,0.0,0,2.0,-1.0,Antonín Kinský
564,Kjell,Scherpen,Scherpen,GK,Ipswich Town,4,4500000,Crystal Palace (A),1,90,0,0,0,2,0,0,0,0,0,2,0,0,0.0,0.0,0.0,0,2.0,-1.0,Kjell Scherpen
598,Nico,Elvedi,Elvedi,DEF,Leeds,2,4500000,Brentford (H),1,56,0,0,0,1,0,0,0,0,0,0,0,6,0.0,0.0,0.0,0,2.0,-1.0,Nico Elvedi
149,Levi,Colwill,Samuels Colwill,DEF,Chelsea,2,5000000,Brighton (H),1,71,0,0,0,2,0,0,0,0,0,0,0,9,0.0,0.0,0.0,0,2.0,-1.0,Levi Samuels Colwill
198,Dean,Henderson,Henderson,GK,Crystal Palace,2,5000000,Man City (H),1,90,0,0,0,4,0,0,0,0,0,4,0,0,0.0,0.0,1.0,0,2.0,-1.0,Dean Henderson
412,Senne,Lammens,Lammens,GK,Man Utd,1,5000000,Hull City (A),1,90,0,0,0,2,0,0,0,0,0,2,0,0,0.0,0.0,0.0,0,2.0,-1.0,Senne Lammens
462,Sean,Steur,Steur,MID,Newcastle,1,5000000,Liverpool (H),1,55,0,0,0,1,0,0,0,0,0,0,0,2,0.0,0.0,0.0,0,2.0,-1.0,Sean Steur
567,Lukás,Horníček,Hornícek,GK,Newcastle,4,5000000,Leeds (A),1,90,0,0,0,4,0,0,0,0,0,3,0,0,0.0,0.0,1.0,0,2.0,-1.0,Lukás Hornícek
226,Jordan,Pickford,Pickford,GK,Everton,3,5500000,Man Utd (H),1,90,0,0,0,2,0,0,0,0,0,1,0,0,0.0,0.0,0.0,0,2.0,-1.0,Jordan Pickford
483,Dan,Ndoye,Ndoye,MID,Nott'm Forest,3,5500000,Spurs (H),1,58,0,0,0,0,0,0,0,0,0,0,0,5,0.0,0.0,0.0,0,2.0,-1.0,Dan Ndoye
194,Brandon,Thomas-Asante,Thomas-Asante,FWD,Coventry City,4,5000000,Brighton (H),1,17,0,0,0,2,0,0,0,0,0,0,0,0,0.21,0.03,0.0,0,1.93,-0.9299999999999999,Brandon Thomas-Asante
415,Patrick,Dorgu,Dorgu,MID,Man Utd,2,6000000,Ipswich Town (H),1,10,0,0,0,1,0,0,0,0,0,0,0,2,0.18,0.01,0.0,0,1.93,-0.9299999999999999,Patrick Dorgu
254,Antonee,Robinson,Robinson,DEF,Fulham,1,4500000,Chelsea (H),1,81,0,0,0,3,0,0,0,0,0,0,0,7,0.13,0.04,1.0,0,1.9,-0.8999999999999999,Antonee Robinson
536,Reinildo,Reinildo,Mandava,DEF,Sunderland,1,4500000,Ipswich Town (A),1,90,0,0,0,2,0,0,0,0,0,0,0,8,0.0,0.29,1.0,0,1.87,-0.8700000000000001,Reinildo Mandava
547,Romaine,Mundle,Mundle,MID,Sunderland,2,5000000,Fulham (H),1,1,0,0,0,0,0,0,0,0,0,0,0,1,0.17,0.0,0.0,0,1.85,-0.8500000000000001,Romaine Mundle
526,Dominic,Solanke,Solanke-Mitchell,FWD,Spurs,2,6000000,Newcastle (H),1,15,0,0,0,0,0,0,0,0,0,0,0,0,0.2,0.0,0.0,0,1.8,-0.8,Dominic Solanke-Mitchell
254,Antonee,Robinson,Robinson,DEF,Fulham,3,4500000,Crystal Palace (H),1,78,0,0,0,3,0,0,0,0,0,0,0,5,0.08,0.1,1.0,0,1.78,-0.78,Antonee Robinson
460,Joe,Willock,Willock,MID,Newcastle,4,5000000,Leeds (A),1,32,0,0,0,1,0,0,0,0,0,0,0,4,0.12,0.06,0.0,0,1.78,-0.78,Joe Willock
17,Mikel,Merino,Merino Zazón,MID,Arsenal,1,6000000,Coventry City (H),1,14,0,0,0,0,0,0,0,0,0,0,0,2,0.14,0.02,0.0,0,1.76,-0.76,Mikel Merino Zazón
643,Ben,Chilwell,Chilwell,DEF,Crystal Palace,4,4500000,Ipswich Town (H),1,13,0,0,0,1,0,0,0,0,0,0,0,1,0.12,0.01,0.0,0,1.75,-0.75,Ben Chilwell
418,Harry,Maguire,Maguire,DEF,Man Utd,4,4900000,Man City (H),1,90,0,0,0,1,0,0,0,1,0,0,0,5,0.12,0.01,0.0,0,1.75,-0.75,Harry Maguire
183,Jack,Rudoni,Rudoni,MID,Coventry City,1,5000000,Arsenal (A),1,20,0,0,0,0,0,0,0,0,0,0,0,5,0.15,0.0,0.0,0,1.75,-0.75,Jack Rudoni
119,João Pedro,Costinha,Loureiro da Costa,DEF,Brighton,1,4500000,Aston Villa (H),1,26,0,0,0,0,0,0,0,0,0,0,0,4,0.12,0.0,0.0,0,1.72,-0.72,João Pedro Loureiro da Costa
541,Thomas,Meunier,Meunier,DEF,Sunderland,1,4500000,Ipswich Town (A),1,90,0,0,0,2,0,0,0,0,0,0,0,4,0.08,0.08,1.0,0,1.72,-0.72,Thomas Meunier
138,Charalampos,Kostoulas,Kostoulas,FWD,Brighton,1,5500000,Aston Villa (H),1,26,0,0,0,0,0,0,0,0,0,0,0,2,0.18,0.0,0.0,0,1.72,-0.72,Charalampos Kostoulas
454,Anthony,Elanga,Elanga,MID,Newcastle,3,6100000,Bournemouth (H),1,76,0,0,0,2,0,0,0,1,0,0,0,4,0.0,0.23,0.0,0,1.69,-0.69,Anthony Elanga
526,Dominic,Solanke,Solanke-Mitchell,FWD,Spurs,3,5900000,Nott'm Forest (A),1,6,0,0,0,0,0,0,0,0,0,0,0,1,0.17,0.0,0.0,0,1.68,-0.6799999999999999,Dominic Solanke-Mitchell
154,Cole,Palmer,Palmer,MID,Chelsea,3,9600000,Arsenal (A),1,90,0,0,0,2,0,0,0,1,0,0,0,3,0.11,0.04,0.0,0,1.67,-0.6699999999999999,Cole Palmer
457,Jacob,J.Murphy,Murphy,MID,Newcastle,2,6000000,Spurs (A),1,8,0,0,0,0,0,0,0,0,0,0,0,3,0.0,0.2,0.0,0,1.6,-0.6000000000000001,Jacob Murphy
72,Ben,Gannon-Doak,Gannon-Doak,MID,Bournemouth,4,4900000,Brentford (H),1,8,0,0,0,0,0,0,0,0,0,0,0,4,0.1,0.03,0.0,0,1.59,-0.5900000000000001,Ben Gannon-Doak
190,Loum,Tchaouna,Tchaouna,MID,Coventry City,3,5500000,Man City (A),1,27,0,0,0,0,0,0,0,0,0,0,0,1,0.1,0.03,0.0,0,1.59,-0.5900000000000001,Loum Tchaouna
506,Destiny,Udogie,Udogie,DEF,Spurs,2,4500000,Newcastle (H),1,22,0,0,0,1,0,0,0,0,0,0,0,1,0.0,0.19,0.0,0,1.57,-0.5700000000000001,Destiny Udogie
142,Reece,James,James,DEF,Chelsea,3,5500000,Arsenal (A),1,90,0,0,0,2,0,0,0,0,0,0,0,3,0.07,0.05,1.0,0,1.57,-0.5700000000000001,Reece James
343,Daniel,James,James,MID,Leeds,4,5000000,Newcastle (H),1,7,0,0,0,1,0,0,0,0,0,0,0,2,0.11,0.0,0.0,0,1.55,-0.55,Daniel James
369,Rio,Ngumoha,Ngumoha,MID,Liverpool,4,5800000,Fulham (H),1,18,0,0,0,0,0,0,0,0,0,0,0,1,0.11,0.0,0.0,0,1.55,-0.55,Rio Ngumoha
244,Harrison,Armstrong,Armstrong,MID,Everton,3,5000000,Man Utd (H),1,90,0,0,0,2,0,0,0,1,0,0,0,5,0.09,0.03,0.0,0,1.54,-0.54,Harrison Armstrong
580,Shea,Charles,Charles,MID,Fulham,2,5000000,Sunderland (A),1,22,0,0,0,1,0,0,0,0,0,0,0,2,0.09,0.03,0.0,0,1.54,-0.54,Shea Charles
106,Igor Thiago,Thiago,Nascimento Rodrigues,FWD,Brentford,4,7900000,Bournemouth (A),1,90,0,0,0,2,0,0,0,1,0,0,0,1,0.11,0.03,0.0,0,1.53,-0.53,Igor Thiago Nascimento Rodrigues
346,Dominic,Calvert-Lewin,Calvert-Lewin,FWD,Leeds,1,6000000,Nott'm Forest (A),1,90,0,0,1,0,0,0,0,1,0,0,0,2,0.13,0.0,0.0,0,1.52,-0.52,Dominic Calvert-Lewin
490,Chris,Wood,Wood,FWD,Nott'm Forest,1,6000000,Leeds (H),1,28,0,0,0,1,0,0,0,0,0,0,0,1,0.12,0.01,0.0,0,1.51,-0.51,Chris Wood
621,Ryan,McAidoo,McAidoo,MID,Man City,2,4500000,Crystal Palace (A),1,8,0,0,0,0,0,0,0,0,0,0,0,0,0.1,0.0,0.0,0,1.5,-0.5,Ryan McAidoo
96,Mikkel,Damsgaard,Damsgaard,MID,Brentford,4,5500000,Bournemouth (A),1,30,0,0,0,0,0,0,0,0,0,0,0,4,0.1,0.0,0.0,0,1.5,-0.5,Mikkel Damsgaard
631,Ibrahim,Mbaye,Mbaye,MID,Aston Villa,4,6000000,Nott'm Forest (H),1,27,0,0,0,1,0,0,0,0,0,0,0,2,0.02,0.13,0.0,0,1.49,-0.49,Ibrahim Mbaye
238,Jack,Grealish,Grealish,MID,Everton,3,6500000,Man Utd (H),1,24,0,0,0,1,0,0,0,0,0,0,0,1,0.02,0.13,0.0,0,1.49,-0.49,Jack Grealish
119,João Pedro,Costinha,Loureiro da Costa,DEF,Brighton,3,4500000,Leeds (H),1,12,0,0,0,0,0,0,0,0,0,0,0,1,0.0,0.16,0.0,0,1.48,-0.48,João Pedro Loureiro da Costa
588,Anan,Khalaili,Khalaili,DEF,Crystal Palace,1,5000000,Everton (A),1,35,0,0,0,0,0,0,0,0,0,0,0,9,0.0,0.16,0.0,0,1.48,-0.48,Anan Khalaili
336,Noah,Okafor,Okafor,MID,Leeds,1,6000000,Nott'm Forest (A),1,24,0,0,0,0,0,0,0,0,0,0,0,5,0.0,0.16,0.0,0,1.48,-0.48,Noah Okafor
512,Mohammed,Kudus,Kudus,MID,Spurs,3,6500000,Nott'm Forest (A),1,29,0,0,0,0,0,0,0,0,0,0,0,3,0.0,0.16,0.0,0,1.48,-0.48,Mohammed Kudus
19,Martín,Zubimendi,Zubimendi Ibáñez,MID,Arsenal,3,5400000,Chelsea (H),1,23,0,0,0,0,0,0,0,0,0,0,0,4,0.08,0.02,0.0,0,1.46,-0.45999999999999996,Martín Zubimendi Ibáñez
367,Cody,Gakpo,Gakpo,MID,Liverpool,4,7200000,Fulham (H),1,30,0,0,0,0,0,0,0,0,0,0,0,2,0.08,0.02,0.0,0,1.46,-0.45999999999999996,Cody Gakpo
88,Michael,Kayode,Kayode,DEF,Brentford,4,4600000,Bournemouth (A),1,19,0,0,0,0,0,0,0,0,0,0,0,1,0.0,0.15,0.0,0,1.45,-0.44999999999999996,Michael Kayode
36,Ian,Maatsen,Maatsen,DEF,Aston Villa,2,4500000,Arsenal (H),1,90,0,0,0,1,0,0,0,1,0,0,0,8,0.07,0.0,0.0,0,1.42,-0.41999999999999993,Ian Maatsen
98,Vitaly,Janelt,Janelt,MID,Brentford,2,5000000,Leeds (A),1,90,0,0,0,1,0,0,0,1,0,0,0,10,0.0,0.14,0.0,0,1.42,-0.41999999999999993,Vitaly Janelt
608,Daniel,Jebbison,Jebbison,FWD,Bournemouth,1,5000000,Man City (A),1,15,0,0,0,2,0,0,0,0,0,0,0,1,0.1,0.0,0.0,0,1.4,-0.3999999999999999,Daniel Jebbison
45,John,McGinn,McGinn,MID,Aston Villa,2,5500000,Arsenal (H),1,90,0,0,0,1,0,0,0,1,0,0,0,4,0.05,0.05,0.0,0,1.4,-0.3999999999999999,John McGinn
456,Jacob,J.Ramsey,Ramsey,MID,Newcastle,2,5000000,Spurs (A),1,8,0,0,0,0,0,0,0,0,0,0,0,1,0.0,0.13,0.0,0,1.39,-0.3899999999999999,Jacob Ramsey
432,Kobbie,Mainoo,Mainoo,MID,Man Utd,1,5500000,Hull City (A),1,23,0,0,0,0,0,0,0,0,0,0,0,1,0.07,0.01,0.0,0,1.38,-0.3799999999999999,Kobbie Mainoo
75,Ryan,Christie,Christie,MID,Bournemouth,4,5000000,Brentford (H),1,24,0,0,0,0,0,0,0,0,0,0,0,7,0.0,0.12,0.0,0,1.36,-0.3600000000000001,Ryan Christie
419,Lisandro,Martinez,Martínez,DEF,Man Utd,2,5000000,Ipswich Town (H),1,90,0,0,0,2,0,0,0,0,0,0,0,0,0.03,0.06,1.0,0,1.36,-0.3600000000000001,Lisandro Martínez
263,Kevin,Kevin,Santos Lopes de Macedo,MID,Fulham,4,5400000,Liverpool (A),1,18,0,0,0,0,0,0,0,0,0,0,0,3,0.03,0.07,0.0,0,1.36,-0.3600000000000001,Kevin Santos Lopes de Macedo
357,Jeremie,Frimpong,Frimpong,DEF,Liverpool,4,5400000,Fulham (H),1,18,0,0,0,0,0,0,0,0,0,0,0,4,0.0,0.12,0.0,0,1.36,-0.3600000000000001,Jeremie Frimpong
211,Yéremy,Yeremy,Pino Santos,MID,Crystal Palace,1,5500000,Everton (A),1,35,0,0,0,0,0,0,0,0,0,0,0,5,0.06,0.02,0.0,0,1.36,-0.3600000000000001,Yéremy Pino Santos
262,Emile,Smith Rowe,Smith Rowe,MID,Fulham,2,5500000,Sunderland (A),1,14,0,0,0,0,0,0,0,0,0,0,0,1,0.06,0.02,0.0,0,1.36,-0.3600000000000001,Emile Smith Rowe
616,Ayyoub,Bouaddi,Bouaddi,MID,Man City,2,5500000,Crystal Palace (A),1,8,0,0,0,0,0,0,0,0,0,0,0,1,0.0,0.12,0.0,0,1.36,-0.3600000000000001,Ayyoub Bouaddi
157,Estêvão,Estêvão,Almeida de Oliveira Gonçalves,MID,Chelsea,4,6400000,Hull City (H),1,4,0,0,0,0,0,0,0,0,0,0,0,1,0.03,0.07,0.0,0,1.36,-0.3600000000000001,Estêvão Almeida de Oliveira Gonçalves
156,Pedro,Neto,Lomba Neto,MID,Chelsea,1,6500000,Fulham (A),1,14,0,0,0,0,0,0,0,0,0,0,0,4,0.03,0.07,0.0,0,1.36,-0.3600000000000001,Pedro Lomba Neto
95,Dango,O.Dango,Ouattara,MID,Brentford,2,6500000,Leeds (A),1,29,0,0,0,1,0,0,0,0,0,0,0,7,0.02,0.08,0.0,0,1.34,-0.3400000000000001,Dango Ouattara
488,Ibrahim,I.Sangaré,Sangaré,MID,Nott'm Forest,4,4900000,Aston Villa (A),1,8,0,0,0,0,0,0,0,0,0,0,0,2,0.06,0.01,0.0,0,1.33,-0.33000000000000007,Ibrahim Sangaré
96,Mikkel,Damsgaard,Damsgaard,MID,Brentford,1,5500000,Spurs (H),1,14,0,0,0,0,0,0,0,0,0,0,0,4,0.0,0.11,0.0,0,1.33,-0.33000000000000007,Mikkel Damsgaard
188,Victor,Torp,Torp,MID,Coventry City,1,5500000,Arsenal (A),1,28,0,0,0,0,0,0,0,0,0,0,0,1,0.0,0.11,0.0,0,1.33,-0.33000000000000007,Victor Torp
399,Rayan,Cherki,Cherki,MID,Man City,4,7800000,Man Utd (A),1,45,0,0,0,0,0,0,0,0,0,0,0,1,0.03,0.06,0.0,0,1.33,-0.33000000000000007,Rayan Cherki
514,Mathys,Tel,Tel,MID,Spurs,4,5800000,Everton (H),1,27,0,0,0,0,0,0,0,0,0,0,0,0,0.01,0.09,0.0,0,1.32,-0.32000000000000006,Mathys Tel
313,Jack,Clarke,Clarke,MID,Ipswich Town,3,5500000,Liverpool (H),1,24,0,0,0,0,0,0,0,0,0,0,0,2,0.05,0.02,0.0,0,1.31,-0.31000000000000005,Jack Clarke
281,Cody,Drameh,Drameh,DEF,Hull City,1,4000000,Man Utd (H),1,20,0,0,0,0,0,0,0,0,0,0,0,3,0.05,0.0,0.0,0,1.3,-0.30000000000000004,Cody Drameh
265,Sander,Berge,Berge,MID,Fulham,3,5000000,Crystal Palace (H),1,29,0,0,0,1,0,0,0,0,0,0,0,2,0.0,0.1,0.0,0,1.3,-0.30000000000000004,Sander Berge
429,Marcus,Rashford,Rashford,MID,Man Utd,1,7000000,Hull City (A),1,45,0,0,0,0,0,0,0,0,0,0,0,1,0.0,0.1,0.0,0,1.3,-0.30000000000000004,Marcus Rashford
600,Ibrahim,Osman,Osman,MID,Brighton,4,5000000,Coventry City (A),1,12,0,0,0,0,0,0,0,0,0,0,0,1,0.05,0.01,0.0,0,1.28,-0.28,Ibrahim Osman
167,Liam,Delap,Delap,FWD,Nott'm Forest,2,5500000,Liverpool (A),1,24,0,0,0,1,0,0,0,0,0,0,0,0,0.07,0.0,0.0,0,1.28,-0.28,Liam Delap
105,Jaidon,Anthony,Anthony,MID,Brentford,3,6000000,Sunderland (H),1,45,0,0,0,1,0,0,0,0,0,0,0,4,0.05,0.01,0.0,0,1.28,-0.28,Jaidon Anthony
526,Dominic,Solanke,Solanke-Mitchell,FWD,Spurs,1,6000000,Brentford (A),1,22,0,0,0,0,0,0,0,0,0,0,0,0,0.07,0.0,0.0,0,1.28,-0.28,Dominic Solanke-Mitchell
144,Malo,Gusto,Gusto,DEF,Chelsea,3,5000000,Arsenal (A),1,30,0,0,0,0,0,0,0,0,0,0,0,2,0.04,0.01,0.0,0,1.27,-0.27,Malo Gusto
364,Kostas,Tsimikas,Tsimikas,DEF,Liverpool,2,5000000,Nott'm Forest (H),1,19,0,0,0,0,0,0,0,0,0,0,0,0,0.04,0.01,0.0,0,1.27,-0.27,Kostas Tsimikas
323,Kasey,McAteer,McAteer,MID,Ipswich Town,3,4500000,Liverpool (H),1,11,0,0,0,0,0,0,0,0,0,0,0,1,0.05,0.0,0.0,0,1.25,-0.25,Kasey McAteer
617,Mohamed-Ali,Cho,Cho,MID,Hull City,3,5000000,Aston Villa (H),1,8,0,0,0,0,0,0,0,0,0,0,0,0,0.05,0.0,0.0,0,1.25,-0.25,Mohamed-Ali Cho
182,Aurèle,Amenda,Amenda,DEF,Coventry City,2,4000000,Hull City (H),1,90,0,0,0,1,0,0,0,1,0,0,0,4,0.02,0.04,0.0,0,1.24,-0.24,Aurèle Amenda
202,Chris,Richards,Richards,DEF,Crystal Palace,3,5000000,Fulham (A),1,90,0,0,0,2,0,0,0,0,0,0,0,9,0.04,0.0,1.0,0,1.24,-0.24,Chris Richards
501,Kevin,Danso,Danso,DEF,Sunderland,4,5000000,Arsenal (H),1,90,0,0,0,2,0,0,0,0,0,0,0,4,0.0,0.08,1.0,0,1.24,-0.24,Kevin Danso
108,Callum,Wilson,Wilson,FWD,Brentford,1,5500000,Spurs (H),1,7,0,0,0,0,0,0,0,0,0,0,0,0,0.03,0.04,0.0,0,1.24,-0.24,Callum Wilson
53,Johan,Manzambi,Manzambi,MID,Aston Villa,4,5900000,Nott'm Forest (H),1,27,0,0,0,1,0,0,0,0,0,0,0,2,0.0,0.08,0.0,0,1.24,-0.24,Johan Manzambi
439,Benjamin,Šeško,Sesko,FWD,Man Utd,4,7000000,Man City (H),1,23,0,0,0,0,0,0,0,0,0,0,0,2,0.06,0.0,0.0,0,1.24,-0.24,Benjamin Sesko
45,John,McGinn,McGinn,MID,Aston Villa,1,5500000,Brighton (A),1,81,0,0,0,4,0,0,0,1,0,0,0,6,0.04,0.01,0.0,0,1.23,-0.22999999999999998,John McGinn
512,Mohammed,Kudus,Kudus,MID,Spurs,2,6500000,Newcastle (H),1,22,0,0,0,1,0,0,0,0,0,0,0,2,0.04,0.01,0.0,0,1.23,-0.22999999999999998,Mohammed Kudus
165,João Pedro,João Pedro,Junqueira de Jesus,FWD,Chelsea,3,7700000,Arsenal (A),1,90,0,0,0,2,0,0,0,1,0,0,0,1,0.02,0.05,0.0,0,1.23,-0.22999999999999998,João Pedro Junqueira de Jesus
42,Evann,Guessand,Guessand,MID,Crystal Palace,1,5500000,Everton (A),1,27,0,0,0,0,0,0,0,0,0,0,0,1,0.03,0.02,0.0,0,1.21,-0.20999999999999996,Evann Guessand
14,Eberechi,Eze,Eze,MID,Arsenal,2,6500000,Aston Villa (A),1,45,0,0,0,0,0,0,0,0,0,0,0,3,0.0,0.07,0.0,0,1.21,-0.20999999999999996,Eberechi Eze
627,Bradley,Barcola,Barcola,MID,Liverpool,3,8000000,Ipswich Town (A),1,26,0,0,0,0,0,0,0,0,0,0,0,0,0.0,0.07,0.0,0,1.21,-0.20999999999999996,Bradley Barcola
102,Yehor,Yarmoliuk,Yarmoliuk,MID,Brentford,1,5000000,Spurs (H),1,23,0,0,0,0,0,0,0,0,0,0,0,6,0.04,0.0,0.0,0,1.2,-0.19999999999999996,Yehor Yarmoliuk
248,Norberto Bercique,Beto,Gomes Betuncal,FWD,Everton,1,5500000,Crystal Palace (H),1,11,0,0,0,0,0,0,0,0,0,0,0,0,0.05,0.0,0.0,0,1.2,-0.19999999999999996,Norberto Bercique Gomes Betuncal
568,Valentín,Barco,Barco,MID,Chelsea,2,5500000,Brighton (H),1,8,0,0,0,1,0,0,0,0,0,0,0,1,0.04,0.0,0.0,0,1.2,-0.19999999999999996,Valentín Barco
157,Estêvão,Estêvão,Almeida de Oliveira Gonçalves,MID,Chelsea,3,6400000,Arsenal (A),1,9,0,0,0,0,0,0,0,0,0,0,0,0,0.04,0.0,0.0,0,1.2,-0.19999999999999996,Estêvão Almeida de Oliveira Gonçalves
14,Eberechi,Eze,Eze,MID,Arsenal,1,6500000,Coventry City (H),1,14,0,0,0,0,0,0,0,0,0,0,0,2,0.04,0.0,0.0,0,1.2,-0.19999999999999996,Eberechi Eze
642,Sorba,Thomas,Thomas,MID,Hull City,4,5500000,Chelsea (A),1,30,0,0,0,1,0,0,0,0,0,0,0,4,0.02,0.03,0.0,0,1.19,-0.18999999999999995,Sorba Thomas
269,Ryan,Sessegnon,Sessegnon,DEF,Fulham,1,4500000,Chelsea (H),1,17,0,0,0,0,0,0,0,0,0,0,0,1,0.03,0.0,0.0,0,1.18,-0.17999999999999994,Ryan Sessegnon
593,Amar,Dedić,Dedic,DEF,Newcastle,1,4500000,Liverpool (H),1,90,0,0,0,2,0,0,0,0,0,0,0,9,0.03,0.0,1.0,0,1.18,-0.17999999999999994,Amar Dedic
88,Michael,Kayode,Kayode,DEF,Brentford,3,4600000,Sunderland (H),1,45,0,0,0,0,0,0,0,0,0,0,0,5,0.03,0.0,0.0,0,1.18,-0.17999999999999994,Michael Kayode
253,Joachim,Andersen,Andersen,DEF,Fulham,3,5000000,Crystal Palace (H),1,90,0,0,0,3,0,0,0,0,0,0,0,7,0.0,0.06,1.0,0,1.18,-0.17999999999999994,Joachim Andersen
201,Daniel,Muñoz,Muñoz Mejía,DEF,Nott'm Forest,3,5400000,Spurs (H),1,31,0,0,0,0,0,0,0,0,0,0,0,1,0.03,0.0,0.0,0,1.18,-0.17999999999999994,Daniel Muñoz Mejía
136,Danny,Welbeck,Welbeck,FWD,Chelsea,4,5900000,Hull City (H),1,12,0,0,0,0,0,0,0,0,0,0,0,1,0.0,0.06,0.0,0,1.18,-0.17999999999999994,Danny Welbeck
525,Mateus,Fernandes,Fernandes,MID,Spurs,1,6000000,Brentford (A),1,45,0,0,0,1,0,0,0,0,0,0,0,2,0.0,0.06,0.0,0,1.18,-0.17999999999999994,Mateus Fernandes
260,Harry,Wilson,Wilson,MID,Leeds,2,6500000,Brentford (H),1,45,0,0,0,0,0,0,0,0,0,0,0,6,0.01,0.04,0.0,0,1.17,-0.16999999999999993,Harry Wilson
185,Tatsuhiro,Sakamoto,Sakamoto,MID,Coventry City,2,5000000,Hull City (H),1,31,0,0,0,1,0,0,0,0,0,0,0,4,0.02,0.02,0.0,0,1.16,-0.15999999999999992,Tatsuhiro Sakamoto
267,Saša,Lukić,Lukić,MID,Ipswich Town,2,5000000,Man Utd (A),1,72,0,0,0,4,0,0,0,1,0,0,0,11,0.02,0.02,0.0,0,1.16,-0.15999999999999992,Saša Lukić
372,Alexis,Mac Allister,Mac Allister,MID,Liverpool,4,5400000,Fulham (H),1,30,0,0,0,0,0,0,0,0,0,0,0,4,0.02,0.02,0.0,0,1.16,-0.15999999999999992,Alexis Mac Allister
108,Callum,Wilson,Wilson,FWD,Brentford,2,5500000,Leeds (A),1,2,0,0,0,0,0,0,0,0,0,0,0,1,0.04,0.0,0.0,0,1.16,-0.15999999999999992,Callum Wilson
248,Norberto Bercique,Beto,Gomes Betuncal,FWD,Everton,2,5500000,Bournemouth (A),1,20,0,0,0,0,0,0,0,0,0,0,0,1,0.04,0.0,0.0,0,1.16,-0.15999999999999992,Norberto Bercique Gomes Betuncal
439,Benjamin,Šeško,Sesko,FWD,Man Utd,1,7000000,Hull City (A),1,23,0,0,0,0,0,0,0,0,0,0,0,0,0.04,0.0,0.0,0,1.16,-0.15999999999999992,Benjamin Sesko
381,Lewis,Koumas,Koumas,MID,Liverpool,1,5000000,Newcastle (A),1,12,0,0,0,0,0,0,0,0,0,0,0,1,0.03,0.0,0.0,0,1.15,-0.1499999999999999,Lewis Koumas
600,Ibrahim,Osman,Osman,MID,Brighton,1,5000000,Aston Villa (H),1,12,0,0,0,0,0,0,0,0,0,0,0,2,0.0,0.05,0.0,0,1.15,-0.1499999999999999,Ibrahim Osman
543,Habib,Diarra,Diarra,MID,Sunderland,1,5500000,Ipswich Town (A),1,10,0,0,0,1,0,0,0,0,0,0,0,0,0.03,0.0,0.0,0,1.15,-0.1499999999999999,Habib Diarra
512,Mohammed,Kudus,Kudus,MID,Spurs,4,6500000,Everton (H),1,27,0,0,0,0,0,0,0,0,0,0,0,2,0.0,0.05,0.0,0,1.15,-0.1499999999999999,Mohammed Kudus
95,Dango,O.Dango,Ouattara,MID,Brentford,4,6400000,Bournemouth (A),1,30,0,0,0,0,0,0,0,0,0,0,0,4,0.02,0.01,0.0,0,1.13,-0.1299999999999999,Dango Ouattara
87,Kristoffer,Ajer,Ajer,DEF,Brentford,4,4500000,Bournemouth (A),1,90,0,0,0,2,0,0,0,0,0,0,0,9,0.02,0.0,1.0,0,1.12,-0.1200000000000001,Kristoffer Ajer
212,Will,Hughes,Hughes,MID,Crystal Palace,4,4500000,Ipswich Town (H),1,13,0,0,0,1,0,0,0,0,0,0,0,4,0.0,0.04,0.0,0,1.12,-0.1200000000000001,Will Hughes
257,Calvin,Bassey,Bassey,DEF,Fulham,3,4500000,Crystal Palace (H),1,90,0,0,0,3,0,0,0,0,0,0,0,2,0.0,0.04,1.0,0,1.12,-0.1200000000000001,Calvin Bassey
263,Kevin,Kevin,Santos Lopes de Macedo,MID,Fulham,2,5500000,Sunderland (A),1,7,0,0,0,0,0,0,0,0,0,0,0,0,0.0,0.04,0.0,0,1.12,-0.1200000000000001,Kevin Santos Lopes de Macedo
642,Sorba,Thomas,Thomas,MID,Hull City,3,5500000,Aston Villa (H),1,27,0,0,0,0,0,0,0,0,0,0,0,1,0.0,0.04,0.0,0,1.12,-0.1200000000000001,Sorba Thomas
389,Matheus,Matheus N.,Nunes,DEF,Man City,1,6000000,Bournemouth (H),1,33,0,0,0,0,0,0,0,0,0,0,0,1,0.0,0.04,0.0,0,1.12,-0.1200000000000001,Matheus Nunes
16,Noni,Madueke,Madueke,MID,Arsenal,1,6500000,Coventry City (H),1,22,0,0,0,0,0,0,0,0,0,0,0,2,0.0,0.04,0.0,0,1.12,-0.1200000000000001,Noni Madueke
640,Zian,Flemming,Flemming,FWD,Ipswich Town,3,5500000,Liverpool (H),1,24,0,0,0,0,0,0,0,0,0,0,0,0,0.02,0.01,0.0,0,1.11,-0.1100000000000001,Zian Flemming
72,Ben,Gannon-Doak,Gannon-Doak,MID,Bournemouth,3,5000000,Newcastle (A),1,1,0,0,0,0,0,0,0,0,0,0,0,2,0.02,0.0,0.0,0,1.1,-0.10000000000000009,Ben Gannon-Doak
243,Carlos,Alcaraz,Alcaraz Durán,MID,Everton,1,5000000,Crystal Palace (H),1,1,0,0,0,0,0,0,0,0,0,0,0,3,0.02,0.0,0.0,0,1.1,-0.10000000000000009,Carlos Alcaraz Durán
523,Mikey,Moore,Moore,MID,Spurs,2,5000000,Newcastle (H),1,22,0,0,0,1,0,0,0,0,0,0,0,1,0.02,0.0,0.0,0,1.1,-0.10000000000000009,Mikey Moore
318,Jaden,Philogene,Philogene,MID,Ipswich Town,4,5400000,Crystal Palace (A),1,28,0,0,0,1,0,0,0,0,0,0,0,3,0.02,0.0,0.0,0,1.1,-0.10000000000000009,Jaden Philogene
570,César,Palacios,Palacios,MID,Fulham,2,5500000,Sunderland (A),1,75,0,0,0,1,0,0,0,1,0,0,0,9,0.02,0.0,0.0,0,1.1,-0.10000000000000009,César Palacios
135,Zadok,Yohanna,Yohanna,MID,Brighton,1,5000000,Aston Villa (H),1,12,0,0,0,0,0,0,0,0,0,0,0,0,0.0,0.03,0.0,0,1.09,-0.09000000000000008,Zadok Yohanna
417,Diogo,Dalot,Dalot Teixeira,DEF,Man Utd,3,5000000,Everton (A),1,83,0,0,0,1,0,0,0,1,0,0,0,4,0.01,0.01,0.0,0,1.09,-0.09000000000000008,Diogo Dalot Teixeira
579,Ronald,Araujo,Araujo,DEF,Liverpool,1,5500000,Newcastle (A),1,20,0,0,0,0,0,0,0,0,0,0,0,4,0.0,0.03,0.0,0,1.09,-0.09000000000000008,Ronald Araujo
239,James,Garner,Garner,MID,Everton,1,6000000,Crystal Palace (H),1,11,0,0,0,0,0,0,0,0,0,0,0,1,0.0,0.03,0.0,0,1.09,-0.09000000000000008,James Garner
369,Rio,Ngumoha,Ngumoha,MID,Liverpool,2,6000000,Nott'm Forest (H),1,19,0,0,0,0,0,0,0,0,0,0,0,0,0.0,0.03,0.0,0,1.09,-0.09000000000000008,Rio Ngumoha
464,Yoane,Wissa,Wissa,FWD,Newcastle,3,6100000,Bournemouth (H),1,90,0,0,0,2,0,0,0,1,0,0,0,3,0.0,0.03,0.0,0,1.09,-0.09000000000000008,Yoane Wissa
260,Harry,Wilson,Wilson,MID,Leeds,4,6300000,Newcastle (H),1,18,0,0,0,1,0,0,0,0,0,0,0,2,0.0,0.03,0.0,0,1.09,-0.09000000000000008,Harry Wilson
356,Virgil,Virgil,van Dijk,DEF,Liverpool,2,6500000,Nott'm Forest (H),1,90,0,0,0,2,0,0,0,0,0,0,0,7,0.0,0.03,1.0,0,1.09,-0.09000000000000008,Virgil van Dijk
271,Rodrigo,Muniz,Muniz Carvalho,FWD,Fulham,1,5500000,Chelsea (H),1,8,0,0,0,0,0,0,0,0,0,0,0,1,0.02,0.0,0.0,0,1.08,-0.08000000000000007,Rodrigo Muniz Carvalho
176,Jay,Dasilva,Dasilva,DEF,Coventry City,1,4000000,Arsenal (A),1,90,0,0,0,3,0,0,0,0,0,0,0,6,0.0,0.02,1.0,0,1.06,-0.06000000000000005,Jay Dasilva
592,Abdoul,Ouattara,Ouattara,DEF,Ipswich Town,3,4000000,Liverpool (H),1,12,0,0,0,0,0,0,0,0,0,0,0,0,0.0,0.02,0.0,0,1.06,-0.06000000000000005,Abdoul Ouattara
90,Aaron,Hickey,Hickey,DEF,Brentford,2,4500000,Leeds (A),1,2,0,0,0,0,0,0,0,0,0,0,0,1,0.0,0.02,0.0,0,1.06,-0.06000000000000005,Aaron Hickey
506,Destiny,Udogie,Udogie,DEF,Spurs,1,4500000,Brentford (A),1,4,0,0,0,0,0,0,0,0,0,0,0,0,0.0,0.02,0.0,0,1.06,-0.06000000000000005,Destiny Udogie
583,Pep,Chavarria,Chavarría,DEF,Chelsea,2,5000000,Brighton (H),1,18,0,0,0,1,0,0,0,0,0,0,0,3,0.0,0.02,0.0,0,1.06,-0.06000000000000005,Pep Chavarría
19,Martín,Zubimendi,Zubimendi Ibáñez,MID,Arsenal,1,5500000,Coventry City (H),1,22,0,0,0,0,0,0,0,0,0,0,0,3,0.0,0.02,0.0,0,1.06,-0.06000000000000005,Martín Zubimendi Ibáñez
247,Hayden,Hackney,Hackney,MID,Everton,4,5500000,Spurs (A),1,15,0,0,0,0,0,0,0,0,0,0,0,1,0.0,0.02,0.0,0,1.06,-0.06000000000000005,Hayden Hackney
357,Jeremie,Frimpong,Frimpong,DEF,Liverpool,2,5500000,Nott'm Forest (H),1,70,0,0,0,2,0,0,0,0,0,0,0,6,0.0,0.02,1.0,0,1.06,-0.06000000000000005,Jeremie Frimpong
584,Gustavo,Hamer,Hamer,MID,Coventry City,2,5500000,Hull City (H),1,19,0,0,0,1,0,0,0,0,0,0,0,0,0.0,0.02,0.0,0,1.06,-0.06000000000000005,Gustavo Hamer
155,Enzo,Enzo,Fernández,MID,Man City,1,7000000,Fulham (A),1,25,0,0,0,0,0,0,0,0,0,0,0,3,0.0,0.02,0.0,0,1.06,-0.06000000000000005,Enzo Fernández
175,Milan,van Ewijk,van Ewijk,DEF,Coventry City,1,4000000,Arsenal (A),1,90,0,0,0,3,0,0,0,0,0,0,0,7,0.0,0.01,1.0,0,1.03,-0.030000000000000027,Milan van Ewijk
182,Aurèle,Amenda,Amenda,DEF,Coventry City,1,4000000,Arsenal (A),1,90,0,0,0,3,0,0,0,0,0,0,0,9,0.0,0.01,1.0,0,1.03,-0.030000000000000027,Aurèle Amenda
585,Lucas,Herrington,Herrington,DEF,Hull City,4,4000000,Chelsea (A),1,31,0,0,0,1,0,0,0,0,0,0,0,1,0.0,0.01,0.0,0,1.03,-0.030000000000000027,Lucas Herrington
51,George,George Hemmings,Hemmings,MID,Aston Villa,4,4500000,Nott'm Forest (H),1,45,0,0,0,0,0,0,0,0,0,0,0,1,0.0,0.01,0.0,0,1.03,-0.030000000000000027,George Hemmings
110,Carl,Rushworth,Rushworth,GK,Coventry City,1,4500000,Arsenal (A),1,90,0,0,0,3,0,0,0,0,0,2,0,0,0.0,0.01,1.0,0,1.03,-0.030000000000000027,Carl Rushworth
151,Josh,Acheampong,Acheampong,DEF,Chelsea,3,4500000,Arsenal (A),1,90,0,0,0,2,0,0,0,0,0,0,0,1,0.0,0.01,1.0,0,1.03,-0.030000000000000027,Josh Acheampong
422,Noussair,Mazraoui,Mazraoui,DEF,Man Utd,3,4500000,Everton (A),1,1,0,0,0,1,0,0,0,0,0,0,0,1,0.0,0.01,0.0,0,1.03,-0.030000000000000027,Noussair Mazraoui
577,Takehiro,Tomiyasu,Tomiyasu,DEF,Crystal Palace,1,4500000,Everton (A),1,18,0,0,0,0,0,0,0,0,0,0,0,1,0.0,0.01,0.0,0,1.03,-0.030000000000000027,Takehiro Tomiyasu
596,Matteo,Ruggeri,Ruggeri,DEF,Aston Villa,3,4500000,Hull City (A),1,15,0,0,0,0,0,0,0,0,0,0,0,1,0.0,0.01,0.0,0,1.03,-0.030000000000000027,Matteo Ruggeri
605,Malick,Yalcouyé,Yalcouyé,MID,Brighton,1,4500000,Aston Villa (H),1,4,0,0,0,0,0,0,0,0,0,0,0,0,0.0,0.01,0.0,0,1.03,-0.030000000000000027,Malick Yalcouyé
620,El Hadji Malick,Diouf,Diouf,DEF,Brentford,4,4500000,Bournemouth (A),1,30,0,0,0,0,0,0,0,0,0,0,0,1,0.0,0.01,0.0,0,1.03,-0.030000000000000027,El Hadji Malick Diouf
162,Andrey,Andrey Santos,Nascimento dos Santos,MID,Man Utd,3,4900000,Everton (A),1,6,0,0,0,1,0,0,0,0,0,0,0,4,0.0,0.01,0.0,0,1.03,-0.030000000000000027,Andrey Nascimento dos Santos
364,Kostas,Tsimikas,Tsimikas,DEF,Liverpool,4,4900000,Fulham (H),1,45,0,0,0,0,0,0,0,0,0,0,0,3,0.0,0.01,0.0,0,1.03,-0.030000000000000027,Kostas Tsimikas
420,Leny,Yoro,Yoro,DEF,Man Utd,3,4900000,Everton (A),1,6,0,0,0,1,0,0,0,0,0,0,0,3,0.0,0.01,0.0,0,1.03,-0.030000000000000027,Leny Yoro
571,Florentino Ibrain,Florentino,Morris Luís,MID,Ipswich Town,4,4900000,Crystal Palace (A),1,13,0,0,0,0,0,0,0,0,0,0,0,2,0.0,0.01,0.0,0,1.03,-0.030000000000000027,Florentino Ibrain Morris Luís
575,Caleb,Yirenkyi,Yirenkyi,MID,Coventry City,4,4900000,Brighton (H),1,17,0,0,0,2,0,0,0,0,0,0,0,0,0.0,0.01,0.0,0,1.03,-0.030000000000000027,Caleb Yirenkyi
583,Pep,Chavarria,Chavarría,DEF,Chelsea,4,4900000,Hull City (H),1,45,0,0,0,0,0,0,0,0,0,0,0,1,0.0,0.01,0.0,0,1.03,-0.030000000000000027,Pep Chavarría
74,David,Brooks,Brooks,MID,Bournemouth,2,5000000,Everton (H),1,9,0,0,0,1,0,0,0,0,0,0,0,0,0.0,0.01,0.0,0,1.03,-0.030000000000000027,David Brooks
102,Yehor,Yarmoliuk,Yarmoliuk,MID,Brentford,2,5000000,Leeds (A),1,21,0,0,0,1,0,0,0,0,0,0,0,0,0.0,0.01,0.0,0,1.03,-0.030000000000000027,Yehor Yarmoliuk
328,Pascal,Struijk,Struijk,DEF,Brighton,4,5000000,Coventry City (A),1,12,0,0,0,0,0,0,0,0,0,0,0,4,0.0,0.01,0.0,0,1.03,-0.030000000000000027,Pascal Struijk
345,Tanaka,Tanaka,Ao,MID,Leeds,2,5000000,Brentford (H),1,45,0,0,0,0,0,0,0,0,0,0,0,11,0.0,0.01,0.0,0,1.03,-0.030000000000000027,Tanaka Ao
420,Leny,Yoro,Yoro,DEF,Man Utd,2,5000000,Ipswich Town (H),1,16,0,0,0,1,0,0,0,0,0,0,0,2,0.0,0.01,0.0,0,1.03,-0.030000000000000027,Leny Yoro
467,Matz,Sels,Sels,GK,Nott'm Forest,2,5000000,Liverpool (A),1,90,0,0,0,2,0,0,0,0,0,2,0,0,0.0,0.01,1.0,0,1.03,-0.030000000000000027,Matz Sels
535,Omar,Alderete,Alderete,DEF,Sunderland,1,5000000,Ipswich Town (A),1,23,0,0,0,1,0,0,0,0,0,0,0,0,0.0,0.01,0.0,0,1.03,-0.030000000000000027,Omar Alderete
589,Lucas,Gourna-Douath,Gourna-Douath,MID,Hull City,2,5000000,Coventry City (A),1,45,0,0,0,0,0,0,0,0,0,0,0,6,0.0,0.01,0.0,0,1.03,-0.030000000000000027,Lucas Gourna-Douath
600,Ibrahim,Osman,Osman,MID,Brighton,2,5000000,Chelsea (A),1,16,0,0,0,1,0,0,0,0,0,0,0,1,0.0,0.01,0.0,0,1.03,-0.030000000000000027,Ibrahim Osman
619,Exequiel,Palacios,Palacios,MID,Ipswich Town,2,5000000,Man Utd (A),1,28,0,0,0,2,0,0,0,0,0,0,0,6,0.0,0.01,0.0,0,1.03,-0.030000000000000027,Exequiel Palacios
635,Hugo,Larsson,Larsson,MID,Fulham,4,5000000,Liverpool (A),1,13,0,0,0,0,0,0,0,0,0,0,0,1,0.0,0.01,0.0,0,1.03,-0.030000000000000027,Hugo Larsson
347,Lukas,Nmecha,Nmecha,FWD,Leeds,4,5400000,Newcastle (H),1,12,0,0,0,1,0,0,0,0,0,0,0,1,0.0,0.01,0.0,0,1.03,-0.030000000000000027,Lukas Nmecha
358,Milos,Kerkez,Kerkez,DEF,Liverpool,4,5400000,Fulham (H),1,45,0,0,0,0,0,0,0,0,0,0,0,3,0.0,0.01,0.0,0,1.03,-0.030000000000000027,Milos Kerkez
440,Joshua,Zirkzee,Zirkzee,FWD,Man Utd,4,5400000,Man City (H),1,7,0,0,0,0,0,0,0,0,0,0,0,3,0.0,0.01,0.0,0,1.03,-0.030000000000000027,Joshua Zirkzee
42,Evann,Guessand,Guessand,MID,Crystal Palace,2,5500000,Man City (H),1,27,0,0,0,1,0,0,0,0,0,0,0,1,0.0,0.01,0.0,0,1.03,-0.030000000000000027,Evann Guessand
126,Matt,O'Riley,O'Riley,MID,Brighton,4,5500000,Coventry City (A),1,6,0,0,0,0,0,0,0,0,0,0,0,1,0.0,0.01,0.0,0,1.03,-0.030000000000000027,Matt O'Riley
188,Victor,Torp,Torp,MID,Coventry City,2,5500000,Hull City (H),1,19,0,0,0,1,0,0,0,0,0,0,0,2,0.0,0.01,0.0,0,1.03,-0.030000000000000027,Victor Torp
211,Yéremy,Yeremy,Pino Santos,MID,Crystal Palace,4,5500000,Ipswich Town (H),1,36,0,0,0,1,0,0,0,0,0,0,0,1,0.0,0.01,0.0,0,1.03,-0.030000000000000027,Yéremy Pino Santos
247,Hayden,Hackney,Hackney,MID,Everton,2,5500000,Bournemouth (A),1,28,0,0,0,0,0,0,0,0,0,0,0,3,0.0,0.01,0.0,0,1.03,-0.030000000000000027,Hayden Hackney
263,Kevin,Kevin,Santos Lopes de Macedo,MID,Fulham,1,5500000,Chelsea (H),1,17,0,0,0,0,0,0,0,0,0,0,0,3,0.0,0.01,0.0,0,1.03,-0.030000000000000027,Kevin Santos Lopes de Macedo
295,Oli,McBurnie,McBurnie,FWD,Hull City,2,5500000,Coventry City (A),1,90,0,0,1,0,0,0,0,1,0,0,0,4,0.0,0.01,0.0,0,1.03,-0.030000000000000027,Oli McBurnie
337,Brenden,Aaronson,Aaronson,MID,Leeds,2,5500000,Brentford (H),1,45,0,0,0,1,0,0,0,0,0,0,0,3,0.0,0.01,0.0,0,1.03,-0.030000000000000027,Brenden Aaronson
358,Milos,Kerkez,Kerkez,DEF,Liverpool,2,5500000,Nott'm Forest (H),1,70,0,0,0,2,0,0,0,0,0,0,0,8,0.0,0.01,1.0,0,1.03,-0.030000000000000027,Milos Kerkez
372,Alexis,Mac Allister,Mac Allister,MID,Liverpool,1,5500000,Newcastle (A),1,27,0,0,0,0,0,0,0,0,0,0,0,3,0.0,0.01,0.0,0,1.03,-0.030000000000000027,Alexis Mac Allister
406,Mateo,Kovačić,Kovačić,MID,Man City,1,5500000,Bournemouth (H),1,27,0,0,0,0,0,0,0,0,0,0,0,2,0.0,0.01,0.0,0,1.03,-0.030000000000000027,Mateo Kovačić
406,Mateo,Kovačić,Kovačić,MID,Man City,2,5500000,Crystal Palace (A),1,15,0,0,0,0,0,0,0,0,0,0,0,0,0.0,0.01,0.0,0,1.03,-0.030000000000000027,Mateo Kovačić
516,Rodrigo,Bentancur,Bentancur,MID,Spurs,1,5500000,Brentford (A),1,45,0,0,0,1,0,0,0,0,0,0,0,5,0.0,0.01,0.0,0,1.03,-0.030000000000000027,Rodrigo Bentancur
520,Lucas,Bergvall,Bergvall,MID,Spurs,1,5500000,Brentford (A),1,45,0,0,0,2,0,0,0,0,0,0,0,8,0.0,0.01,0.0,0,1.03,-0.030000000000000027,Lucas Bergvall
552,Brian,Brobbey,Brobbey,FWD,Sunderland,4,5800000,Arsenal (H),1,90,0,0,0,2,0,0,0,1,0,0,0,4,0.0,0.01,0.0,0,1.03,-0.030000000000000027,Brian Brobbey
237,Iliman,Ndiaye,Ndiaye,MID,Man City,4,5900000,Man Utd (A),1,45,0,0,0,0,0,0,0,0,0,0,0,10,0.0,0.01,0.0,0,1.03,-0.030000000000000027,Iliman Ndiaye
415,Patrick,Dorgu,Dorgu,MID,Man Utd,3,5900000,Everton (A),1,20,0,0,0,2,0,0,0,0,0,0,0,3,0.0,0.01,0.0,0,1.03,-0.030000000000000027,Patrick Dorgu
371,Ryan,Gravenberch,Gravenberch,MID,Liverpool,2,6000000,Nott'm Forest (H),1,19,0,0,0,0,0,0,0,0,0,0,0,1,0.0,0.01,0.0,0,1.03,-0.030000000000000027,Ryan Gravenberch
16,Noni,Madueke,Madueke,MID,Arsenal,3,6300000,Chelsea (H),1,1,0,0,0,0,0,0,0,0,0,0,0,1,0.0,0.01,0.0,0,1.03,-0.030000000000000027,Noni Madueke
515,James,Maddison,Maddison,MID,Spurs,4,6300000,Everton (H),1,13,0,0,0,0,0,0,0,0,0,0,0,3,0.0,0.01,0.0,0,1.03,-0.030000000000000027,James Maddison
95,Dango,O.Dango,Ouattara,MID,Brentford,3,6500000,Sunderland (H),1,45,0,0,0,0,0,0,0,0,0,0,0,11,0.0,0.01,0.0,0,1.03,-0.030000000000000027,Dango Ouattara
238,Jack,Grealish,Grealish,MID,Everton,4,6500000,Spurs (A),1,25,0,0,0,0,0,0,0,0,0,0,0,4,0.0,0.01,0.0,0,1.03,-0.030000000000000027,Jack Grealish
515,James,Maddison,Maddison,MID,Spurs,1,6500000,Brentford (A),1,22,0,0,0,0,0,0,0,0,0,0,0,2,0.0,0.01,0.0,0,1.03,-0.030000000000000027,James Maddison
452,Bruno,Bruno G.,Guimarães Rodriguez Moura,MID,Arsenal,2,6900000,Aston Villa (A),1,19,0,0,0,0,0,0,0,0,0,0,0,3,0.0,0.01,0.0,0,1.03,-0.030000000000000027,Bruno Guimarães Rodriguez Moura
439,Benjamin,Šeško,Sesko,FWD,Man Utd,2,7000000,Ipswich Town (H),1,10,0,0,0,1,0,0,0,0,0,0,0,3,0.0,0.01,0.0,0,1.03,-0.030000000000000027,Benjamin Sesko
281,Cody,Drameh,Drameh,DEF,Hull City,2,4000000,Coventry City (A),1,45,0,0,0,0,0,0,0,0,0,0,0,3,0.0,0.0,0.0,0,1.0,0.0,Cody Drameh
285,Paddy,McNair,McNair,DEF,Hull City,1,4000000,Man Utd (H),1,26,0,0,0,0,0,0,0,0,0,0,0,2,0.0,0.0,0.0,0,1.0,0.0,Paddy McNair
308,Darnell,Furlong,Furlong,DEF,Ipswich Town,2,4000000,Man Utd (A),1,17,0,0,0,1,0,0,0,0,0,0,0,3,0.0,0.0,0.0,0,1.0,0.0,Darnell Furlong
556,Matt,Targett,Targett,DEF,Hull City,1,4000000,Man Utd (H),1,5,0,0,0,0,0,0,0,0,0,0,0,0,0.0,0.0,0.0,0,1.0,0.0,Matt Targett
585,Lucas,Herrington,Herrington,DEF,Hull City,1,4000000,Man Utd (H),1,26,0,0,0,0,0,0,0,0,0,0,0,4,0.0,0.0,0.0,0,1.0,0.0,Lucas Herrington
585,Lucas,Herrington,Herrington,DEF,Hull City,2,4000000,Coventry City (A),1,31,0,0,0,0,0,0,0,0,0,0,0,1,0.0,0.0,0.0,0,1.0,0.0,Lucas Herrington
585,Lucas,Herrington,Herrington,DEF,Hull City,3,4000000,Aston Villa (H),1,19,0,0,0,0,0,0,0,0,0,0,0,2,0.0,0.0,0.0,0,1.0,0.0,Lucas Herrington
592,Abdoul,Ouattara,Ouattara,DEF,Ipswich Town,1,4000000,Sunderland (H),1,10,0,0,0,0,0,0,0,0,0,0,0,2,0.0,0.0,0.0,0,1.0,0.0,Abdoul Ouattara
592,Abdoul,Ouattara,Ouattara,DEF,Ipswich Town,2,4000000,Man Utd (A),1,17,0,0,0,1,0,0,0,0,0,0,0,0,0.0,0.0,0.0,0,1.0,0.0,Abdoul Ouattara
592,Abdoul,Ouattara,Ouattara,DEF,Ipswich Town,4,4000000,Crystal Palace (A),1,2,0,0,0,0,0,0,0,0,0,0,0,1,0.0,0.0,0.0,0,1.0,0.0,Abdoul Ouattara
622,Kaden,Braithwaite,Braithwaite,DEF,Man City,2,4000000,Crystal Palace (A),1,1,0,0,0,0,0,0,0,0,0,0,0,0,0.0,0.0,0.0,0,1.0,0.0,Kaden Braithwaite
638,Brooke,Norton-Cuffy,Norton-Cuffy,DEF,Hull City,3,4000000,Aston Villa (H),1,26,0,0,0,0,0,0,0,0,0,0,0,1,0.0,0.0,0.0,0,1.0,0.0,Brooke Norton-Cuffy
147,Tosin,Tosin,Adarabioyo,DEF,Spurs,4,4400000,Everton (H),1,5,0,0,0,0,0,0,0,0,0,0,0,4,0.0,0.0,0.0,0,1.0,0.0,Tosin Adarabioyo
207,Oscar,Mingueza,Mingueza,DEF,Crystal Palace,3,4400000,Fulham (A),1,1,0,0,0,0,0,0,0,0,0,0,0,1,0.0,0.0,0.0,0,1.0,0.0,Oscar Mingueza
29,Marco,M.Bizot,Bizot,GK,Aston Villa,1,4500000,Brighton (A),1,90,0,0,0,4,0,0,0,0,0,3,0,0,0.0,0.0,2.0,0,1.0,0.0,Marco Bizot
31,Ezri,Konsa,Konsa Ngoyo,DEF,Arsenal,2,4500000,Aston Villa (A),1,11,0,0,0,0,0,0,0,0,0,0,0,1,0.0,0.0,0.0,0,1.0,0.0,Ezri Konsa Ngoyo
33,Tyrone,Mings,Mings,DEF,Aston Villa,1,4500000,Brighton (A),1,16,0,0,0,0,0,0,0,0,0,0,0,1,0.0,0.0,0.0,0,1.0,0.0,Tyrone Mings
34,Pau,Pau,Torres,DEF,Aston Villa,4,4500000,Nott'm Forest (H),1,24,0,0,0,0,0,0,0,0,0,0,0,0,0.0,0.0,0.0,0,1.0,0.0,Pau Torres
64,Adam,Smith,Smith,DEF,Bournemouth,1,4500000,Man City (A),1,90,0,0,0,2,0,0,0,0,0,0,0,5,0.0,0.0,1.0,0,1.0,0.0,Adam Smith
89,Rico,Henry,Henry,DEF,Brentford,2,4500000,Leeds (A),1,2,0,0,0,0,0,0,0,0,0,0,0,0,0.0,0.0,0.0,0,1.0,0.0,Rico Henry
90,Aaron,Hickey,Hickey,DEF,Brentford,1,4500000,Spurs (H),1,14,0,0,0,0,0,0,0,0,0,0,0,0,0.0,0.0,0.0,0,1.0,0.0,Aaron Hickey
90,Aaron,Hickey,Hickey,DEF,Brentford,3,4500000,Sunderland (H),1,45,0,0,0,1,0,0,0,0,0,0,0,5,0.0,0.0,0.0,0,1.0,0.0,Aaron Hickey
91,Ethan,Pinnock,Pinnock,DEF,Coventry City,2,4500000,Hull City (H),1,12,0,0,0,1,0,0,0,0,0,0,0,2,0.0,0.0,0.0,0,1.0,0.0,Ethan Pinnock
119,João Pedro,Costinha,Loureiro da Costa,DEF,Brighton,4,4500000,Coventry City (A),1,6,0,0,0,0,0,0,0,0,0,0,0,1,0.0,0.0,0.0,0,1.0,0.0,João Pedro Loureiro da Costa
151,Josh,Acheampong,Acheampong,DEF,Chelsea,2,4500000,Brighton (H),1,22,0,0,0,1,0,0,0,0,0,0,0,3,0.0,0.0,0.0,0,1.0,0.0,Josh Acheampong
153,Axel,Disasi,Disasi,DEF,Crystal Palace,2,4500000,Man City (H),1,16,0,0,0,1,0,0,0,0,0,0,0,1,0.0,0.0,0.0,0,1.0,0.0,Axel Disasi
207,Oscar,Mingueza,Mingueza,DEF,Crystal Palace,2,4500000,Man City (H),1,15,0,0,0,1,0,0,0,0,0,0,0,1,0.0,0.0,0.0,0,1.0,0.0,Oscar Mingueza
212,Will,Hughes,Hughes,MID,Crystal Palace,3,4500000,Fulham (A),1,16,0,0,0,0,0,0,0,0,0,0,0,3,0.0,0.0,0.0,0,1.0,0.0,Will Hughes
250,Bernd,Leno,Leno,GK,Fulham,3,4500000,Crystal Palace (H),1,90,0,0,0,3,0,0,0,0,0,2,0,0,0.0,0.0,1.0,0,1.0,0.0,Bernd Leno
289,Matt,Crooks,Crooks,MID,Hull City,4,4500000,Chelsea (A),1,68,0,0,0,2,0,0,0,1,0,0,0,10,0.0,0.0,0.0,0,1.0,0.0,Matt Crooks
321,Sindre,Walle Egeli,Walle Egeli,FWD,Ipswich Town,1,4500000,Sunderland (H),1,10,0,0,0,0,0,0,0,0,0,0,0,0,0.0,0.0,0.0,0,1.0,0.0,Sindre Walle Egeli
323,Kasey,McAteer,McAteer,MID,Ipswich Town,1,4500000,Sunderland (H),1,24,0,0,0,0,0,0,0,0,0,0,0,3,0.0,0.0,0.0,0,1.0,0.0,Kasey McAteer
323,Kasey,McAteer,McAteer,MID,Ipswich Town,2,4500000,Man Utd (A),1,7,0,0,0,0,0,0,0,0,0,0,0,1,0.0,0.0,0.0,0,1.0,0.0,Kasey McAteer
329,Joe,Rodon,Rodon,DEF,Leeds,2,4500000,Brentford (H),1,33,0,0,0,0,0,0,0,0,0,0,0,4,0.0,0.0,0.0,0,1.0,0.0,Joe Rodon
396,Vitor,Vitor Reis,de Oliveira Nunes dos Reis,DEF,Man City,2,4500000,Crystal Palace (A),1,1,0,0,0,0,0,0,0,0,0,0,0,0,0.0,0.0,0.0,0,1.0,0.0,Vitor de Oliveira Nunes dos Reis
422,Noussair,Mazraoui,Mazraoui,DEF,Man Utd,2,4500000,Ipswich Town (H),1,17,0,0,0,1,0,0,0,0,0,0,0,0,0.0,0.0,0.0,0,1.0,0.0,Noussair Mazraoui
474,Jair,Jair Cunha,Paula da Cunha Filho,DEF,Nott'm Forest,2,4500000,Liverpool (A),1,90,0,0,0,2,0,0,0,0,0,0,0,8,0.0,0.0,1.0,0,1.0,0.0,Jair Paula da Cunha Filho
478,Luca,Netz,Netz,DEF,Nott'm Forest,1,4500000,Leeds (H),1,16,0,0,0,1,0,0,0,0,0,0,0,0,0.0,0.0,0.0,0,1.0,0.0,Luca Netz
478,Luca,Netz,Netz,DEF,Nott'm Forest,2,4500000,Liverpool (A),1,4,0,0,0,0,0,0,0,0,0,0,0,1,0.0,0.0,0.0,0,1.0,0.0,Luca Netz
502,Andrew,Robertson,Robertson,DEF,Spurs,3,4500000,Nott'm Forest (A),1,29,0,0,0,0,0,0,0,0,0,0,0,1,0.0,0.0,0.0,0,1.0,0.0,Andrew Robertson
534,Trai,Hume,Hume,DEF,Sunderland,3,4500000,Brentford (A),1,26,0,0,0,0,0,0,0,0,0,0,0,2,0.0,0.0,0.0,0,1.0,0.0,Trai Hume
577,Takehiro,Tomiyasu,Tomiyasu,DEF,Crystal Palace,2,4500000,Man City (H),1,73,0,0,0,3,0,0,0,0,0,0,0,8,0.0,0.0,1.0,0,1.0,0.0,Takehiro Tomiyasu
596,Matteo,Ruggeri,Ruggeri,DEF,Aston Villa,1,4500000,Brighton (A),1,8,0,0,0,0,0,0,0,0,0,0,0,2,0.0,0.0,0.0,0,1.0,0.0,Matteo Ruggeri
611,Aaron,Wan-Bissaka,Wan-Bissaka,DEF,Aston Villa,2,4500000,Arsenal (H),1,12,0,0,0,0,0,0,0,0,0,0,0,2,0.0,0.0,0.0,0,1.0,0.0,Aaron Wan-Bissaka
611,Aaron,Wan-Bissaka,Wan-Bissaka,DEF,Aston Villa,3,4500000,Hull City (A),1,5,0,0,0,0,0,0,0,0,0,0,0,1,0.0,0.0,0.0,0,1.0,0.0,Aaron Wan-Bissaka
621,Ryan,McAidoo,McAidoo,MID,Man City,3,4500000,Coventry City (H),1,3,0,0,0,0,0,0,0,0,0,0,0,4,0.0,0.0,0.0,0,1.0,0.0,Ryan McAidoo
641,Melvin,Bard,Bard,DEF,Leeds,4,4500000,Newcastle (H),1,18,0,0,0,1,0,0,0,0,0,0,0,2,0.0,0.0,0.0,0,1.0,0.0,Melvin Bard
203,Jaydee,Canvot,Canvot,DEF,Crystal Palace,3,4900000,Fulham (A),1,90,0,0,0,2,0,0,0,0,0,0,0,9,0.0,0.0,1.0,0,1.0,0.0,Jaydee Canvot
213,Jefferson,Lerma,Lerma Solís,MID,Crystal Palace,4,4900000,Ipswich Town (H),1,6,0,0,0,1,0,0,0,0,0,0,0,1,0.0,0.0,0.0,0,1.0,0.0,Jefferson Lerma Solís
232,Jake,O'Brien,O'Brien,DEF,Everton,4,4900000,Spurs (A),1,15,0,0,0,0,0,0,0,0,0,0,0,1,0.0,0.0,0.0,0,1.0,0.0,Jake O'Brien
339,Sean,Longstaff,Longstaff,MID,Leeds,4,4900000,Newcastle (H),1,2,0,0,0,1,0,0,0,0,0,0,0,0,0.0,0.0,0.0,0,1.0,0.0,Sean Longstaff
450,Tino,Livramento,Livramento,DEF,Newcastle,3,4900000,Bournemouth (H),1,1,0,0,0,0,0,0,0,0,0,0,0,0,0.0,0.0,0.0,0,1.0,0.0,Tino Livramento
559,Aladji,Bamba,Bamba,MID,Newcastle,4,4900000,Leeds (A),1,10,0,0,0,0,0,0,0,0,0,0,0,2,0.0,0.0,0.0,0,1.0,0.0,Aladji Bamba
35,Lamare,Bogarde,Bogarde,MID,Aston Villa,1,5000000,Brighton (A),1,16,0,0,0,0,0,0,0,0,0,0,0,1,0.0,0.0,0.0,0,1.0,0.0,Lamare Bogarde
52,Alysson Edward Franco,Alysson,da Rocha dos Santos,MID,Aston Villa,1,5000000,Brighton (A),1,8,0,0,0,0,0,0,0,0,0,0,0,3,0.0,0.0,0.0,0,1.0,0.0,Alysson Edward Franco da Rocha dos Santos
52,Alysson Edward Franco,Alysson,da Rocha dos Santos,MID,Aston Villa,3,5000000,Hull City (A),1,15,0,0,0,0,0,0,0,0,0,0,0,1,0.0,0.0,0.0,0,1.0,0.0,Alysson Edward Franco da Rocha dos Santos
71,Lewis,Cook,Cook,MID,Bournemouth,3,5000000,Newcastle (A),1,14,0,0,0,1,0,0,0,0,0,0,0,1,0.0,0.0,0.0,0,1.0,0.0,Lewis Cook
72,Ben,Gannon-Doak,Gannon-Doak,MID,Bournemouth,1,5000000,Man City (A),1,1,0,0,0,1,0,0,0,0,0,0,0,1,0.0,0.0,0.0,0,1.0,0.0,Ben Gannon-Doak
73,Tyler,Adams,Adams,MID,Bournemouth,1,5000000,Man City (A),1,15,0,0,0,2,0,0,0,0,0,0,0,3,0.0,0.0,0.0,0,1.0,0.0,Tyler Adams
73,Tyler,Adams,Adams,MID,Bournemouth,2,5000000,Everton (H),1,21,0,0,0,1,0,0,0,0,0,0,0,3,0.0,0.0,0.0,0,1.0,0.0,Tyler Adams
74,David,Brooks,Brooks,MID,Bournemouth,3,5000000,Newcastle (A),1,14,0,0,0,1,0,0,0,0,0,0,0,0,0.0,0.0,0.0,0,1.0,0.0,David Brooks
75,Ryan,Christie,Christie,MID,Bournemouth,2,5000000,Everton (H),1,3,0,0,0,1,0,0,0,0,0,0,0,2,0.0,0.0,0.0,0,1.0,0.0,Ryan Christie
75,Ryan,Christie,Christie,MID,Bournemouth,3,5000000,Newcastle (A),1,1,0,0,0,0,0,0,0,0,0,0,0,0,0.0,0.0,0.0,0,1.0,0.0,Ryan Christie
76,Alex,Tóth.A,Tóth,MID,Bournemouth,1,5000000,Man City (A),1,15,0,0,0,2,0,0,0,0,0,0,0,2,0.0,0.0,0.0,0,1.0,0.0,Alex Tóth
162,Andrey,Andrey Santos,Nascimento dos Santos,MID,Man Utd,2,5000000,Ipswich Town (H),1,10,0,0,0,1,0,0,0,0,0,0,0,5,0.0,0.0,0.0,0,1.0,0.0,Andrey Nascimento dos Santos
194,Brandon,Thomas-Asante,Thomas-Asante,FWD,Coventry City,2,5000000,Hull City (H),1,32,0,0,0,1,0,0,0,0,0,0,0,2,0.0,0.0,0.0,0,1.0,0.0,Brandon Thomas-Asante
194,Brandon,Thomas-Asante,Thomas-Asante,FWD,Coventry City,3,5000000,Man City (A),1,19,0,0,0,0,0,0,0,0,0,0,0,3,0.0,0.0,0.0,0,1.0,0.0,Brandon Thomas-Asante
240,Tim,Iroegbunam,Iroegbunam,MID,Hull City,2,5000000,Bournemouth (A),1,4,0,0,0,0,0,0,0,0,0,0,0,0,0.0,0.0,0.0,0,1.0,0.0,Tim Iroegbunam
320,Chuba,Akpom,Akpom,FWD,Ipswich Town,1,5000000,Sunderland (H),1,24,0,0,0,0,0,0,0,0,0,0,0,3,0.0,0.0,0.0,0,1.0,0.0,Chuba Akpom
327,Jaka,Bijol,Bijol,DEF,Leeds,2,5000000,Brentford (H),1,45,0,0,0,1,0,0,0,0,0,0,0,5,0.0,0.0,0.0,0,1.0,0.0,Jaka Bijol
328,Pascal,Struijk,Struijk,DEF,Brighton,3,5000000,Leeds (H),1,1,0,0,0,0,0,0,0,0,0,0,0,0,0.0,0.0,0.0,0,1.0,0.0,Pascal Struijk
339,Sean,Longstaff,Longstaff,MID,Leeds,1,5000000,Nott'm Forest (A),1,8,0,0,0,0,0,0,0,0,0,0,0,0,0.0,0.0,0.0,0,1.0,0.0,Sean Longstaff
375,Trey,Nyoni,Nyoni,MID,Liverpool,2,5000000,Nott'm Forest (H),1,13,0,0,0,0,0,0,0,0,0,0,0,5,0.0,0.0,0.0,0,1.0,0.0,Trey Nyoni
375,Trey,Nyoni,Nyoni,MID,Liverpool,3,5000000,Ipswich Town (A),1,6,0,0,0,0,0,0,0,0,0,0,0,0,0.0,0.0,0.0,0,1.0,0.0,Trey Nyoni
381,Lewis,Koumas,Koumas,MID,Liverpool,3,5000000,Ipswich Town (A),1,1,0,0,0,0,0,0,0,0,0,0,0,0,0.0,0.0,0.0,0,1.0,0.0,Lewis Koumas
417,Diogo,Dalot,Dalot Teixeira,DEF,Man Utd,1,5000000,Hull City (A),1,10,0,0,0,0,0,0,0,0,0,0,0,3,0.0,0.0,0.0,0,1.0,0.0,Diogo Dalot Teixeira
435,Shea,Lacey,Lacey,MID,Man Utd,1,5000000,Hull City (A),1,10,0,0,0,0,0,0,0,0,0,0,0,1,0.0,0.0,0.0,0,1.0,0.0,Shea Lacey
446,Fabian,Schär,Schär,DEF,Newcastle,1,5000000,Liverpool (H),1,1,0,0,0,1,0,0,0,0,0,0,0,0,0.0,0.0,0.0,0,1.0,0.0,Fabian Schär
462,Sean,Steur,Steur,MID,Newcastle,2,5000000,Spurs (A),1,19,0,0,0,0,0,0,0,0,0,0,0,3,0.0,0.0,0.0,0,1.0,0.0,Sean Steur
462,Sean,Steur,Steur,MID,Newcastle,3,5000000,Bournemouth (H),1,13,0,0,0,0,0,0,0,0,0,0,0,2,0.0,0.0,0.0,0,1.0,0.0,Sean Steur
487,Nicolás,Dominguez,Domínguez,MID,Nott'm Forest,2,5000000,Liverpool (A),1,1,0,0,0,0,0,0,0,0,0,0,0,0,0.0,0.0,0.0,0,1.0,0.0,Nicolás Domínguez
529,Robin,Roefs,Roefs,GK,Sunderland,1,5000000,Ipswich Town (A),1,90,0,0,0,2,0,0,0,0,0,1,0,0,0.0,0.0,1.0,0,1.0,0.0,Robin Roefs
548,Chris,Rigg,Rigg,MID,Sunderland,1,5000000,Ipswich Town (A),1,10,0,0,0,1,0,0,0,0,0,0,0,1,0.0,0.0,0.0,0,1.0,0.0,Chris Rigg
548,Chris,Rigg,Rigg,MID,Sunderland,2,5000000,Fulham (H),1,7,0,0,0,0,0,0,0,0,0,0,0,0,0.0,0.0,0.0,0,1.0,0.0,Chris Rigg
558,Xaver,Schlager,Schlager,MID,Nott'm Forest,1,5000000,Leeds (H),1,16,0,0,0,1,0,0,0,0,0,0,0,1,0.0,0.0,0.0,0,1.0,0.0,Xaver Schlager
559,Aladji,Bamba,Bamba,MID,Newcastle,1,5000000,Liverpool (H),1,14,0,0,0,1,0,0,0,0,0,0,0,2,0.0,0.0,0.0,0,1.0,0.0,Aladji Bamba
563,Hidemasa,Morita,Morita,MID,Hull City,2,5000000,Coventry City (A),1,45,0,0,0,0,0,0,0,0,0,0,0,3,0.0,0.0,0.0,0,1.0,0.0,Hidemasa Morita
567,Lukás,Horníček,Hornícek,GK,Newcastle,1,5000000,Liverpool (H),1,90,0,0,0,2,0,0,0,1,0,5,0,0,0.0,0.0,1.0,0,1.0,0.0,Lukás Hornícek
574,Jens,Hjertø-Dahl,Hjertø-Dahl,MID,Hull City,3,5000000,Aston Villa (H),1,8,0,0,0,0,0,0,0,0,0,0,0,1,0.0,0.0,0.0,0,1.0,0.0,Jens Hjertø-Dahl
575,Caleb,Yirenkyi,Yirenkyi,MID,Coventry City,1,5000000,Arsenal (A),1,61,0,0,0,3,0,0,0,1,0,0,0,3,0.0,0.0,0.0,0,1.0,0.0,Caleb Yirenkyi
575,Caleb,Yirenkyi,Yirenkyi,MID,Coventry City,3,5000000,Man City (A),1,27,0,0,0,0,0,0,0,0,0,0,0,6,0.0,0.0,0.0,0,1.0,0.0,Caleb Yirenkyi
580,Shea,Charles,Charles,MID,Fulham,1,5000000,Chelsea (H),1,23,0,0,0,0,0,0,0,0,0,0,0,3,0.0,0.0,0.0,0,1.0,0.0,Shea Charles
583,Pep,Chavarria,Chavarría,DEF,Chelsea,1,5000000,Fulham (A),1,25,0,0,0,0,0,0,0,0,0,0,0,1,0.0,0.0,0.0,0,1.0,0.0,Pep Chavarría
583,Pep,Chavarria,Chavarría,DEF,Chelsea,3,5000000,Arsenal (A),1,30,0,0,0,0,0,0,0,0,0,0,0,2,0.0,0.0,0.0,0,1.0,0.0,Pep Chavarría
595,Zavier,Gozo,Gozo,MID,Crystal Palace,2,5000000,Man City (H),1,22,0,0,0,1,0,0,0,0,0,0,0,1,0.0,0.0,0.0,0,1.0,0.0,Zavier Gozo
595,Zavier,Gozo,Gozo,MID,Crystal Palace,4,5000000,Ipswich Town (H),1,6,0,0,0,1,0,0,0,0,0,0,0,0,0.0,0.0,0.0,0,1.0,0.0,Zavier Gozo
599,Sidiki,Cherif,Cherif,FWD,Coventry City,4,5000000,Brighton (H),1,30,0,0,0,3,0,0,0,0,0,0,0,1,0.0,0.0,0.0,0,1.0,0.0,Sidiki Cherif
608,Daniel,Jebbison,Jebbison,FWD,Bournemouth,3,5000000,Newcastle (A),1,1,0,0,0,0,0,0,0,0,0,0,0,0,0.0,0.0,0.0,0,1.0,0.0,Daniel Jebbison
617,Mohamed-Ali,Cho,Cho,MID,Hull City,2,5000000,Coventry City (A),1,7,0,0,0,0,0,0,0,0,0,0,0,0,0.0,0.0,0.0,0,1.0,0.0,Mohamed-Ali Cho
637,Robinio,Vaz,Vaz,FWD,Hull City,4,5000000,Chelsea (A),1,8,0,0,0,0,0,0,0,0,0,0,0,1,0.0,0.0,0.0,0,1.0,0.0,Robinio Vaz
9,Piero,Hincapie,Hincapié,DEF,Arsenal,3,5400000,Chelsea (H),1,23,0,0,0,0,0,0,0,0,0,0,0,3,0.0,0.0,0.0,0,1.0,0.0,Piero Hincapié
19,Martín,Zubimendi,Zubimendi Ibáñez,MID,Arsenal,4,5400000,Sunderland (A),1,9,0,0,0,0,0,0,0,0,0,0,0,2,0.0,0.0,0.0,0,1.0,0.0,Martín Zubimendi Ibáñez
188,Victor,Torp,Torp,MID,Coventry City,4,5400000,Brighton (H),1,6,0,0,0,1,0,0,0,0,0,0,0,0,0.0,0.0,0.0,0,1.0,0.0,Victor Torp
262,Emile,Smith Rowe,Smith Rowe,MID,Fulham,4,5400000,Liverpool (A),1,13,0,0,0,0,0,0,0,0,0,0,0,2,0.0,0.0,0.0,0,1.0,0.0,Emile Smith Rowe
271,Rodrigo,Muniz,Muniz Carvalho,FWD,Fulham,4,5400000,Liverpool (A),1,13,0,0,0,0,0,0,0,0,0,0,0,1,0.0,0.0,0.0,0,1.0,0.0,Rodrigo Muniz Carvalho
337,Brenden,Aaronson,Aaronson,MID,Leeds,4,5400000,Newcastle (H),1,18,0,0,0,1,0,0,0,0,0,0,0,1,0.0,0.0,0.0,0,1.0,0.0,Brenden Aaronson
562,Daizen,Maeda,Maeda,MID,Ipswich Town,4,5400000,Crystal Palace (A),1,27,0,0,0,1,0,0,0,0,0,0,0,0,0.0,0.0,0.0,0,1.0,0.0,Daizen Maeda
578,Mykhailo,Mudryk,Mudryk,MID,Spurs,3,5400000,Nott'm Forest (A),1,16,0,0,0,0,0,0,0,0,0,0,0,0,0.0,0.0,0.0,0,1.0,0.0,Mykhailo Mudryk
581,Ousmane,Diomande,Diomande,DEF,Nott'm Forest,3,5400000,Spurs (H),1,1,0,0,0,0,0,0,0,0,0,0,0,0,0.0,0.0,0.0,0,1.0,0.0,Ousmane Diomande
7,Myles,Lewis-Skelly,Lewis-Skelly,MID,Arsenal,4,5500000,Sunderland (A),1,45,0,0,0,0,0,0,0,0,0,0,0,0,0.0,0.0,0.0,0,1.0,0.0,Myles Lewis-Skelly
9,Piero,Hincapie,Hincapié,DEF,Arsenal,1,5500000,Coventry City (H),1,9,0,0,0,0,0,0,0,0,0,0,0,0,0.0,0.0,0.0,0,1.0,0.0,Piero Hincapié
10,Benjamin,White,White,DEF,Arsenal,4,5500000,Sunderland (A),1,45,0,0,0,0,0,0,0,0,0,0,0,3,0.0,0.0,0.0,0,1.0,0.0,Benjamin White
19,Martín,Zubimendi,Zubimendi Ibáñez,MID,Arsenal,2,5500000,Aston Villa (A),1,5,0,0,0,0,0,0,0,0,0,0,0,2,0.0,0.0,0.0,0,1.0,0.0,Martín Zubimendi Ibáñez
56,Tammy,Abraham,Abraham,FWD,Aston Villa,2,5500000,Arsenal (H),1,19,0,0,0,0,0,0,0,0,0,0,0,0,0.0,0.0,0.0,0,1.0,0.0,Tammy Abraham
56,Tammy,Abraham,Abraham,FWD,Aston Villa,3,5500000,Hull City (A),1,5,0,0,0,0,0,0,0,0,0,0,0,1,0.0,0.0,0.0,0,1.0,0.0,Tammy Abraham
56,Tammy,Abraham,Abraham,FWD,Aston Villa,4,5500000,Nott'm Forest (H),1,45,0,0,0,2,0,0,0,0,0,0,0,1,0.0,0.0,0.0,0,1.0,0.0,Tammy Abraham
60,James,Hill,Hill,DEF,Bournemouth,1,5500000,Man City (A),1,90,0,0,0,2,0,0,0,0,0,0,0,6,0.0,0.0,1.0,0,1.0,0.0,James Hill
61,Adrien,Truffert,Truffert,DEF,Bournemouth,1,5500000,Man City (A),1,90,0,0,0,2,0,0,0,0,0,0,0,7,0.0,0.0,1.0,0,1.0,0.0,Adrien Truffert
84,Nathan,Collins,Collins,DEF,Brentford,3,5500000,Sunderland (H),1,16,0,0,0,0,0,0,0,0,0,0,0,1,0.0,0.0,0.0,0,1.0,0.0,Nathan Collins
108,Callum,Wilson,Wilson,FWD,Brentford,3,5500000,Sunderland (H),1,4,0,0,0,0,0,0,0,0,0,0,0,1,0.0,0.0,0.0,0,1.0,0.0,Callum Wilson
142,Reece,James,James,DEF,Chelsea,2,5500000,Brighton (H),1,22,0,0,0,1,0,0,0,0,0,0,0,0,0.0,0.0,0.0,0,1.0,0.0,Reece James
159,Moisés,Caicedo,Caicedo Corozo,MID,Chelsea,2,5500000,Brighton (H),1,13,0,0,0,0,0,0,0,0,0,0,0,0,0.0,0.0,0.0,0,1.0,0.0,Moisés Caicedo Corozo
164,Geovany,Quenda,Quenda,MID,Chelsea,1,5500000,Fulham (A),1,8,0,0,0,0,0,0,0,0,0,0,0,1,0.0,0.0,0.0,0,1.0,0.0,Geovany Quenda
241,Dwight,McNeil,McNeil,MID,Crystal Palace,2,5500000,Man City (H),1,22,0,0,0,1,0,0,0,0,0,0,0,2,0.0,0.0,0.0,0,1.0,0.0,Dwight McNeil
262,Emile,Smith Rowe,Smith Rowe,MID,Fulham,3,5500000,Crystal Palace (H),1,11,0,0,0,0,0,0,0,0,0,0,0,0,0.0,0.0,0.0,0,1.0,0.0,Emile Smith Rowe
316,Emersonn,Emersonn,Correia da Silva,FWD,Ipswich Town,2,5500000,Man Utd (A),1,45,0,0,0,1,0,0,0,0,0,0,0,1,0.0,0.0,0.0,0,1.0,0.0,Emersonn Correia da Silva
337,Brenden,Aaronson,Aaronson,MID,Leeds,3,5500000,Brighton (A),1,28,0,0,0,1,0,0,0,0,0,0,0,0,0.0,0.0,0.0,0,1.0,0.0,Brenden Aaronson
405,Nico,N.Gonzalez,González Iglesias,MID,Newcastle,4,5500000,Leeds (A),1,18,0,0,0,0,0,0,0,0,0,0,0,1,0.0,0.0,0.0,0,1.0,0.0,Nico González Iglesias
492,Taiwo,Awoniyi,Awoniyi,FWD,Coventry City,1,5500000,Arsenal (A),1,20,0,0,0,0,0,0,0,0,0,0,0,1,0.0,0.0,0.0,0,1.0,0.0,Taiwo Awoniyi
493,Arnaud,Kalimuendo,Kalimuendo,FWD,Nott'm Forest,1,5500000,Leeds (H),1,1,0,0,0,0,0,0,0,0,0,0,0,0,0.0,0.0,0.0,0,1.0,0.0,Arnaud Kalimuendo
549,Chemsdine,Talbi,Talbi,MID,Sunderland,1,5500000,Ipswich Town (A),1,31,0,0,0,1,0,0,0,0,0,0,0,2,0.0,0.0,0.0,0,1.0,0.0,Chemsdine Talbi
553,Wilson,Isidor,Isidor,FWD,Sunderland,1,5500000,Ipswich Town (A),1,23,0,0,0,1,0,0,0,0,0,0,0,0,0.0,0.0,0.0,0,1.0,0.0,Wilson Isidor
553,Wilson,Isidor,Isidor,FWD,Sunderland,4,5500000,Arsenal (H),1,20,0,0,0,1,0,0,0,0,0,0,0,1,0.0,0.0,0.0,0,1.0,0.0,Wilson Isidor
584,Gustavo,Hamer,Hamer,MID,Coventry City,1,5500000,Arsenal (A),1,8,0,0,0,0,0,0,0,0,0,0,0,1,0.0,0.0,0.0,0,1.0,0.0,Gustavo Hamer
584,Gustavo,Hamer,Hamer,MID,Coventry City,3,5500000,Man City (A),1,5,0,0,0,0,0,0,0,0,0,0,0,2,0.0,0.0,0.0,0,1.0,0.0,Gustavo Hamer
616,Ayyoub,Bouaddi,Bouaddi,MID,Man City,3,5500000,Coventry City (H),1,14,0,0,0,0,0,0,0,0,0,0,0,5,0.0,0.0,0.0,0,1.0,0.0,Ayyoub Bouaddi
646,Malick,Fofana,Fofana,MID,Sunderland,3,5500000,Brentford (A),1,16,0,0,0,0,0,0,0,0,0,0,0,0,0.0,0.0,0.0,0,1.0,0.0,Malick Fofana
646,Malick,Fofana,Fofana,MID,Sunderland,4,5500000,Arsenal (H),1,14,0,0,0,1,0,0,0,0,0,0,0,0,0.0,0.0,0.0,0,1.0,0.0,Malick Fofana
647,Darío,Osorio,Osorio,MID,Crystal Palace,3,5500000,Fulham (A),1,1,0,0,0,0,0,0,0,0,0,0,0,1,0.0,0.0,0.0,0,1.0,0.0,Darío Osorio
17,Mikel,Merino,Merino Zazón,MID,Arsenal,4,5800000,Sunderland (A),1,5,0,0,0,0,0,0,0,0,0,0,0,0,0.0,0.0,0.0,0,1.0,0.0,Mikel Merino Zazón
136,Danny,Welbeck,Welbeck,FWD,Chelsea,3,5900000,Arsenal (A),1,3,0,0,0,0,0,0,0,0,0,0,0,0,0.0,0.0,0.0,0,1.0,0.0,Danny Welbeck
160,Alejandro,Garnacho,Garnacho Ferreyra,MID,Aston Villa,3,5900000,Hull City (A),1,15,0,0,0,0,0,0,0,0,0,0,0,0,0.0,0.0,0.0,0,1.0,0.0,Alejandro Garnacho Ferreyra
457,Jacob,J.Murphy,Murphy,MID,Newcastle,3,5900000,Bournemouth (H),1,13,0,0,0,0,0,0,0,0,0,0,0,1,0.0,0.0,0.0,0,1.0,0.0,Jacob Murphy
490,Chris,Wood,Wood,FWD,Nott'm Forest,3,5900000,Spurs (H),1,16,0,0,0,0,0,0,0,0,0,0,0,0,0.0,0.0,0.0,0,1.0,0.0,Chris Wood
490,Chris,Wood,Wood,FWD,Nott'm Forest,4,5900000,Aston Villa (A),1,1,0,0,0,0,0,0,0,0,0,0,0,0,0.0,0.0,0.0,0,1.0,0.0,Chris Wood
491,Igor Jesus,Igor Jesus,Maciel da Cruz,FWD,Nott'm Forest,3,5900000,Spurs (H),1,31,0,0,0,0,0,0,0,0,0,0,0,1,0.0,0.0,0.0,0,1.0,0.0,Igor Jesus Maciel da Cruz
17,Mikel,Merino,Merino Zazón,MID,Arsenal,2,6000000,Aston Villa (A),1,19,0,0,0,0,0,0,0,0,0,0,0,4,0.0,0.0,0.0,0,1.0,0.0,Mikel Merino Zazón
81,Álvaro,Rodríguez,Rodríguez,FWD,Bournemouth,2,6000000,Everton (H),1,9,0,0,0,1,0,0,0,0,0,0,0,1,0.0,0.0,0.0,0,1.0,0.0,Álvaro Rodríguez
81,Álvaro,Rodríguez,Rodríguez,FWD,Bournemouth,4,6000000,Brentford (H),1,1,0,0,0,0,0,0,0,0,0,0,0,0,0.0,0.0,0.0,0,1.0,0.0,Álvaro Rodríguez
160,Alejandro,Garnacho,Garnacho Ferreyra,MID,Aston Villa,1,6000000,Brighton (A),1,4,0,0,0,0,0,0,0,0,0,0,0,0,0.0,0.0,0.0,0,1.0,0.0,Alejandro Garnacho Ferreyra
160,Alejandro,Garnacho,Garnacho Ferreyra,MID,Aston Villa,2,6000000,Arsenal (H),1,12,0,0,0,0,0,0,0,0,0,0,0,2,0.0,0.0,0.0,0,1.0,0.0,Alejandro Garnacho Ferreyra
200,Maxence,Lacroix,Lacroix,DEF,Chelsea,4,6000000,Hull City (H),1,4,0,0,0,0,0,0,0,0,0,0,0,3,0.0,0.0,0.0,0,1.0,0.0,Maxence Lacroix
209,Brennan,Johnson,Johnson,MID,Everton,1,6000000,Crystal Palace (H),1,6,0,0,0,0,0,0,0,0,0,0,0,2,0.0,0.0,0.0,0,1.0,0.0,Brennan Johnson
209,Brennan,Johnson,Johnson,MID,Everton,2,6000000,Bournemouth (A),1,28,0,0,0,0,0,0,0,0,0,0,0,2,0.0,0.0,0.0,0,1.0,0.0,Brennan Johnson
222,Jørgen,Strand Larsen,Strand Larsen,FWD,Crystal Palace,3,6000000,Fulham (A),1,45,0,0,0,0,0,0,0,0,0,0,0,4,0.0,0.0,0.0,0,1.0,0.0,Jørgen Strand Larsen
239,James,Garner,Garner,MID,Everton,2,6000000,Bournemouth (A),1,61,0,0,0,1,0,0,0,1,0,0,0,10,0.0,0.0,0.0,0,1.0,0.0,James Garner
371,Ryan,Gravenberch,Gravenberch,MID,Liverpool,3,6000000,Ipswich Town (A),1,26,0,0,0,0,0,0,0,0,0,0,0,2,0.0,0.0,0.0,0,1.0,0.0,Ryan Gravenberch
461,Bazoumana,Touré,Touré,MID,Newcastle,2,6000000,Spurs (A),1,1,0,0,0,0,0,0,0,0,0,0,0,0,0.0,0.0,0.0,0,1.0,0.0,Bazoumana Touré
482,Callum,Hudson-Odoi,Hudson-Odoi,MID,Nott'm Forest,2,6000000,Liverpool (A),1,1,0,0,0,0,0,0,0,0,0,0,0,0,0.0,0.0,0.0,0,1.0,0.0,Callum Hudson-Odoi
594,Promise,David,David,FWD,Brighton,2,6000000,Chelsea (A),1,10,0,0,0,0,0,0,0,0,0,0,0,0,0.0,0.0,0.0,0,1.0,0.0,Promise David
634,Matias,Fernandez-Pardo,Fernandez-Pardo,FWD,Newcastle,3,6000000,Bournemouth (H),1,27,0,0,0,0,0,0,0,0,0,0,0,1,0.0,0.0,0.0,0,1.0,0.0,Matias Fernandez-Pardo
14,Eberechi,Eze,Eze,MID,Arsenal,4,6300000,Sunderland (A),1,9,0,0,0,0,0,0,0,0,0,0,0,0,0.0,0.0,0.0,0,1.0,0.0,Eberechi Eze
387,Nico,O'Reilly,O'Reilly,DEF,Man City,4,6400000,Man Utd (A),1,8,0,0,0,0,0,0,0,0,0,0,0,0,0.0,0.0,0.0,0,1.0,0.0,Nico O'Reilly
157,Estêvão,Estêvão,Almeida de Oliveira Gonçalves,MID,Chelsea,1,6500000,Fulham (A),1,7,0,0,0,0,0,0,0,0,0,0,0,1,0.0,0.0,0.0,0,1.0,0.0,Estêvão Almeida de Oliveira Gonçalves
238,Jack,Grealish,Grealish,MID,Everton,1,6500000,Bournemouth (H),1,8,0,0,0,0,0,0,0,0,0,0,0,1,0.0,0.0,0.0,0,1.0,0.0,Jack Grealish
25,Viktor,Gyökeres,Gyökeres,FWD,Arsenal,3,7300000,Chelsea (H),1,12,0,0,0,0,0,0,0,0,0,0,0,1,0.0,0.0,0.0,0,1.0,0.0,Viktor Gyökeres
269,Ryan,Sessegnon,Sessegnon,DEF,Fulham,2,4500000,Sunderland (A),1,22,0,0,0,1,0,0,0,0,0,0,0,1,0.02,0.12,1.0,0,0.48,0.52,Ryan Sessegnon
253,Joachim,Andersen,Andersen,DEF,Fulham,2,5000000,Sunderland (A),1,90,0,0,0,1,0,0,0,1,0,0,0,8,0.0,0.04,1.0,0,0.12,0.88,Joachim Andersen
539,Luke,O'Nien,O'Nien,DEF,Sunderland,1,4000000,Ipswich Town (A),1,66,0,0,0,1,0,0,0,1,0,0,0,5,0.01,0.01,1.0,0,0.09,0.91,Luke O'Nien
112,Jan Paul,Van Hecke,van Hecke,DEF,Spurs,1,5000000,Brentford (A),1,90,0,0,0,3,0,0,0,0,0,0,0,9,0.0,0.03,2.0,0,0.09,0.91,Jan Paul van Hecke
64,Adam,Smith,Smith,DEF,Bournemouth,2,4500000,Everton (H),1,90,0,0,0,1,0,0,0,1,0,0,0,6,0.0,0.02,1.0,0,0.06,0.94,Adam Smith
5,Jurriën,J.Timber,Timber,DEF,Arsenal,4,6500000,Sunderland (A),1,45,0,0,0,0,0,0,0,0,0,0,0,3,0.0,0.01,1.0,0,0.03,0.97,Jurriën Timber
327,Jaka,Bijol,Bijol,DEF,Leeds,3,5000000,Brighton (A),1,29,0,0,0,1,0,0,0,0,0,0,0,4,0.0,0.0,1.0,0,0.0,1.0,Jaka Bijol
542,Enzo,E.Le Fée,Le Fée,MID,Sunderland,4,5800000,Arsenal (H),0,90,0,0,0,2,0,0,1,0,0,0,0,4,0.85,0.59,0.0,2,10.02,-10.02,Enzo Le Fée
106,Igor Thiago,Thiago,Nascimento Rodrigues,FWD,Brentford,1,8000000,Spurs (H),0,82,0,0,1,0,0,0,1,0,0,0,0,5,1.0,0.08,0.0,2,8.24,-8.24,Igor Thiago Nascimento Rodrigues
533,Nordi,Mukiele,Mukiele,DEF,Sunderland,4,5500000,Arsenal (H),0,90,0,0,0,2,0,0,0,1,0,0,0,6,0.7,0.02,1.0,1,5.26,-5.26,Nordi Mukiele
64,Adam,Smith,Smith,DEF,Bournemouth,4,4500000,Brentford (H),0,90,0,0,0,2,0,0,0,1,0,0,0,6,0.0,0.01,0.0,0,5.03,-5.03,Adam Smith
201,Daniel,Muñoz,Muñoz Mejía,DEF,Nott'm Forest,1,5500000,Everton (A),0,54,0,0,0,2,0,0,0,0,0,0,0,4,0.23,0.01,0.0,0,3.41,-3.41,Daniel Muñoz Mejía
415,Patrick,Dorgu,Dorgu,MID,Man Utd,1,6000000,Hull City (A),0,45,0,0,0,2,0,0,0,1,0,0,0,1,0.47,0.03,0.0,0,2.44,-2.44,Patrick Dorgu
173,Bobby,Thomas,Thomas,DEF,Coventry City,4,4000000,Brighton (H),0,90,0,0,0,5,0,0,0,0,0,0,0,8,0.19,0.07,1.0,0,2.35,-2.35,Bobby Thomas
204,Tyrick,Mitchell,Mitchell,DEF,Crystal Palace,2,4500000,Man City (H),0,90,0,0,0,4,0,0,0,0,0,0,0,5,0.11,0.16,1.0,0,2.14,-2.14,Tyrick Mitchell
459,Lewis,L.Miley,Miley,MID,Newcastle,4,5500000,Leeds (A),0,79,0,0,0,4,1,0,0,0,0,0,0,10,0.0,0.03,0.0,0,2.09,-2.09,Lewis Miley
577,Takehiro,Tomiyasu,Tomiyasu,DEF,Crystal Palace,4,4500000,Ipswich Town (H),0,53,0,0,0,2,0,0,0,0,0,0,0,5,0.0,0.01,0.0,0,2.03,-2.03,Takehiro Tomiyasu
384,Gianluigi,Donnarumma,Donnarumma,GK,Man City,2,5500000,Crystal Palace (A),0,90,0,0,0,1,1,0,0,0,0,1,0,0,0.0,0.0,0.0,0,2.0,-2.0,Gianluigi Donnarumma
176,Jay,Dasilva,Dasilva,DEF,Coventry City,4,4000000,Brighton (H),0,90,0,0,0,5,0,0,0,0,0,0,0,3,0.0,0.33,1.0,0,1.99,-1.99,Jay Dasilva
142,Reece,James,James,DEF,Chelsea,1,5500000,Fulham (A),0,90,0,0,0,2,0,0,0,1,0,0,0,6,0.1,0.07,0.0,0,1.81,-1.81,Reece James
594,Promise,David,David,FWD,Brighton,3,6000000,Leeds (H),0,13,0,0,0,0,0,0,0,1,0,0,0,0,0.42,0.0,0.0,0,1.68,-1.68,Promise David
130,Mats,Wieffer,Wieffer,DEF,Brighton,2,5000000,Chelsea (A),0,79,0,0,0,4,0,0,0,0,0,0,0,7,0.03,0.08,1.0,0,1.42,-1.42,Mats Wieffer
457,Jacob,J.Murphy,Murphy,MID,Newcastle,4,5900000,Leeds (A),0,56,0,0,0,3,0,0,0,1,0,0,0,4,0.0,0.14,0.0,0,1.42,-1.42,Jacob Murphy
115,Maxim,De Cuyper,De Cuyper,DEF,Brighton,2,4600000,Chelsea (A),0,90,0,0,0,4,0,0,0,0,0,0,0,2,0.03,0.05,1.0,0,1.33,-1.33,Maxim De Cuyper
148,Jorrel,Hato,Hato,DEF,Chelsea,4,4500000,Hull City (H),0,45,0,0,0,2,0,0,0,0,0,0,0,3,0.0,0.1,0.0,0,1.3,-1.3,Jorrel Hato
202,Chris,Richards,Richards,DEF,Crystal Palace,2,5000000,Man City (H),0,90,0,0,0,4,0,0,0,0,0,0,0,6,0.04,0.0,1.0,0,1.24,-1.24,Chris Richards
504,Luka,Vuskovic,Vušković,DEF,Brighton,2,5000000,Chelsea (A),0,90,0,0,0,4,0,0,0,0,0,0,0,8,0.03,0.02,1.0,0,1.24,-1.24,Luka Vušković
61,Adrien,Truffert,Truffert,DEF,Bournemouth,3,5500000,Newcastle (A),0,90,0,0,0,2,0,0,0,1,0,0,0,6,0.01,0.06,0.0,0,1.24,-1.24,Adrien Truffert
64,Adam,Smith,Smith,DEF,Bournemouth,3,4500000,Newcastle (A),0,90,0,0,0,2,0,0,0,1,0,0,0,4,0.01,0.04,0.0,0,1.18,-1.18,Adam Smith
113,Ferdi,F.Kadıoğlu,Kadıoğlu,DEF,Brighton,2,4500000,Chelsea (A),0,90,0,0,0,4,0,0,0,0,0,0,0,0,0.02,0.01,1.0,0,1.15,-1.15,Ferdi Kadıoğlu
149,Levi,Colwill,Samuels Colwill,DEF,Chelsea,1,5000000,Fulham (A),0,90,0,0,0,2,0,0,0,1,0,0,0,4,0.01,0.03,0.0,0,1.15,-1.15,Levi Samuels Colwill
449,Lewis,Hall,Hall,DEF,Newcastle,4,5200000,Leeds (A),0,90,0,0,0,4,0,0,0,0,0,0,0,6,0.02,0.01,1.0,0,1.15,-1.15,Lewis Hall
175,Milan,van Ewijk,van Ewijk,DEF,Coventry City,4,4000000,Brighton (H),0,90,0,0,0,5,0,0,0,0,0,0,0,7,0.0,0.04,1.0,0,1.12,-1.12,Milan van Ewijk
576,Elliot,Stroud,Stroud,MID,Hull City,2,5000000,Coventry City (A),0,58,0,0,0,0,0,0,0,1,0,0,0,7,0.01,0.01,0.0,0,1.08,-1.08,Elliot Stroud
503,Micky,Van de Ven,van de Ven,DEF,Spurs,2,5000000,Newcastle (H),0,90,0,0,0,2,0,0,0,1,0,0,0,8,0.0,0.02,0.0,0,1.06,-1.06,Micky van de Ven
473,Ola,Aina,Aina,DEF,Nott'm Forest,2,4500000,Liverpool (A),0,85,0,0,0,2,0,0,0,1,0,0,0,5,0.0,0.35,1.0,0,1.05,-1.05,Ola Aina
110,Carl,Rushworth,Rushworth,GK,Coventry City,4,4500000,Brighton (H),0,90,0,0,0,5,0,0,0,0,0,2,0,0,0.0,0.01,1.0,0,1.03,-1.03,Carl Rushworth
145,Wesley,Fofana,Fofana,DEF,Chelsea,2,5000000,Brighton (H),0,67,0,0,0,2,0,0,0,1,0,0,0,9,0.0,0.01,0.0,0,1.03,-1.03,Wesley Fofana
182,Aurèle,Amenda,Amenda,DEF,Coventry City,4,4000000,Brighton (H),0,90,0,0,0,5,0,0,0,0,0,0,0,8,0.0,0.0,1.0,0,1.0,-1.0,Aurèle Amenda
109,Bart,Verbruggen,Verbruggen,GK,Brighton,2,4500000,Chelsea (A),0,90,0,0,0,4,0,0,0,0,0,1,0,0,0.0,0.0,1.0,0,1.0,-1.0,Bart Verbruggen
593,Amar,Dedić,Dedic,DEF,Newcastle,4,4500000,Leeds (A),0,57,0,0,0,3,0,0,0,0,0,0,0,6,0.0,0.0,1.0,0,1.0,-1.0,Amar Dedic
203,Jaydee,Canvot,Canvot,DEF,Crystal Palace,2,5000000,Man City (H),0,90,0,0,0,4,0,0,0,0,0,0,0,7,0.0,0.0,1.0,0,1.0,-1.0,Jaydee Canvot
565,Mamadou,M.Sangaré,Sangaré,MID,Brentford,3,5700000,Sunderland (H),0,45,0,0,0,0,0,0,0,1,0,0,0,5,0.15,0.01,0.0,0,0.78,-0.78,Mamadou Sangaré
33,Tyrone,Mings,Mings,DEF,Aston Villa,4,4500000,Nott'm Forest (H),0,65,0,0,0,2,0,0,0,1,0,0,0,5,0.09,0.0,1.0,0,0.54,-0.54,Tyrone Mings
532,Daniel,Ballard,Ballard,DEF,Sunderland,4,4900000,Arsenal (H),0,90,0,0,0,2,0,0,0,1,0,0,0,6,0.08,0.01,1.0,0,0.51,-0.51,Daniel Ballard
304,Dara,O'Shea,O'Shea,DEF,Ipswich Town,2,4000000,Man Utd (A),0,90,0,0,0,5,0,0,0,0,0,0,0,1,0.07,0.01,2.0,0,0.45,-0.45,Dara O'Shea
456,Jacob,J.Ramsey,Ramsey,MID,Newcastle,1,5000000,Liverpool (H),0,34,0,0,0,1,0,0,0,1,0,0,0,6,0.06,0.01,0.0,0,0.33,-0.33,Jacob Ramsey
357,Jeremie,Frimpong,Frimpong,DEF,Liverpool,1,5500000,Newcastle (A),0,90,0,0,0,2,0,0,0,1,0,0,0,2,0.01,0.09,1.0,0,0.33,-0.33,Jeremie Frimpong
638,Brooke,Norton-Cuffy,Norton-Cuffy,DEF,Hull City,4,4000000,Chelsea (A),0,8,0,0,0,0,0,0,0,1,0,0,0,0,0.05,0.0,0.0,0,0.3,-0.3,Brooke Norton-Cuffy
519,Conor,Gallagher,Gallagher,MID,Spurs,1,5500000,Brentford (A),0,45,0,0,0,2,0,0,0,1,0,0,0,3,0.02,0.06,0.0,0,0.28,-0.28,Conor Gallagher
568,Valentín,Barco,Barco,MID,Chelsea,4,5500000,Hull City (H),0,21,0,0,0,0,0,0,0,1,0,0,0,2,0.0,0.09,0.0,0,0.27,-0.27,Valentín Barco
102,Yehor,Yarmoliuk,Yarmoliuk,MID,Brentford,3,4900000,Sunderland (H),0,45,0,0,0,1,0,0,0,1,0,0,0,5,0.03,0.02,0.0,0,0.21,-0.21,Yehor Yarmoliuk
243,Carlos,Alcaraz,Alcaraz Durán,MID,Everton,2,5000000,Bournemouth (A),0,4,0,0,0,0,0,0,0,1,0,0,0,0,0.03,0.02,0.0,0,0.21,-0.21,Carlos Alcaraz Durán
36,Ian,Maatsen,Maatsen,DEF,Aston Villa,1,4500000,Brighton (A),0,81,0,0,0,4,0,0,0,0,0,0,0,9,0.03,0.0,2.0,0,0.18,-0.18,Ian Maatsen
257,Calvin,Bassey,Bassey,DEF,Fulham,1,4500000,Chelsea (H),0,90,0,0,0,3,0,0,0,1,0,0,0,4,0.02,0.02,1.0,0,0.18,-0.18,Calvin Bassey
358,Milos,Kerkez,Kerkez,DEF,Liverpool,1,5500000,Newcastle (A),0,90,0,0,0,2,0,0,0,1,0,0,0,7,0.02,0.02,1.0,0,0.18,-0.18,Milos Kerkez
166,Nicolas,N.Jackson,Jackson,FWD,Aston Villa,4,6500000,Nott'm Forest (H),0,45,0,0,0,0,0,0,0,1,0,0,0,0,0.0,0.04,0.0,0,0.12,-0.12,Nicolas Jackson
532,Daniel,Ballard,Ballard,DEF,Sunderland,1,5000000,Ipswich Town (A),0,90,0,0,0,2,0,0,0,1,0,0,0,9,0.0,0.01,1.0,0,0.03,-0.03,Daniel Ballard
579,Ronald,Araujo,Araujo,DEF,Liverpool,2,5500000,Nott'm Forest (H),0,13,0,0,0,0,0,0,0,1,0,0,0,1,0.0,0.01,0.0,0,0.03,-0.03,Ronald Araujo
557,Christos,Tzolis,Tzolis,MID,Arsenal,2,6500000,Aston Villa (A),0,45,0,0,0,0,0,0,0,1,0,0,0,3,0.0,0.01,0.0,0,0.03,-0.03,Christos Tzolis
38,Andrés,A.García,García,DEF,Aston Villa,1,4000000,Brighton (A),0,0,0,0,0,0,0,0,0,0,0,0,0,0,0.0,0.0,0.0,0,0.0,0.0,Andrés García
38,Andrés,A.García,García,DEF,Aston Villa,2,4000000,Arsenal (H),0,0,0,0,0,0,0,0,0,0,0,0,0,0,0.0,0.0,0.0,0,0.0,0.0,Andrés García
38,Andrés,A.García,García,DEF,Aston Villa,3,4000000,Hull City (A),0,0,0,0,0,0,0,0,0,0,0,0,0,0,0.0,0.0,0.0,0,0.0,0.0,Andrés García
38,Andrés,A.García,García,DEF,Aston Villa,4,4000000,Nott'm Forest (H),0,0,0,0,0,0,0,0,0,0,0,0,0,0,0.0,0.0,0.0,0,0.0,0.0,Andrés García
39,Kosta,Nedeljkovic,Nedeljkovic,DEF,Aston Villa,1,4000000,Brighton (A),0,0,0,0,0,0,0,0,0,0,0,0,0,0,0.0,0.0,0.0,0,0.0,0.0,Kosta Nedeljkovic
39,Kosta,Nedeljkovic,Nedeljkovic,DEF,Aston Villa,2,4000000,Arsenal (H),0,0,0,0,0,0,0,0,0,0,0,0,0,0,0.0,0.0,0.0,0,0.0,0.0,Kosta Nedeljkovic
39,Kosta,Nedeljkovic,Nedeljkovic,DEF,Aston Villa,3,4000000,Hull City (A),0,0,0,0,0,0,0,0,0,0,0,0,0,0,0.0,0.0,0.0,0,0.0,0.0,Kosta Nedeljkovic
39,Kosta,Nedeljkovic,Nedeljkovic,DEF,Aston Villa,4,4000000,Nott'm Forest (H),0,0,0,0,0,0,0,0,0,0,0,0,0,0,0.0,0.0,0.0,0,0.0,0.0,Kosta Nedeljkovic
58,Fraser,Forster,Forster,GK,Bournemouth,1,4000000,Man City (A),0,0,0,0,0,0,0,0,0,0,0,0,0,0,0.0,0.0,0.0,0,0.0,0.0,Fraser Forster
58,Fraser,Forster,Forster,GK,Bournemouth,2,4000000,Everton (H),0,0,0,0,0,0,0,0,0,0,0,0,0,0,0.0,0.0,0.0,0,0.0,0.0,Fraser Forster
58,Fraser,Forster,Forster,GK,Bournemouth,3,4000000,Newcastle (A),0,0,0,0,0,0,0,0,0,0,0,0,0,0,0.0,0.0,0.0,0,0.0,0.0,Fraser Forster
58,Fraser,Forster,Forster,GK,Bournemouth,4,4000000,Brentford (H),0,0,0,0,0,0,0,0,0,0,0,0,0,0,0.0,0.0,0.0,0,0.0,0.0,Fraser Forster
59,Will,Dennis,Dennis,GK,Bournemouth,1,4000000,Man City (A),0,0,0,0,0,0,0,0,0,0,0,0,0,0,0.0,0.0,0.0,0,0.0,0.0,Will Dennis
59,Will,Dennis,Dennis,GK,Bournemouth,2,4000000,Everton (H),0,0,0,0,0,0,0,0,0,0,0,0,0,0,0.0,0.0,0.0,0,0.0,0.0,Will Dennis
59,Will,Dennis,Dennis,GK,Bournemouth,3,4000000,Newcastle (A),0,0,0,0,0,0,0,0,0,0,0,0,0,0,0.0,0.0,0.0,0,0.0,0.0,Will Dennis
59,Will,Dennis,Dennis,GK,Bournemouth,4,4000000,Brentford (H),0,0,0,0,0,0,0,0,0,0,0,0,0,0,0.0,0.0,0.0,0,0.0,0.0,Will Dennis
66,Julio,Soler,Soler Barreto,DEF,Bournemouth,1,4000000,Man City (A),0,0,0,0,0,0,0,0,0,0,0,0,0,0,0.0,0.0,0.0,0,0.0,0.0,Julio Soler Barreto
66,Julio,Soler,Soler Barreto,DEF,Bournemouth,2,4000000,Everton (H),0,0,0,0,0,0,0,0,0,0,0,0,0,0,0.0,0.0,0.0,0,0.0,0.0,Julio Soler Barreto
66,Julio,Soler,Soler Barreto,DEF,Bournemouth,3,4000000,Newcastle (A),0,0,0,0,0,0,0,0,0,0,0,0,0,0,0.0,0.0,0.0,0,0.0,0.0,Julio Soler Barreto
66,Julio,Soler,Soler Barreto,DEF,Bournemouth,4,4000000,Brentford (H),0,0,0,0,0,0,0,0,0,0,0,0,0,0,0.0,0.0,0.0,0,0.0,0.0,Julio Soler Barreto
111,Jason,Steele,Steele,GK,Brighton,1,4000000,Aston Villa (H),0,0,0,0,0,0,0,0,0,0,0,0,0,0,0.0,0.0,0.0,0,0.0,0.0,Jason Steele
111,Jason,Steele,Steele,GK,Brighton,2,4000000,Chelsea (A),0,0,0,0,0,0,0,0,0,0,0,0,0,0,0.0,0.0,0.0,0,0.0,0.0,Jason Steele
111,Jason,Steele,Steele,GK,Brighton,3,4000000,Leeds (H),0,0,0,0,0,0,0,0,0,0,0,0,0,0,0.0,0.0,0.0,0,0.0,0.0,Jason Steele
111,Jason,Steele,Steele,GK,Brighton,4,4000000,Coventry City (A),0,0,0,0,0,0,0,0,0,0,0,0,0,0,0.0,0.0,0.0,0,0.0,0.0,Jason Steele
171,Oliver,Dovin,Dovin,GK,Coventry City,1,4000000,Arsenal (A),0,0,0,0,0,0,0,0,0,0,0,0,0,0,0.0,0.0,0.0,0,0.0,0.0,Oliver Dovin
171,Oliver,Dovin,Dovin,GK,Coventry City,2,4000000,Hull City (H),0,0,0,0,0,0,0,0,0,0,0,0,0,0,0.0,0.0,0.0,0,0.0,0.0,Oliver Dovin
171,Oliver,Dovin,Dovin,GK,Coventry City,3,4000000,Man City (A),0,0,0,0,0,0,0,0,0,0,0,0,0,0,0.0,0.0,0.0,0,0.0,0.0,Oliver Dovin
171,Oliver,Dovin,Dovin,GK,Coventry City,4,4000000,Brighton (H),0,0,0,0,0,0,0,0,0,0,0,0,0,0,0.0,0.0,0.0,0,0.0,0.0,Oliver Dovin
174,Liam,Kitching,Kitching,DEF,Coventry City,1,4000000,Arsenal (A),0,0,0,0,0,0,0,0,0,0,0,0,0,0,0.0,0.0,0.0,0,0.0,0.0,Liam Kitching
174,Liam,Kitching,Kitching,DEF,Coventry City,2,4000000,Hull City (H),0,0,0,0,0,0,0,0,0,0,0,0,0,0,0.0,0.0,0.0,0,0.0,0.0,Liam Kitching
174,Liam,Kitching,Kitching,DEF,Coventry City,3,4000000,Man City (A),0,0,0,0,0,0,0,0,0,0,0,0,0,0,0.0,0.0,0.0,0,0.0,0.0,Liam Kitching
174,Liam,Kitching,Kitching,DEF,Coventry City,4,4000000,Brighton (H),0,0,0,0,0,0,0,0,0,0,0,0,0,0,0.0,0.0,0.0,0,0.0,0.0,Liam Kitching
177,Kaine,Kesler-Hayden,Kesler-Hayden,DEF,Coventry City,1,4000000,Arsenal (A),0,0,0,0,0,0,0,0,0,0,0,0,0,0,0.0,0.0,0.0,0,0.0,0.0,Kaine Kesler-Hayden
177,Kaine,Kesler-Hayden,Kesler-Hayden,DEF,Coventry City,2,4000000,Hull City (H),0,0,0,0,0,0,0,0,0,0,0,0,0,0,0.0,0.0,0.0,0,0.0,0.0,Kaine Kesler-Hayden
177,Kaine,Kesler-Hayden,Kesler-Hayden,DEF,Coventry City,3,4000000,Man City (A),0,0,0,0,0,0,0,0,0,0,0,0,0,0,0.0,0.0,0.0,0,0.0,0.0,Kaine Kesler-Hayden
177,Kaine,Kesler-Hayden,Kesler-Hayden,DEF,Coventry City,4,4000000,Brighton (H),0,0,0,0,0,0,0,0,0,0,0,0,0,0,0.0,0.0,0.0,0,0.0,0.0,Kaine Kesler-Hayden
178,Jake,Bidwell,Bidwell,DEF,Coventry City,1,4000000,Arsenal (A),0,0,0,0,0,0,0,0,0,0,0,0,0,0,0.0,0.0,0.0,0,0.0,0.0,Jake Bidwell
178,Jake,Bidwell,Bidwell,DEF,Coventry City,2,4000000,Hull City (H),0,0,0,0,0,0,0,0,0,0,0,0,0,0,0.0,0.0,0.0,0,0.0,0.0,Jake Bidwell
178,Jake,Bidwell,Bidwell,DEF,Coventry City,3,4000000,Man City (A),0,0,0,0,0,0,0,0,0,0,0,0,0,0,0.0,0.0,0.0,0,0.0,0.0,Jake Bidwell
178,Jake,Bidwell,Bidwell,DEF,Coventry City,4,4000000,Brighton (H),0,0,0,0,0,0,0,0,0,0,0,0,0,0,0.0,0.0,0.0,0,0.0,0.0,Jake Bidwell
179,Joel,Latibeaudiere,Latibeaudiere,DEF,Coventry City,1,4000000,Arsenal (A),0,0,0,0,0,0,0,0,0,0,0,0,0,0,0.0,0.0,0.0,0,0.0,0.0,Joel Latibeaudiere
179,Joel,Latibeaudiere,Latibeaudiere,DEF,Coventry City,2,4000000,Hull City (H),0,0,0,0,0,0,0,0,0,0,0,0,0,0,0.0,0.0,0.0,0,0.0,0.0,Joel Latibeaudiere
179,Joel,Latibeaudiere,Latibeaudiere,DEF,Coventry City,3,4000000,Man City (A),0,0,0,0,0,0,0,0,0,0,0,0,0,0,0.0,0.0,0.0,0,0.0,0.0,Joel Latibeaudiere
179,Joel,Latibeaudiere,Latibeaudiere,DEF,Coventry City,4,4000000,Brighton (H),0,0,0,0,0,0,0,0,0,0,0,0,0,0,0.0,0.0,0.0,0,0.0,0.0,Joel Latibeaudiere
180,Luke,Woolfenden,Woolfenden,DEF,Coventry City,1,4000000,Arsenal (A),0,0,0,0,0,0,0,0,0,0,0,0,0,0,0.0,0.0,0.0,0,0.0,0.0,Luke Woolfenden
180,Luke,Woolfenden,Woolfenden,DEF,Coventry City,2,4000000,Hull City (H),0,0,0,0,0,0,0,0,0,0,0,0,0,0,0.0,0.0,0.0,0,0.0,0.0,Luke Woolfenden
180,Luke,Woolfenden,Woolfenden,DEF,Coventry City,3,4000000,Man City (A),0,0,0,0,0,0,0,0,0,0,0,0,0,0,0.0,0.0,0.0,0,0.0,0.0,Luke Woolfenden
180,Luke,Woolfenden,Woolfenden,DEF,Coventry City,4,4000000,Brighton (H),0,0,0,0,0,0,0,0,0,0,0,0,0,0,0.0,0.0,0.0,0,0.0,0.0,Luke Woolfenden
181,Miguel,Brau,Brau,DEF,Coventry City,1,4000000,Arsenal (A),0,0,0,0,0,0,0,0,0,0,0,0,0,0,0.0,0.0,0.0,0,0.0,0.0,Miguel Brau
181,Miguel,Brau,Brau,DEF,Coventry City,2,4000000,Hull City (H),0,0,0,0,0,0,0,0,0,0,0,0,0,0,0.0,0.0,0.0,0,0.0,0.0,Miguel Brau
181,Miguel,Brau,Brau,DEF,Coventry City,3,4000000,Man City (A),0,0,0,0,0,0,0,0,0,0,0,0,0,0,0.0,0.0,0.0,0,0.0,0.0,Miguel Brau
181,Miguel,Brau,Brau,DEF,Coventry City,4,4000000,Brighton (H),0,0,0,0,0,0,0,0,0,0,0,0,0,0,0.0,0.0,0.0,0,0.0,0.0,Miguel Brau
235,Adam,Aznou,Aznou,DEF,Everton,1,4000000,Crystal Palace (H),0,0,0,0,0,0,0,0,0,0,0,0,0,0,0.0,0.0,0.0,0,0.0,0.0,Adam Aznou
235,Adam,Aznou,Aznou,DEF,Everton,2,4000000,Bournemouth (A),0,0,0,0,0,0,0,0,0,0,0,0,0,0,0.0,0.0,0.0,0,0.0,0.0,Adam Aznou
235,Adam,Aznou,Aznou,DEF,Everton,3,4000000,Man Utd (H),0,0,0,0,0,0,0,0,0,0,0,0,0,0,0.0,0.0,0.0,0,0.0,0.0,Adam Aznou
235,Adam,Aznou,Aznou,DEF,Everton,4,4000000,Spurs (A),0,0,0,0,0,0,0,0,0,0,0,0,0,0,0.0,0.0,0.0,0,0.0,0.0,Adam Aznou
251,Benjamin,Lecomte,Lecomte,GK,Fulham,1,4000000,Chelsea (H),0,0,0,0,0,0,0,0,0,0,0,0,0,0,0.0,0.0,0.0,0,0.0,0.0,Benjamin Lecomte
251,Benjamin,Lecomte,Lecomte,GK,Fulham,2,4000000,Sunderland (A),0,0,0,0,0,0,0,0,0,0,0,0,0,0,0.0,0.0,0.0,0,0.0,0.0,Benjamin Lecomte
251,Benjamin,Lecomte,Lecomte,GK,Fulham,3,4000000,Crystal Palace (H),0,0,0,0,0,0,0,0,0,0,0,0,0,0,0.0,0.0,0.0,0,0.0,0.0,Benjamin Lecomte
251,Benjamin,Lecomte,Lecomte,GK,Fulham,4,4000000,Liverpool (A),0,0,0,0,0,0,0,0,0,0,0,0,0,0,0.0,0.0,0.0,0,0.0,0.0,Benjamin Lecomte
252,Alfie,McNally,McNally,GK,Fulham,1,4000000,Chelsea (H),0,0,0,0,0,0,0,0,0,0,0,0,0,0,0.0,0.0,0.0,0,0.0,0.0,Alfie McNally
252,Alfie,McNally,McNally,GK,Fulham,2,4000000,Sunderland (A),0,0,0,0,0,0,0,0,0,0,0,0,0,0,0.0,0.0,0.0,0,0.0,0.0,Alfie McNally
252,Alfie,McNally,McNally,GK,Fulham,3,4000000,Crystal Palace (H),0,0,0,0,0,0,0,0,0,0,0,0,0,0,0.0,0.0,0.0,0,0.0,0.0,Alfie McNally
252,Alfie,McNally,McNally,GK,Fulham,4,4000000,Liverpool (A),0,0,0,0,0,0,0,0,0,0,0,0,0,0,0.0,0.0,0.0,0,0.0,0.0,Alfie McNally
273,Dillon,Phillips,Phillips,GK,Hull City,1,4000000,Man Utd (H),0,0,0,0,0,0,0,0,0,0,0,0,0,0,0.0,0.0,0.0,0,0.0,0.0,Dillon Phillips
273,Dillon,Phillips,Phillips,GK,Hull City,2,4000000,Coventry City (A),0,0,0,0,0,0,0,0,0,0,0,0,0,0,0.0,0.0,0.0,0,0.0,0.0,Dillon Phillips
273,Dillon,Phillips,Phillips,GK,Hull City,3,4000000,Aston Villa (H),0,0,0,0,0,0,0,0,0,0,0,0,0,0,0.0,0.0,0.0,0,0.0,0.0,Dillon Phillips
273,Dillon,Phillips,Phillips,GK,Hull City,4,4000000,Chelsea (A),0,0,0,0,0,0,0,0,0,0,0,0,0,0,0.0,0.0,0.0,0,0.0,0.0,Dillon Phillips
275,Harvey,Cartwright,Cartwright,GK,Hull City,1,4000000,Man Utd (H),0,0,0,0,0,0,0,0,0,0,0,0,0,0,0.0,0.0,0.0,0,0.0,0.0,Harvey Cartwright
275,Harvey,Cartwright,Cartwright,GK,Hull City,2,4000000,Coventry City (A),0,0,0,0,0,0,0,0,0,0,0,0,0,0,0.0,0.0,0.0,0,0.0,0.0,Harvey Cartwright
275,Harvey,Cartwright,Cartwright,GK,Hull City,3,4000000,Aston Villa (H),0,0,0,0,0,0,0,0,0,0,0,0,0,0,0.0,0.0,0.0,0,0.0,0.0,Harvey Cartwright
275,Harvey,Cartwright,Cartwright,GK,Hull City,4,4000000,Chelsea (A),0,0,0,0,0,0,0,0,0,0,0,0,0,0,0.0,0.0,0.0,0,0.0,0.0,Harvey Cartwright
276,Thimothée,Lo-Tutala,Lo-Tutala,GK,Hull City,1,4000000,Man Utd (H),0,0,0,0,0,0,0,0,0,0,0,0,0,0,0.0,0.0,0.0,0,0.0,0.0,Thimothée Lo-Tutala
276,Thimothée,Lo-Tutala,Lo-Tutala,GK,Hull City,2,4000000,Coventry City (A),0,0,0,0,0,0,0,0,0,0,0,0,0,0,0.0,0.0,0.0,0,0.0,0.0,Thimothée Lo-Tutala
276,Thimothée,Lo-Tutala,Lo-Tutala,GK,Hull City,3,4000000,Aston Villa (H),0,0,0,0,0,0,0,0,0,0,0,0,0,0,0.0,0.0,0.0,0,0.0,0.0,Thimothée Lo-Tutala
276,Thimothée,Lo-Tutala,Lo-Tutala,GK,Hull City,4,4000000,Chelsea (A),0,0,0,0,0,0,0,0,0,0,0,0,0,0,0.0,0.0,0.0,0,0.0,0.0,Thimothée Lo-Tutala
278,Charlie,Hughes,Hughes,DEF,Hull City,1,4000000,Man Utd (H),0,0,0,0,0,0,0,0,0,0,0,0,0,0,0.0,0.0,0.0,0,0.0,0.0,Charlie Hughes
278,Charlie,Hughes,Hughes,DEF,Hull City,2,4000000,Coventry City (A),0,0,0,0,0,0,0,0,0,0,0,0,0,0,0.0,0.0,0.0,0,0.0,0.0,Charlie Hughes
278,Charlie,Hughes,Hughes,DEF,Hull City,3,4000000,Aston Villa (H),0,0,0,0,0,0,0,0,0,0,0,0,0,0,0.0,0.0,0.0,0,0.0,0.0,Charlie Hughes
278,Charlie,Hughes,Hughes,DEF,Hull City,4,4000000,Chelsea (A),0,0,0,0,0,0,0,0,0,0,0,0,0,0,0.0,0.0,0.0,0,0.0,0.0,Charlie Hughes
280,Lewie,Coyle,Coyle,DEF,Hull City,2,4000000,Coventry City (A),0,45,0,0,0,0,0,0,0,1,0,0,0,4,0.0,0.0,0.0,0,0.0,0.0,Lewie Coyle
281,Cody,Drameh,Drameh,DEF,Hull City,3,4000000,Aston Villa (H),0,0,0,0,0,0,0,0,0,0,0,0,0,0,0.0,0.0,0.0,0,0.0,0.0,Cody Drameh
281,Cody,Drameh,Drameh,DEF,Hull City,4,4000000,Chelsea (A),0,0,0,0,0,0,0,0,0,0,0,0,0,0,0.0,0.0,0.0,0,0.0,0.0,Cody Drameh
283,Matty,Jacob,Jacob,DEF,Hull City,1,4000000,Man Utd (H),0,0,0,0,0,0,0,0,0,0,0,0,0,0,0.0,0.0,0.0,0,0.0,0.0,Matty Jacob
283,Matty,Jacob,Jacob,DEF,Hull City,2,4000000,Coventry City (A),0,0,0,0,0,0,0,0,0,0,0,0,0,0,0.0,0.0,0.0,0,0.0,0.0,Matty Jacob
283,Matty,Jacob,Jacob,DEF,Hull City,3,4000000,Aston Villa (H),0,0,0,0,0,0,0,0,0,0,0,0,0,0,0.0,0.0,0.0,0,0.0,0.0,Matty Jacob
283,Matty,Jacob,Jacob,DEF,Hull City,4,4000000,Chelsea (A),0,0,0,0,0,0,0,0,0,0,0,0,0,0,0.0,0.0,0.0,0,0.0,0.0,Matty Jacob
284,Cathal,McCarthy,McCarthy,DEF,Hull City,1,4000000,Man Utd (H),0,0,0,0,0,0,0,0,0,0,0,0,0,0,0.0,0.0,0.0,0,0.0,0.0,Cathal McCarthy
284,Cathal,McCarthy,McCarthy,DEF,Hull City,2,4000000,Coventry City (A),0,0,0,0,0,0,0,0,0,0,0,0,0,0,0.0,0.0,0.0,0,0.0,0.0,Cathal McCarthy
284,Cathal,McCarthy,McCarthy,DEF,Hull City,3,4000000,Aston Villa (H),0,0,0,0,0,0,0,0,0,0,0,0,0,0,0.0,0.0,0.0,0,0.0,0.0,Cathal McCarthy
284,Cathal,McCarthy,McCarthy,DEF,Hull City,4,4000000,Chelsea (A),0,0,0,0,0,0,0,0,0,0,0,0,0,0,0.0,0.0,0.0,0,0.0,0.0,Cathal McCarthy
285,Paddy,McNair,McNair,DEF,Hull City,2,4000000,Coventry City (A),0,0,0,0,0,0,0,0,0,0,0,0,0,0,0.0,0.0,0.0,0,0.0,0.0,Paddy McNair
285,Paddy,McNair,McNair,DEF,Hull City,3,4000000,Aston Villa (H),0,0,0,0,0,0,0,0,0,0,0,0,0,0,0.0,0.0,0.0,0,0.0,0.0,Paddy McNair
285,Paddy,McNair,McNair,DEF,Hull City,4,4000000,Chelsea (A),0,0,0,0,0,0,0,0,0,0,0,0,0,0,0.0,0.0,0.0,0,0.0,0.0,Paddy McNair
301,Alex,Palmer,Palmer,GK,Ipswich Town,1,4000000,Sunderland (H),0,0,0,0,0,0,0,0,0,0,0,0,0,0,0.0,0.0,0.0,0,0.0,0.0,Alex Palmer
301,Alex,Palmer,Palmer,GK,Ipswich Town,2,4000000,Man Utd (A),0,0,0,0,0,0,0,0,0,0,0,0,0,0,0.0,0.0,0.0,0,0.0,0.0,Alex Palmer
301,Alex,Palmer,Palmer,GK,Ipswich Town,3,4000000,Liverpool (H),0,0,0,0,0,0,0,0,0,0,0,0,0,0,0.0,0.0,0.0,0,0.0,0.0,Alex Palmer
301,Alex,Palmer,Palmer,GK,Ipswich Town,4,4000000,Crystal Palace (A),0,0,0,0,0,0,0,0,0,0,0,0,0,0,0.0,0.0,0.0,0,0.0,0.0,Alex Palmer
302,David,Button,Button,GK,Ipswich Town,1,4000000,Sunderland (H),0,0,0,0,0,0,0,0,0,0,0,0,0,0,0.0,0.0,0.0,0,0.0,0.0,David Button
302,David,Button,Button,GK,Ipswich Town,2,4000000,Man Utd (A),0,0,0,0,0,0,0,0,0,0,0,0,0,0,0.0,0.0,0.0,0,0.0,0.0,David Button
302,David,Button,Button,GK,Ipswich Town,3,4000000,Liverpool (H),0,0,0,0,0,0,0,0,0,0,0,0,0,0,0.0,0.0,0.0,0,0.0,0.0,David Button
302,David,Button,Button,GK,Ipswich Town,4,4000000,Crystal Palace (A),0,0,0,0,0,0,0,0,0,0,0,0,0,0,0.0,0.0,0.0,0,0.0,0.0,David Button
303,Cédric,Kipré,Kipré,DEF,Ipswich Town,1,4000000,Sunderland (H),0,0,0,0,0,0,0,0,0,0,0,0,0,0,0.0,0.0,0.0,0,0.0,0.0,Cédric Kipré
303,Cédric,Kipré,Kipré,DEF,Ipswich Town,2,4000000,Man Utd (A),0,0,0,0,0,0,0,0,0,0,0,0,0,0,0.0,0.0,0.0,0,0.0,0.0,Cédric Kipré
303,Cédric,Kipré,Kipré,DEF,Ipswich Town,3,4000000,Liverpool (H),0,0,0,0,0,0,0,0,0,0,0,0,0,0,0.0,0.0,0.0,0,0.0,0.0,Cédric Kipré
303,Cédric,Kipré,Kipré,DEF,Ipswich Town,4,4000000,Crystal Palace (A),0,0,0,0,0,0,0,0,0,0,0,0,0,0,0.0,0.0,0.0,0,0.0,0.0,Cédric Kipré
307,Ben,Johnson,Johnson,DEF,Ipswich Town,1,4000000,Sunderland (H),0,0,0,0,0,0,0,0,0,0,0,0,0,0,0.0,0.0,0.0,0,0.0,0.0,Ben Johnson
307,Ben,Johnson,Johnson,DEF,Ipswich Town,2,4000000,Man Utd (A),0,0,0,0,0,0,0,0,0,0,0,0,0,0,0.0,0.0,0.0,0,0.0,0.0,Ben Johnson
307,Ben,Johnson,Johnson,DEF,Ipswich Town,3,4000000,Liverpool (H),0,0,0,0,0,0,0,0,0,0,0,0,0,0,0.0,0.0,0.0,0,0.0,0.0,Ben Johnson
307,Ben,Johnson,Johnson,DEF,Ipswich Town,4,4000000,Crystal Palace (A),0,0,0,0,0,0,0,0,0,0,0,0,0,0,0.0,0.0,0.0,0,0.0,0.0,Ben Johnson
308,Darnell,Furlong,Furlong,DEF,Ipswich Town,1,4000000,Sunderland (H),0,0,0,0,0,0,0,0,0,0,0,0,0,0,0.0,0.0,0.0,0,0.0,0.0,Darnell Furlong
308,Darnell,Furlong,Furlong,DEF,Ipswich Town,3,4000000,Liverpool (H),0,0,0,0,0,0,0,0,0,0,0,0,0,0,0.0,0.0,0.0,0,0.0,0.0,Darnell Furlong
308,Darnell,Furlong,Furlong,DEF,Ipswich Town,4,4000000,Crystal Palace (A),0,0,0,0,0,0,0,0,0,0,0,0,0,0,0.0,0.0,0.0,0,0.0,0.0,Darnell Furlong
352,Freddie,Woodman,Woodman,GK,Liverpool,1,4000000,Newcastle (A),0,0,0,0,0,0,0,0,0,0,0,0,0,0,0.0,0.0,0.0,0,0.0,0.0,Freddie Woodman
352,Freddie,Woodman,Woodman,GK,Liverpool,2,4000000,Nott'm Forest (H),0,0,0,0,0,0,0,0,0,0,0,0,0,0,0.0,0.0,0.0,0,0.0,0.0,Freddie Woodman
352,Freddie,Woodman,Woodman,GK,Liverpool,3,4000000,Ipswich Town (A),0,0,0,0,0,0,0,0,0,0,0,0,0,0,0.0,0.0,0.0,0,0.0,0.0,Freddie Woodman
352,Freddie,Woodman,Woodman,GK,Liverpool,4,4000000,Fulham (H),0,0,0,0,0,0,0,0,0,0,0,0,0,0,0.0,0.0,0.0,0,0.0,0.0,Freddie Woodman
353,Armin,Pecsi,Pecsi,GK,Liverpool,1,4000000,Newcastle (A),0,0,0,0,0,0,0,0,0,0,0,0,0,0,0.0,0.0,0.0,0,0.0,0.0,Armin Pecsi
353,Armin,Pecsi,Pecsi,GK,Liverpool,2,4000000,Nott'm Forest (H),0,0,0,0,0,0,0,0,0,0,0,0,0,0,0.0,0.0,0.0,0,0.0,0.0,Armin Pecsi
353,Armin,Pecsi,Pecsi,GK,Liverpool,3,4000000,Ipswich Town (A),0,0,0,0,0,0,0,0,0,0,0,0,0,0,0.0,0.0,0.0,0,0.0,0.0,Armin Pecsi
353,Armin,Pecsi,Pecsi,GK,Liverpool,4,4000000,Fulham (H),0,0,0,0,0,0,0,0,0,0,0,0,0,0,0.0,0.0,0.0,0,0.0,0.0,Armin Pecsi
354,Vitezslav,Jaros,Jaros,GK,Liverpool,1,4000000,Newcastle (A),0,0,0,0,0,0,0,0,0,0,0,0,0,0,0.0,0.0,0.0,0,0.0,0.0,Vitezslav Jaros
354,Vitezslav,Jaros,Jaros,GK,Liverpool,2,4000000,Nott'm Forest (H),0,0,0,0,0,0,0,0,0,0,0,0,0,0,0.0,0.0,0.0,0,0.0,0.0,Vitezslav Jaros
354,Vitezslav,Jaros,Jaros,GK,Liverpool,3,4000000,Ipswich Town (A),0,0,0,0,0,0,0,0,0,0,0,0,0,0,0.0,0.0,0.0,0,0.0,0.0,Vitezslav Jaros
354,Vitezslav,Jaros,Jaros,GK,Liverpool,4,4000000,Fulham (H),0,0,0,0,0,0,0,0,0,0,0,0,0,0,0.0,0.0,0.0,0,0.0,0.0,Vitezslav Jaros
355,Harvey,Davies,Davies,GK,Liverpool,1,4000000,Newcastle (A),0,0,0,0,0,0,0,0,0,0,0,0,0,0,0.0,0.0,0.0,0,0.0,0.0,Harvey Davies
355,Harvey,Davies,Davies,GK,Liverpool,2,4000000,Nott'm Forest (H),0,0,0,0,0,0,0,0,0,0,0,0,0,0,0.0,0.0,0.0,0,0.0,0.0,Harvey Davies
355,Harvey,Davies,Davies,GK,Liverpool,3,4000000,Ipswich Town (A),0,0,0,0,0,0,0,0,0,0,0,0,0,0,0.0,0.0,0.0,0,0.0,0.0,Harvey Davies
355,Harvey,Davies,Davies,GK,Liverpool,4,4000000,Fulham (H),0,0,0,0,0,0,0,0,0,0,0,0,0,0,0.0,0.0,0.0,0,0.0,0.0,Harvey Davies
361,Wellity,Lucky,Lucky,DEF,Liverpool,1,4000000,Newcastle (A),0,0,0,0,0,0,0,0,0,0,0,0,0,0,0.0,0.0,0.0,0,0.0,0.0,Wellity Lucky
361,Wellity,Lucky,Lucky,DEF,Liverpool,2,4000000,Nott'm Forest (H),0,0,0,0,0,0,0,0,0,0,0,0,0,0,0.0,0.0,0.0,0,0.0,0.0,Wellity Lucky
361,Wellity,Lucky,Lucky,DEF,Liverpool,3,4000000,Ipswich Town (A),0,0,0,0,0,0,0,0,0,0,0,0,0,0,0.0,0.0,0.0,0,0.0,0.0,Wellity Lucky
361,Wellity,Lucky,Lucky,DEF,Liverpool,4,4000000,Fulham (H),0,0,0,0,0,0,0,0,0,0,0,0,0,0,0.0,0.0,0.0,0,0.0,0.0,Wellity Lucky
363,Giovanni,Leoni,Leoni,DEF,Liverpool,1,4000000,Newcastle (A),0,0,0,0,0,0,0,0,0,0,0,0,0,0,0.0,0.0,0.0,0,0.0,0.0,Giovanni Leoni
363,Giovanni,Leoni,Leoni,DEF,Liverpool,2,4000000,Nott'm Forest (H),0,0,0,0,0,0,0,0,0,0,0,0,0,0,0.0,0.0,0.0,0,0.0,0.0,Giovanni Leoni
363,Giovanni,Leoni,Leoni,DEF,Liverpool,3,4000000,Ipswich Town (A),0,0,0,0,0,0,0,0,0,0,0,0,0,0,0.0,0.0,0.0,0,0.0,0.0,Giovanni Leoni
363,Giovanni,Leoni,Leoni,DEF,Liverpool,4,4000000,Fulham (H),0,0,0,0,0,0,0,0,0,0,0,0,0,0,0.0,0.0,0.0,0,0.0,0.0,Giovanni Leoni
365,Calvin,Ramsay,Ramsay,DEF,Liverpool,1,4000000,Newcastle (A),0,0,0,0,0,0,0,0,0,0,0,0,0,0,0.0,0.0,0.0,0,0.0,0.0,Calvin Ramsay
365,Calvin,Ramsay,Ramsay,DEF,Liverpool,2,4000000,Nott'm Forest (H),0,0,0,0,0,0,0,0,0,0,0,0,0,0,0.0,0.0,0.0,0,0.0,0.0,Calvin Ramsay
365,Calvin,Ramsay,Ramsay,DEF,Liverpool,3,4000000,Ipswich Town (A),0,0,0,0,0,0,0,0,0,0,0,0,0,0,0.0,0.0,0.0,0,0.0,0.0,Calvin Ramsay
365,Calvin,Ramsay,Ramsay,DEF,Liverpool,4,4000000,Fulham (H),0,0,0,0,0,0,0,0,0,0,0,0,0,0,0.0,0.0,0.0,0,0.0,0.0,Calvin Ramsay
414,Tom,Heaton,Heaton,GK,Man Utd,1,4000000,Hull City (A),0,0,0,0,0,0,0,0,0,0,0,0,0,0,0.0,0.0,0.0,0,0.0,0.0,Tom Heaton
414,Tom,Heaton,Heaton,GK,Man Utd,2,4000000,Ipswich Town (H),0,0,0,0,0,0,0,0,0,0,0,0,0,0,0.0,0.0,0.0,0,0.0,0.0,Tom Heaton
414,Tom,Heaton,Heaton,GK,Man Utd,3,4000000,Everton (A),0,0,0,0,0,0,0,0,0,0,0,0,0,0,0.0,0.0,0.0,0,0.0,0.0,Tom Heaton
414,Tom,Heaton,Heaton,GK,Man Utd,4,4000000,Man City (H),0,0,0,0,0,0,0,0,0,0,0,0,0,0,0.0,0.0,0.0,0,0.0,0.0,Tom Heaton
424,Harry,Amass,Amass,DEF,Man Utd,1,4000000,Hull City (A),0,0,0,0,0,0,0,0,0,0,0,0,0,0,0.0,0.0,0.0,0,0.0,0.0,Harry Amass
424,Harry,Amass,Amass,DEF,Man Utd,2,4000000,Ipswich Town (H),0,0,0,0,0,0,0,0,0,0,0,0,0,0,0.0,0.0,0.0,0,0.0,0.0,Harry Amass
424,Harry,Amass,Amass,DEF,Man Utd,3,4000000,Everton (A),0,0,0,0,0,0,0,0,0,0,0,0,0,0,0.0,0.0,0.0,0,0.0,0.0,Harry Amass
424,Harry,Amass,Amass,DEF,Man Utd,4,4000000,Man City (H),0,0,0,0,0,0,0,0,0,0,0,0,0,0,0.0,0.0,0.0,0,0.0,0.0,Harry Amass
425,Tyler,Fredricson,Fredricson,DEF,Man Utd,1,4000000,Hull City (A),0,0,0,0,0,0,0,0,0,0,0,0,0,0,0.0,0.0,0.0,0,0.0,0.0,Tyler Fredricson
425,Tyler,Fredricson,Fredricson,DEF,Man Utd,2,4000000,Ipswich Town (H),0,0,0,0,0,0,0,0,0,0,0,0,0,0,0.0,0.0,0.0,0,0.0,0.0,Tyler Fredricson
425,Tyler,Fredricson,Fredricson,DEF,Man Utd,3,4000000,Everton (A),0,0,0,0,0,0,0,0,0,0,0,0,0,0,0.0,0.0,0.0,0,0.0,0.0,Tyler Fredricson
425,Tyler,Fredricson,Fredricson,DEF,Man Utd,4,4000000,Man City (H),0,0,0,0,0,0,0,0,0,0,0,0,0,0,0.0,0.0,0.0,0,0.0,0.0,Tyler Fredricson
451,Alex,A.Murphy,Murphy,DEF,Newcastle,1,4000000,Liverpool (H),0,0,0,0,0,0,0,0,0,0,0,0,0,0,0.0,0.0,0.0,0,0.0,0.0,Alex Murphy
451,Alex,A.Murphy,Murphy,DEF,Newcastle,2,4000000,Spurs (A),0,0,0,0,0,0,0,0,0,0,0,0,0,0,0.0,0.0,0.0,0,0.0,0.0,Alex Murphy
451,Alex,A.Murphy,Murphy,DEF,Newcastle,3,4000000,Bournemouth (H),0,0,0,0,0,0,0,0,0,0,0,0,0,0,0.0,0.0,0.0,0,0.0,0.0,Alex Murphy
451,Alex,A.Murphy,Murphy,DEF,Newcastle,4,4000000,Leeds (A),0,0,0,0,0,0,0,0,0,0,0,0,0,0,0.0,0.0,0.0,0,0.0,0.0,Alex Murphy
476,Omar,O.Richards,Richards,DEF,Nott'm Forest,1,4000000,Leeds (H),0,0,0,0,0,0,0,0,0,0,0,0,0,0,0.0,0.0,0.0,0,0.0,0.0,Omar Richards
476,Omar,O.Richards,Richards,DEF,Nott'm Forest,2,4000000,Liverpool (A),0,0,0,0,0,0,0,0,0,0,0,0,0,0,0.0,0.0,0.0,0,0.0,0.0,Omar Richards
476,Omar,O.Richards,Richards,DEF,Nott'm Forest,3,4000000,Spurs (H),0,0,0,0,0,0,0,0,0,0,0,0,0,0,0.0,0.0,0.0,0,0.0,0.0,Omar Richards
476,Omar,O.Richards,Richards,DEF,Nott'm Forest,4,4000000,Aston Villa (A),0,0,0,0,0,0,0,0,0,0,0,0,0,0,0.0,0.0,0.0,0,0.0,0.0,Omar Richards
477,Zach,Abbott,Abbott,DEF,Nott'm Forest,1,4000000,Leeds (H),0,0,0,0,0,0,0,0,0,0,0,0,0,0,0.0,0.0,0.0,0,0.0,0.0,Zach Abbott
477,Zach,Abbott,Abbott,DEF,Nott'm Forest,2,4000000,Liverpool (A),0,0,0,0,0,0,0,0,0,0,0,0,0,0,0.0,0.0,0.0,0,0.0,0.0,Zach Abbott
477,Zach,Abbott,Abbott,DEF,Nott'm Forest,3,4000000,Spurs (H),0,0,0,0,0,0,0,0,0,0,0,0,0,0,0.0,0.0,0.0,0,0.0,0.0,Zach Abbott
477,Zach,Abbott,Abbott,DEF,Nott'm Forest,4,4000000,Aston Villa (A),0,0,0,0,0,0,0,0,0,0,0,0,0,0,0.0,0.0,0.0,0,0.0,0.0,Zach Abbott
479,Tyler,Bindon,Bindon,DEF,Nott'm Forest,1,4000000,Leeds (H),0,0,0,0,0,0,0,0,0,0,0,0,0,0,0.0,0.0,0.0,0,0.0,0.0,Tyler Bindon
479,Tyler,Bindon,Bindon,DEF,Nott'm Forest,2,4000000,Liverpool (A),0,0,0,0,0,0,0,0,0,0,0,0,0,0,0.0,0.0,0.0,0,0.0,0.0,Tyler Bindon
479,Tyler,Bindon,Bindon,DEF,Nott'm Forest,3,4000000,Spurs (H),0,0,0,0,0,0,0,0,0,0,0,0,0,0,0.0,0.0,0.0,0,0.0,0.0,Tyler Bindon
479,Tyler,Bindon,Bindon,DEF,Nott'm Forest,4,4000000,Aston Villa (A),0,0,0,0,0,0,0,0,0,0,0,0,0,0,0.0,0.0,0.0,0,0.0,0.0,Tyler Bindon
495,Brandon,Austin,Austin,GK,Spurs,1,4000000,Brentford (A),0,0,0,0,0,0,0,0,0,0,0,0,0,0,0.0,0.0,0.0,0,0.0,0.0,Brandon Austin
495,Brandon,Austin,Austin,GK,Spurs,2,4000000,Newcastle (H),0,0,0,0,0,0,0,0,0,0,0,0,0,0,0.0,0.0,0.0,0,0.0,0.0,Brandon Austin
495,Brandon,Austin,Austin,GK,Spurs,3,4000000,Nott'm Forest (A),0,0,0,0,0,0,0,0,0,0,0,0,0,0,0.0,0.0,0.0,0,0.0,0.0,Brandon Austin
495,Brandon,Austin,Austin,GK,Spurs,4,4000000,Everton (H),0,0,0,0,0,0,0,0,0,0,0,0,0,0,0.0,0.0,0.0,0,0.0,0.0,Brandon Austin
497,Martin,Dubravka,Dubravka,GK,Spurs,1,4000000,Brentford (A),0,0,0,0,0,0,0,0,0,0,0,0,0,0,0.0,0.0,0.0,0,0.0,0.0,Martin Dubravka
497,Martin,Dubravka,Dubravka,GK,Spurs,2,4000000,Newcastle (H),0,0,0,0,0,0,0,0,0,0,0,0,0,0,0.0,0.0,0.0,0,0.0,0.0,Martin Dubravka
497,Martin,Dubravka,Dubravka,GK,Spurs,3,4000000,Nott'm Forest (A),0,0,0,0,0,0,0,0,0,0,0,0,0,0,0.0,0.0,0.0,0,0.0,0.0,Martin Dubravka
497,Martin,Dubravka,Dubravka,GK,Spurs,4,4000000,Everton (H),0,0,0,0,0,0,0,0,0,0,0,0,0,0,0.0,0.0,0.0,0,0.0,0.0,Martin Dubravka
508,Ben,Davies,Davies,DEF,Spurs,1,4000000,Brentford (A),0,0,0,0,0,0,0,0,0,0,0,0,0,0,0.0,0.0,0.0,0,0.0,0.0,Ben Davies
508,Ben,Davies,Davies,DEF,Spurs,2,4000000,Newcastle (H),0,0,0,0,0,0,0,0,0,0,0,0,0,0,0.0,0.0,0.0,0,0.0,0.0,Ben Davies
508,Ben,Davies,Davies,DEF,Spurs,3,4000000,Nott'm Forest (A),0,0,0,0,0,0,0,0,0,0,0,0,0,0,0.0,0.0,0.0,0,0.0,0.0,Ben Davies
508,Ben,Davies,Davies,DEF,Spurs,4,4000000,Everton (H),0,0,0,0,0,0,0,0,0,0,0,0,0,0,0.0,0.0,0.0,0,0.0,0.0,Ben Davies
509,Jun'ai,Byfield,Byfield,DEF,Spurs,1,4000000,Brentford (A),0,0,0,0,0,0,0,0,0,0,0,0,0,0,0.0,0.0,0.0,0,0.0,0.0,Jun'ai Byfield
509,Jun'ai,Byfield,Byfield,DEF,Spurs,2,4000000,Newcastle (H),0,0,0,0,0,0,0,0,0,0,0,0,0,0,0.0,0.0,0.0,0,0.0,0.0,Jun'ai Byfield
509,Jun'ai,Byfield,Byfield,DEF,Spurs,3,4000000,Nott'm Forest (A),0,0,0,0,0,0,0,0,0,0,0,0,0,0,0.0,0.0,0.0,0,0.0,0.0,Jun'ai Byfield
509,Jun'ai,Byfield,Byfield,DEF,Spurs,4,4000000,Everton (H),0,0,0,0,0,0,0,0,0,0,0,0,0,0,0.0,0.0,0.0,0,0.0,0.0,Jun'ai Byfield
510,James,Rowswell,Rowswell,DEF,Spurs,1,4000000,Brentford (A),0,0,0,0,0,0,0,0,0,0,0,0,0,0,0.0,0.0,0.0,0,0.0,0.0,James Rowswell
510,James,Rowswell,Rowswell,DEF,Spurs,2,4000000,Newcastle (H),0,0,0,0,0,0,0,0,0,0,0,0,0,0,0.0,0.0,0.0,0,0.0,0.0,James Rowswell
510,James,Rowswell,Rowswell,DEF,Spurs,3,4000000,Nott'm Forest (A),0,0,0,0,0,0,0,0,0,0,0,0,0,0,0.0,0.0,0.0,0,0.0,0.0,James Rowswell
510,James,Rowswell,Rowswell,DEF,Spurs,4,4000000,Everton (H),0,0,0,0,0,0,0,0,0,0,0,0,0,0,0.0,0.0,0.0,0,0.0,0.0,James Rowswell
511,João Victor,Souza,de Souza Menezes,DEF,Spurs,1,4000000,Brentford (A),0,0,0,0,0,0,0,0,0,0,0,0,0,0,0.0,0.0,0.0,0,0.0,0.0,João Victor de Souza Menezes
511,João Victor,Souza,de Souza Menezes,DEF,Spurs,2,4000000,Newcastle (H),0,0,0,0,0,0,0,0,0,0,0,0,0,0,0.0,0.0,0.0,0,0.0,0.0,João Victor de Souza Menezes
511,João Victor,Souza,de Souza Menezes,DEF,Spurs,3,4000000,Nott'm Forest (A),0,0,0,0,0,0,0,0,0,0,0,0,0,0,0.0,0.0,0.0,0,0.0,0.0,João Victor de Souza Menezes
511,João Victor,Souza,de Souza Menezes,DEF,Spurs,4,4000000,Everton (H),0,0,0,0,0,0,0,0,0,0,0,0,0,0,0.0,0.0,0.0,0,0.0,0.0,João Victor de Souza Menezes
530,Anthony,Patterson,Patterson,GK,Sunderland,1,4000000,Ipswich Town (A),0,0,0,0,0,0,0,0,0,0,0,0,0,0,0.0,0.0,0.0,0,0.0,0.0,Anthony Patterson
530,Anthony,Patterson,Patterson,GK,Sunderland,2,4000000,Fulham (H),0,0,0,0,0,0,0,0,0,0,0,0,0,0,0.0,0.0,0.0,0,0.0,0.0,Anthony Patterson
530,Anthony,Patterson,Patterson,GK,Sunderland,3,4000000,Brentford (A),0,0,0,0,0,0,0,0,0,0,0,0,0,0,0.0,0.0,0.0,0,0.0,0.0,Anthony Patterson
530,Anthony,Patterson,Patterson,GK,Sunderland,4,4000000,Arsenal (H),0,0,0,0,0,0,0,0,0,0,0,0,0,0,0.0,0.0,0.0,0,0.0,0.0,Anthony Patterson
538,Leo Fuhr,Hjelde,Hjelde,DEF,Sunderland,1,4000000,Ipswich Town (A),0,0,0,0,0,0,0,0,0,0,0,0,0,0,0.0,0.0,0.0,0,0.0,0.0,Leo Fuhr Hjelde
538,Leo Fuhr,Hjelde,Hjelde,DEF,Sunderland,2,4000000,Fulham (H),0,0,0,0,0,0,0,0,0,0,0,0,0,0,0.0,0.0,0.0,0,0.0,0.0,Leo Fuhr Hjelde
538,Leo Fuhr,Hjelde,Hjelde,DEF,Sunderland,3,4000000,Brentford (A),0,0,0,0,0,0,0,0,0,0,0,0,0,0,0.0,0.0,0.0,0,0.0,0.0,Leo Fuhr Hjelde
538,Leo Fuhr,Hjelde,Hjelde,DEF,Sunderland,4,4000000,Arsenal (H),0,0,0,0,0,0,0,0,0,0,0,0,0,0,0.0,0.0,0.0,0,0.0,0.0,Leo Fuhr Hjelde
539,Luke,O'Nien,O'Nien,DEF,Sunderland,2,4000000,Fulham (H),0,0,0,0,0,0,0,0,0,0,0,0,0,0,0.0,0.0,0.0,0,0.0,0.0,Luke O'Nien
539,Luke,O'Nien,O'Nien,DEF,Sunderland,3,4000000,Brentford (A),0,0,0,0,0,0,0,0,0,0,0,0,0,0,0.0,0.0,0.0,0,0.0,0.0,Luke O'Nien
539,Luke,O'Nien,O'Nien,DEF,Sunderland,4,4000000,Arsenal (H),0,0,0,0,0,0,0,0,0,0,0,0,0,0,0.0,0.0,0.0,0,0.0,0.0,Luke O'Nien
540,Arthur,Masuaku,Masuaku,DEF,Sunderland,1,4000000,Ipswich Town (A),0,0,0,0,0,0,0,0,0,0,0,0,0,0,0.0,0.0,0.0,0,0.0,0.0,Arthur Masuaku
540,Arthur,Masuaku,Masuaku,DEF,Sunderland,2,4000000,Fulham (H),0,0,0,0,0,0,0,0,0,0,0,0,0,0,0.0,0.0,0.0,0,0.0,0.0,Arthur Masuaku
540,Arthur,Masuaku,Masuaku,DEF,Sunderland,3,4000000,Brentford (A),0,0,0,0,0,0,0,0,0,0,0,0,0,0,0.0,0.0,0.0,0,0.0,0.0,Arthur Masuaku
540,Arthur,Masuaku,Masuaku,DEF,Sunderland,4,4000000,Arsenal (H),0,0,0,0,0,0,0,0,0,0,0,0,0,0,0.0,0.0,0.0,0,0.0,0.0,Arthur Masuaku
555,Remi,Matthews,Matthews,GK,Crystal Palace,1,4000000,Everton (A),0,0,0,0,0,0,0,0,0,0,0,0,0,0,0.0,0.0,0.0,0,0.0,0.0,Remi Matthews
555,Remi,Matthews,Matthews,GK,Crystal Palace,2,4000000,Man City (H),0,0,0,0,0,0,0,0,0,0,0,0,0,0,0.0,0.0,0.0,0,0.0,0.0,Remi Matthews
555,Remi,Matthews,Matthews,GK,Crystal Palace,3,4000000,Fulham (A),0,0,0,0,0,0,0,0,0,0,0,0,0,0,0.0,0.0,0.0,0,0.0,0.0,Remi Matthews
555,Remi,Matthews,Matthews,GK,Crystal Palace,4,4000000,Ipswich Town (H),0,0,0,0,0,0,0,0,0,0,0,0,0,0,0.0,0.0,0.0,0,0.0,0.0,Remi Matthews
556,Matt,Targett,Targett,DEF,Hull City,2,4000000,Coventry City (A),0,0,0,0,0,0,0,0,0,0,0,0,0,0,0.0,0.0,0.0,0,0.0,0.0,Matt Targett
556,Matt,Targett,Targett,DEF,Hull City,3,4000000,Aston Villa (H),0,0,0,0,0,0,0,0,0,0,0,0,0,0,0.0,0.0,0.0,0,0.0,0.0,Matt Targett
556,Matt,Targett,Targett,DEF,Hull City,4,4000000,Chelsea (A),0,0,0,0,0,0,0,0,0,0,0,0,0,0,0.0,0.0,0.0,0,0.0,0.0,Matt Targett
603,Jayden,Lienou,Lienou,DEF,Leeds,1,4000000,Nott'm Forest (A),0,0,0,0,0,0,0,0,0,0,0,0,0,0,0.0,0.0,0.0,0,0.0,0.0,Jayden Lienou
603,Jayden,Lienou,Lienou,DEF,Leeds,2,4000000,Brentford (H),0,0,0,0,0,0,0,0,0,0,0,0,0,0,0.0,0.0,0.0,0,0.0,0.0,Jayden Lienou
603,Jayden,Lienou,Lienou,DEF,Leeds,3,4000000,Brighton (A),0,0,0,0,0,0,0,0,0,0,0,0,0,0,0.0,0.0,0.0,0,0.0,0.0,Jayden Lienou
603,Jayden,Lienou,Lienou,DEF,Leeds,4,4000000,Newcastle (H),0,0,0,0,0,0,0,0,0,0,0,0,0,0,0.0,0.0,0.0,0,0.0,0.0,Jayden Lienou
606,Triston,Rowe,Rowe,DEF,Aston Villa,1,4000000,Brighton (A),0,0,0,0,0,0,0,0,0,0,0,0,0,0,0.0,0.0,0.0,0,0.0,0.0,Triston Rowe
606,Triston,Rowe,Rowe,DEF,Aston Villa,2,4000000,Arsenal (H),0,0,0,0,0,0,0,0,0,0,0,0,0,0,0.0,0.0,0.0,0,0.0,0.0,Triston Rowe
606,Triston,Rowe,Rowe,DEF,Aston Villa,3,4000000,Hull City (A),0,0,0,0,0,0,0,0,0,0,0,0,0,0,0.0,0.0,0.0,0,0.0,0.0,Triston Rowe
606,Triston,Rowe,Rowe,DEF,Aston Villa,4,4000000,Nott'm Forest (H),0,0,0,0,0,0,0,0,0,0,0,0,0,0,0.0,0.0,0.0,0,0.0,0.0,Triston Rowe
609,Leo,Shahar,Shahar,DEF,Newcastle,1,4000000,Liverpool (H),0,0,0,0,0,0,0,0,0,0,0,0,0,0,0.0,0.0,0.0,0,0.0,0.0,Leo Shahar
609,Leo,Shahar,Shahar,DEF,Newcastle,2,4000000,Spurs (A),0,0,0,0,0,0,0,0,0,0,0,0,0,0,0.0,0.0,0.0,0,0.0,0.0,Leo Shahar
609,Leo,Shahar,Shahar,DEF,Newcastle,3,4000000,Bournemouth (H),0,0,0,0,0,0,0,0,0,0,0,0,0,0,0.0,0.0,0.0,0,0.0,0.0,Leo Shahar
609,Leo,Shahar,Shahar,DEF,Newcastle,4,4000000,Leeds (A),0,0,0,0,0,0,0,0,0,0,0,0,0,0,0.0,0.0,0.0,0,0.0,0.0,Leo Shahar
610,Luc,De Fougerolles,De Fougerolles,DEF,Fulham,1,4000000,Chelsea (H),0,0,0,0,0,0,0,0,0,0,0,0,0,0,0.0,0.0,0.0,0,0.0,0.0,Luc De Fougerolles
610,Luc,De Fougerolles,De Fougerolles,DEF,Fulham,2,4000000,Sunderland (A),0,0,0,0,0,0,0,0,0,0,0,0,0,0,0.0,0.0,0.0,0,0.0,0.0,Luc De Fougerolles
610,Luc,De Fougerolles,De Fougerolles,DEF,Fulham,3,4000000,Crystal Palace (H),0,0,0,0,0,0,0,0,0,0,0,0,0,0,0.0,0.0,0.0,0,0.0,0.0,Luc De Fougerolles
610,Luc,De Fougerolles,De Fougerolles,DEF,Fulham,4,4000000,Liverpool (A),0,0,0,0,0,0,0,0,0,0,0,0,0,0,0.0,0.0,0.0,0,0.0,0.0,Luc De Fougerolles
622,Kaden,Braithwaite,Braithwaite,DEF,Man City,3,4000000,Coventry City (H),0,0,0,0,0,0,0,0,0,0,0,0,0,0,0.0,0.0,0.0,0,0.0,0.0,Kaden Braithwaite
622,Kaden,Braithwaite,Braithwaite,DEF,Man City,4,4000000,Man Utd (A),0,0,0,0,0,0,0,0,0,0,0,0,0,0,0.0,0.0,0.0,0,0.0,0.0,Kaden Braithwaite
623,Dan,Bentley,Bentley,GK,Coventry City,2,4000000,Hull City (H),0,0,0,0,0,0,0,0,0,0,0,0,0,0,0.0,0.0,0.0,0,0.0,0.0,Dan Bentley
623,Dan,Bentley,Bentley,GK,Coventry City,3,4000000,Man City (A),0,0,0,0,0,0,0,0,0,0,0,0,0,0,0.0,0.0,0.0,0,0.0,0.0,Dan Bentley
623,Dan,Bentley,Bentley,GK,Coventry City,4,4000000,Brighton (H),0,0,0,0,0,0,0,0,0,0,0,0,0,0,0.0,0.0,0.0,0,0.0,0.0,Dan Bentley
625,Alex,Cairns,Cairns,GK,Leeds,2,4000000,Brentford (H),0,0,0,0,0,0,0,0,0,0,0,0,0,0,0.0,0.0,0.0,0,0.0,0.0,Alex Cairns
625,Alex,Cairns,Cairns,GK,Leeds,3,4000000,Brighton (A),0,0,0,0,0,0,0,0,0,0,0,0,0,0,0.0,0.0,0.0,0,0.0,0.0,Alex Cairns
625,Alex,Cairns,Cairns,GK,Leeds,4,4000000,Newcastle (H),0,0,0,0,0,0,0,0,0,0,0,0,0,0,0.0,0.0,0.0,0,0.0,0.0,Alex Cairns
629,Michael,Zetterer,Zetterer,GK,Leeds,3,4000000,Brighton (A),0,0,0,0,0,0,0,0,0,0,0,0,0,0,0.0,0.0,0.0,0,0.0,0.0,Michael Zetterer
629,Michael,Zetterer,Zetterer,GK,Leeds,4,4000000,Newcastle (H),0,0,0,0,0,0,0,0,0,0,0,0,0,0,0.0,0.0,0.0,0,0.0,0.0,Michael Zetterer
65,Julián,J.Araujo,Araujo Zúñiga,DEF,Bournemouth,4,4400000,Brentford (H),0,0,0,0,0,0,0,0,0,0,0,0,0,0,0.0,0.0,0.0,0,0.0,0.0,Julián Araujo Zúñiga
206,Chadi,Chadi Riad,Riad Dnanou,DEF,Crystal Palace,3,4400000,Fulham (A),0,0,0,0,0,0,0,0,0,0,0,0,0,0,0.0,0.0,0.0,0,0.0,0.0,Chadi Riad Dnanou
206,Chadi,Chadi Riad,Riad Dnanou,DEF,Crystal Palace,4,4400000,Ipswich Town (H),0,0,0,0,0,0,0,0,0,0,0,0,0,0,0.0,0.0,0.0,0,0.0,0.0,Chadi Riad Dnanou
207,Oscar,Mingueza,Mingueza,DEF,Crystal Palace,4,4400000,Ipswich Town (H),0,0,0,0,0,0,0,0,0,0,0,0,0,0,0.0,0.0,0.0,0,0.0,0.0,Oscar Mingueza
256,Kenny,Tete,Tete,DEF,Fulham,4,4400000,Liverpool (A),0,27,0,0,0,0,0,0,0,1,0,0,0,3,0.0,0.0,0.0,0,0.0,0.0,Kenny Tete
269,Ryan,Sessegnon,Sessegnon,DEF,Fulham,4,4400000,Liverpool (A),0,0,0,0,0,0,0,0,0,0,0,0,0,0,0.0,0.0,0.0,0,0.0,0.0,Ryan Sessegnon
300,Christian,Walton,Walton,GK,Ipswich Town,4,4400000,Crystal Palace (A),0,0,0,0,0,0,0,0,0,0,0,0,0,0,0.0,0.0,0.0,0,0.0,0.0,Christian Walton
329,Joe,Rodon,Rodon,DEF,Leeds,4,4400000,Newcastle (H),0,0,0,0,0,0,0,0,0,0,0,0,0,0,0.0,0.0,0.0,0,0.0,0.0,Joe Rodon
395,Rico,Lewis,Lewis,DEF,Man City,4,4400000,Man Utd (A),0,0,0,0,0,0,0,0,0,0,0,0,0,0,0.0,0.0,0.0,0,0.0,0.0,Rico Lewis
421,Ayden,Heaven,Heaven,DEF,Man Utd,4,4400000,Man City (H),0,0,0,0,0,0,0,0,0,0,0,0,0,0,0.0,0.0,0.0,0,0.0,0.0,Ayden Heaven
422,Noussair,Mazraoui,Mazraoui,DEF,Man Utd,4,4400000,Man City (H),0,0,0,0,0,0,0,0,0,0,0,0,0,0,0.0,0.0,0.0,0,0.0,0.0,Noussair Mazraoui
423,Luke,Shaw,Shaw,DEF,Man Utd,4,4400000,Man City (H),0,0,0,0,0,0,0,0,0,0,0,0,0,0,0.0,0.0,0.0,0,0.0,0.0,Luke Shaw
524,Callum,Olusesi,Olusesi,MID,Spurs,4,4400000,Everton (H),0,0,0,0,0,0,0,0,0,0,0,0,0,0,0.0,0.0,0.0,0,0.0,0.0,Callum Olusesi
534,Trai,Hume,Hume,DEF,Sunderland,4,4400000,Arsenal (H),0,0,0,0,0,0,0,0,0,0,0,0,0,0,0.0,0.0,0.0,0,0.0,0.0,Trai Hume
560,Mike,Penders,Penders,GK,Chelsea,4,4400000,Hull City (H),0,0,0,0,0,0,0,0,0,0,0,0,0,0,0.0,0.0,0.0,0,0.0,0.0,Mike Penders
29,Marco,M.Bizot,Bizot,GK,Aston Villa,2,4500000,Arsenal (H),0,0,0,0,0,0,0,0,0,0,0,0,0,0,0.0,0.0,0.0,0,0.0,0.0,Marco Bizot
29,Marco,M.Bizot,Bizot,GK,Aston Villa,3,4500000,Hull City (A),0,0,0,0,0,0,0,0,0,0,0,0,0,0,0.0,0.0,0.0,0,0.0,0.0,Marco Bizot
29,Marco,M.Bizot,Bizot,GK,Aston Villa,4,4500000,Nott'm Forest (H),0,0,0,0,0,0,0,0,0,0,0,0,0,0,0.0,0.0,0.0,0,0.0,0.0,Marco Bizot
30,Lucas,Digne,Digne,DEF,Aston Villa,1,4500000,Brighton (A),0,0,0,0,0,0,0,0,0,0,0,0,0,0,0.0,0.0,0.0,0,0.0,0.0,Lucas Digne
30,Lucas,Digne,Digne,DEF,Aston Villa,2,4500000,Arsenal (H),0,0,0,0,0,0,0,0,0,0,0,0,0,0,0.0,0.0,0.0,0,0.0,0.0,Lucas Digne
30,Lucas,Digne,Digne,DEF,Aston Villa,3,4500000,Hull City (A),0,0,0,0,0,0,0,0,0,0,0,0,0,0,0.0,0.0,0.0,0,0.0,0.0,Lucas Digne
30,Lucas,Digne,Digne,DEF,Aston Villa,4,4500000,Nott'm Forest (H),0,0,0,0,0,0,0,0,0,0,0,0,0,0,0.0,0.0,0.0,0,0.0,0.0,Lucas Digne
31,Ezri,Konsa,Konsa Ngoyo,DEF,Arsenal,1,4500000,Coventry City (H),0,0,0,0,0,0,0,0,0,0,0,0,0,0,0.0,0.0,0.0,0,0.0,0.0,Ezri Konsa Ngoyo
32,Matty,Cash,Cash,DEF,Aston Villa,4,4500000,Nott'm Forest (H),0,0,0,0,0,0,0,0,0,0,0,0,0,0,0.0,0.0,0.0,0,0.0,0.0,Matty Cash
33,Tyrone,Mings,Mings,DEF,Aston Villa,2,4500000,Arsenal (H),0,0,0,0,0,0,0,0,0,0,0,0,0,0,0.0,0.0,0.0,0,0.0,0.0,Tyrone Mings
34,Pau,Pau,Torres,DEF,Aston Villa,1,4500000,Brighton (A),0,73,0,0,0,4,0,0,0,0,0,0,0,5,0.0,0.0,2.0,0,0.0,0.0,Pau Torres
34,Pau,Pau,Torres,DEF,Aston Villa,3,4500000,Hull City (A),0,0,0,0,0,0,0,0,0,0,0,0,0,0,0.0,0.0,0.0,0,0.0,0.0,Pau Torres
50,Bradley,Burrowes,Burrowes,MID,Aston Villa,1,4500000,Brighton (A),0,0,0,0,0,0,0,0,0,0,0,0,0,0,0.0,0.0,0.0,0,0.0,0.0,Bradley Burrowes
50,Bradley,Burrowes,Burrowes,MID,Aston Villa,2,4500000,Arsenal (H),0,0,0,0,0,0,0,0,0,0,0,0,0,0,0.0,0.0,0.0,0,0.0,0.0,Bradley Burrowes
50,Bradley,Burrowes,Burrowes,MID,Aston Villa,3,4500000,Hull City (A),0,0,0,0,0,0,0,0,0,0,0,0,0,0,0.0,0.0,0.0,0,0.0,0.0,Bradley Burrowes
50,Bradley,Burrowes,Burrowes,MID,Aston Villa,4,4500000,Nott'm Forest (H),0,0,0,0,0,0,0,0,0,0,0,0,0,0,0.0,0.0,0.0,0,0.0,0.0,Bradley Burrowes
65,Julián,J.Araujo,Araujo Zúñiga,DEF,Bournemouth,1,4500000,Man City (A),0,0,0,0,0,0,0,0,0,0,0,0,0,0,0.0,0.0,0.0,0,0.0,0.0,Julián Araujo Zúñiga
65,Julián,J.Araujo,Araujo Zúñiga,DEF,Bournemouth,2,4500000,Everton (H),0,0,0,0,0,0,0,0,0,0,0,0,0,0,0.0,0.0,0.0,0,0.0,0.0,Julián Araujo Zúñiga
65,Julián,J.Araujo,Araujo Zúñiga,DEF,Bournemouth,3,4500000,Newcastle (A),0,0,0,0,0,0,0,0,0,0,0,0,0,0,0.0,0.0,0.0,0,0.0,0.0,Julián Araujo Zúñiga
83,Hákon Rafn,Valdimarsson,Valdimarsson,GK,Brentford,1,4500000,Spurs (H),0,0,0,0,0,0,0,0,0,0,0,0,0,0,0.0,0.0,0.0,0,0.0,0.0,Hákon Rafn Valdimarsson
83,Hákon Rafn,Valdimarsson,Valdimarsson,GK,Brentford,2,4500000,Leeds (A),0,0,0,0,0,0,0,0,0,0,0,0,0,0,0.0,0.0,0.0,0,0.0,0.0,Hákon Rafn Valdimarsson
83,Hákon Rafn,Valdimarsson,Valdimarsson,GK,Brentford,3,4500000,Sunderland (H),0,0,0,0,0,0,0,0,0,0,0,0,0,0,0.0,0.0,0.0,0,0.0,0.0,Hákon Rafn Valdimarsson
83,Hákon Rafn,Valdimarsson,Valdimarsson,GK,Brentford,4,4500000,Bournemouth (A),0,0,0,0,0,0,0,0,0,0,0,0,0,0,0.0,0.0,0.0,0,0.0,0.0,Hákon Rafn Valdimarsson
89,Rico,Henry,Henry,DEF,Brentford,1,4500000,Spurs (H),0,0,0,0,0,0,0,0,0,0,0,0,0,0,0.0,0.0,0.0,0,0.0,0.0,Rico Henry
89,Rico,Henry,Henry,DEF,Brentford,3,4500000,Sunderland (H),0,0,0,0,0,0,0,0,0,0,0,0,0,0,0.0,0.0,0.0,0,0.0,0.0,Rico Henry
89,Rico,Henry,Henry,DEF,Brentford,4,4500000,Bournemouth (A),0,0,0,0,0,0,0,0,0,0,0,0,0,0,0.0,0.0,0.0,0,0.0,0.0,Rico Henry
91,Ethan,Pinnock,Pinnock,DEF,Coventry City,1,4500000,Spurs (H),0,0,0,0,0,0,0,0,0,0,0,0,0,0,0.0,0.0,0.0,0,0.0,0.0,Ethan Pinnock
92,Kim,Ji-soo,Ji-soo,DEF,Brentford,1,4500000,Spurs (H),0,0,0,0,0,0,0,0,0,0,0,0,0,0,0.0,0.0,0.0,0,0.0,0.0,Kim Ji-soo
92,Kim,Ji-soo,Ji-soo,DEF,Brentford,2,4500000,Leeds (A),0,0,0,0,0,0,0,0,0,0,0,0,0,0,0.0,0.0,0.0,0,0.0,0.0,Kim Ji-soo
92,Kim,Ji-soo,Ji-soo,DEF,Brentford,3,4500000,Sunderland (H),0,0,0,0,0,0,0,0,0,0,0,0,0,0,0.0,0.0,0.0,0,0.0,0.0,Kim Ji-soo
92,Kim,Ji-soo,Ji-soo,DEF,Brentford,4,4500000,Bournemouth (A),0,0,0,0,0,0,0,0,0,0,0,0,0,0,0.0,0.0,0.0,0,0.0,0.0,Kim Ji-soo
93,Jannik,Schuster,Schuster,DEF,Brentford,1,4500000,Spurs (H),0,0,0,0,0,0,0,0,0,0,0,0,0,0,0.0,0.0,0.0,0,0.0,0.0,Jannik Schuster
93,Jannik,Schuster,Schuster,DEF,Brentford,2,4500000,Leeds (A),0,0,0,0,0,0,0,0,0,0,0,0,0,0,0.0,0.0,0.0,0,0.0,0.0,Jannik Schuster
107,Kaye,Furo,Furo,FWD,Brentford,1,4500000,Spurs (H),0,0,0,0,0,0,0,0,0,0,0,0,0,0,0.0,0.0,0.0,0,0.0,0.0,Kaye Furo
107,Kaye,Furo,Furo,FWD,Brentford,2,4500000,Leeds (A),0,0,0,0,0,0,0,0,0,0,0,0,0,0,0.0,0.0,0.0,0,0.0,0.0,Kaye Furo
107,Kaye,Furo,Furo,FWD,Brentford,3,4500000,Sunderland (H),0,0,0,0,0,0,0,0,0,0,0,0,0,0,0.0,0.0,0.0,0,0.0,0.0,Kaye Furo
107,Kaye,Furo,Furo,FWD,Brentford,4,4500000,Bournemouth (A),0,0,0,0,0,0,0,0,0,0,0,0,0,0,0.0,0.0,0.0,0,0.0,0.0,Kaye Furo
113,Ferdi,F.Kadıoğlu,Kadıoğlu,DEF,Brighton,1,4500000,Aston Villa (H),0,0,0,0,0,0,0,0,0,0,0,0,0,0,0.0,0.0,0.0,0,0.0,0.0,Ferdi Kadıoğlu
117,Diego,Coppola,Coppola,DEF,Brighton,1,4500000,Aston Villa (H),0,0,0,0,0,0,0,0,0,0,0,0,0,0,0.0,0.0,0.0,0,0.0,0.0,Diego Coppola
117,Diego,Coppola,Coppola,DEF,Brighton,2,4500000,Chelsea (A),0,0,0,0,0,0,0,0,0,0,0,0,0,0,0.0,0.0,0.0,0,0.0,0.0,Diego Coppola
117,Diego,Coppola,Coppola,DEF,Brighton,3,4500000,Leeds (H),0,0,0,0,0,0,0,0,0,0,0,0,0,0,0.0,0.0,0.0,0,0.0,0.0,Diego Coppola
117,Diego,Coppola,Coppola,DEF,Brighton,4,4500000,Coventry City (A),0,0,0,0,0,0,0,0,0,0,0,0,0,0,0.0,0.0,0.0,0,0.0,0.0,Diego Coppola
118,Igor Julio,Igor,dos Santos de Paulo,DEF,Brighton,1,4500000,Aston Villa (H),0,0,0,0,0,0,0,0,0,0,0,0,0,0,0.0,0.0,0.0,0,0.0,0.0,Igor Julio dos Santos de Paulo
118,Igor Julio,Igor,dos Santos de Paulo,DEF,Brighton,2,4500000,Chelsea (A),0,0,0,0,0,0,0,0,0,0,0,0,0,0,0.0,0.0,0.0,0,0.0,0.0,Igor Julio dos Santos de Paulo
118,Igor Julio,Igor,dos Santos de Paulo,DEF,Brighton,3,4500000,Leeds (H),0,0,0,0,0,0,0,0,0,0,0,0,0,0,0.0,0.0,0.0,0,0.0,0.0,Igor Julio dos Santos de Paulo
118,Igor Julio,Igor,dos Santos de Paulo,DEF,Brighton,4,4500000,Coventry City (A),0,0,0,0,0,0,0,0,0,0,0,0,0,0,0.0,0.0,0.0,0,0.0,0.0,Igor Julio dos Santos de Paulo
119,João Pedro,Costinha,Loureiro da Costa,DEF,Brighton,2,4500000,Chelsea (A),0,10,0,0,0,0,0,0,0,1,0,0,0,0,0.0,0.0,0.0,0,0.0,0.0,João Pedro Loureiro da Costa
132,Harry,Howell,Howell,MID,Brighton,1,4500000,Aston Villa (H),0,0,0,0,0,0,0,0,0,0,0,0,0,0,0.0,0.0,0.0,0,0.0,0.0,Harry Howell
132,Harry,Howell,Howell,MID,Brighton,2,4500000,Chelsea (A),0,0,0,0,0,0,0,0,0,0,0,0,0,0,0.0,0.0,0.0,0,0.0,0.0,Harry Howell
132,Harry,Howell,Howell,MID,Brighton,3,4500000,Leeds (H),0,0,0,0,0,0,0,0,0,0,0,0,0,0,0.0,0.0,0.0,0,0.0,0.0,Harry Howell
132,Harry,Howell,Howell,MID,Brighton,4,4500000,Coventry City (A),0,0,0,0,0,0,0,0,0,0,0,0,0,0,0.0,0.0,0.0,0,0.0,0.0,Harry Howell
134,Nehemiah,Oriola,Oriola,MID,Brighton,1,4500000,Aston Villa (H),0,0,0,0,0,0,0,0,0,0,0,0,0,0,0.0,0.0,0.0,0,0.0,0.0,Nehemiah Oriola
134,Nehemiah,Oriola,Oriola,MID,Brighton,2,4500000,Chelsea (A),0,0,0,0,0,0,0,0,0,0,0,0,0,0,0.0,0.0,0.0,0,0.0,0.0,Nehemiah Oriola
134,Nehemiah,Oriola,Oriola,MID,Brighton,3,4500000,Leeds (H),0,0,0,0,0,0,0,0,0,0,0,0,0,0,0.0,0.0,0.0,0,0.0,0.0,Nehemiah Oriola
134,Nehemiah,Oriola,Oriola,MID,Brighton,4,4500000,Coventry City (A),0,0,0,0,0,0,0,0,0,0,0,0,0,0,0.0,0.0,0.0,0,0.0,0.0,Nehemiah Oriola
146,Benoît,B.Badiashile,Badiashile Mukinayi,DEF,Chelsea,1,4500000,Fulham (A),0,0,0,0,0,0,0,0,0,0,0,0,0,0,0.0,0.0,0.0,0,0.0,0.0,Benoît Badiashile Mukinayi
146,Benoît,B.Badiashile,Badiashile Mukinayi,DEF,Chelsea,2,4500000,Brighton (H),0,0,0,0,0,0,0,0,0,0,0,0,0,0,0.0,0.0,0.0,0,0.0,0.0,Benoît Badiashile Mukinayi
146,Benoît,B.Badiashile,Badiashile Mukinayi,DEF,Chelsea,3,4500000,Arsenal (A),0,0,0,0,0,0,0,0,0,0,0,0,0,0,0.0,0.0,0.0,0,0.0,0.0,Benoît Badiashile Mukinayi
146,Benoît,B.Badiashile,Badiashile Mukinayi,DEF,Chelsea,4,4500000,Hull City (H),0,0,0,0,0,0,0,0,0,0,0,0,0,0,0.0,0.0,0.0,0,0.0,0.0,Benoît Badiashile Mukinayi
147,Tosin,Tosin,Adarabioyo,DEF,Spurs,1,4500000,Fulham (A),0,0,0,0,0,0,0,0,0,0,0,0,0,0,0.0,0.0,0.0,0,0.0,0.0,Tosin Adarabioyo
147,Tosin,Tosin,Adarabioyo,DEF,Spurs,2,4500000,Brighton (H),0,0,0,0,0,0,0,0,0,0,0,0,0,0,0.0,0.0,0.0,0,0.0,0.0,Tosin Adarabioyo
147,Tosin,Tosin,Adarabioyo,DEF,Spurs,3,4500000,Nott'm Forest (A),0,0,0,0,0,0,0,0,0,0,0,0,0,0,0.0,0.0,0.0,0,0.0,0.0,Tosin Adarabioyo
150,Mamadou,M.Sarr,Sarr,DEF,Chelsea,1,4500000,Fulham (A),0,0,0,0,0,0,0,0,0,0,0,0,0,0,0.0,0.0,0.0,0,0.0,0.0,Mamadou Sarr
150,Mamadou,M.Sarr,Sarr,DEF,Chelsea,2,4500000,Brighton (H),0,0,0,0,0,0,0,0,0,0,0,0,0,0,0.0,0.0,0.0,0,0.0,0.0,Mamadou Sarr
150,Mamadou,M.Sarr,Sarr,DEF,Chelsea,3,4500000,Arsenal (A),0,0,0,0,0,0,0,0,0,0,0,0,0,0,0.0,0.0,0.0,0,0.0,0.0,Mamadou Sarr
150,Mamadou,M.Sarr,Sarr,DEF,Chelsea,4,4500000,Hull City (H),0,0,0,0,0,0,0,0,0,0,0,0,0,0,0.0,0.0,0.0,0,0.0,0.0,Mamadou Sarr
151,Josh,Acheampong,Acheampong,DEF,Chelsea,4,4500000,Hull City (H),0,0,0,0,0,0,0,0,0,0,0,0,0,0,0.0,0.0,0.0,0,0.0,0.0,Josh Acheampong
153,Axel,Disasi,Disasi,DEF,Crystal Palace,1,4500000,Fulham (A),0,0,0,0,0,0,0,0,0,0,0,0,0,0,0.0,0.0,0.0,0,0.0,0.0,Axel Disasi
163,Dário,D.Essugo,Luís Essugo,MID,Chelsea,1,4500000,Fulham (A),0,0,0,0,0,0,0,0,0,0,0,0,0,0,0.0,0.0,0.0,0,0.0,0.0,Dário Luís Essugo
163,Dário,D.Essugo,Luís Essugo,MID,Chelsea,2,4500000,Brighton (H),0,0,0,0,0,0,0,0,0,0,0,0,0,0,0.0,0.0,0.0,0,0.0,0.0,Dário Luís Essugo
163,Dário,D.Essugo,Luís Essugo,MID,Chelsea,3,4500000,Arsenal (A),0,0,0,0,0,0,0,0,0,0,0,0,0,0,0.0,0.0,0.0,0,0.0,0.0,Dário Luís Essugo
163,Dário,D.Essugo,Luís Essugo,MID,Chelsea,4,4500000,Hull City (H),0,0,0,0,0,0,0,0,0,0,0,0,0,0,0.0,0.0,0.0,0,0.0,0.0,Dário Luís Essugo
169,Shumaira,Mheuka,Mheuka,FWD,Chelsea,1,4500000,Fulham (A),0,0,0,0,0,0,0,0,0,0,0,0,0,0,0.0,0.0,0.0,0,0.0,0.0,Shumaira Mheuka
169,Shumaira,Mheuka,Mheuka,FWD,Chelsea,2,4500000,Brighton (H),0,0,0,0,0,0,0,0,0,0,0,0,0,0,0.0,0.0,0.0,0,0.0,0.0,Shumaira Mheuka
169,Shumaira,Mheuka,Mheuka,FWD,Chelsea,3,4500000,Arsenal (A),0,0,0,0,0,0,0,0,0,0,0,0,0,0,0.0,0.0,0.0,0,0.0,0.0,Shumaira Mheuka
169,Shumaira,Mheuka,Mheuka,FWD,Chelsea,4,4500000,Hull City (H),0,0,0,0,0,0,0,0,0,0,0,0,0,0,0.0,0.0,0.0,0,0.0,0.0,Shumaira Mheuka
172,Ben,Wilson,Wilson,GK,Coventry City,1,4500000,Arsenal (A),0,0,0,0,0,0,0,0,0,0,0,0,0,0,0.0,0.0,0.0,0,0.0,0.0,Ben Wilson
172,Ben,Wilson,Wilson,GK,Coventry City,2,4500000,Hull City (H),0,0,0,0,0,0,0,0,0,0,0,0,0,0,0.0,0.0,0.0,0,0.0,0.0,Ben Wilson
172,Ben,Wilson,Wilson,GK,Coventry City,3,4500000,Man City (A),0,0,0,0,0,0,0,0,0,0,0,0,0,0,0.0,0.0,0.0,0,0.0,0.0,Ben Wilson
172,Ben,Wilson,Wilson,GK,Coventry City,4,4500000,Brighton (H),0,0,0,0,0,0,0,0,0,0,0,0,0,0,0.0,0.0,0.0,0,0.0,0.0,Ben Wilson
189,George,Shepherd,Shepherd,MID,Coventry City,1,4500000,Arsenal (A),0,0,0,0,0,0,0,0,0,0,0,0,0,0,0.0,0.0,0.0,0,0.0,0.0,George Shepherd
189,George,Shepherd,Shepherd,MID,Coventry City,2,4500000,Hull City (H),0,0,0,0,0,0,0,0,0,0,0,0,0,0,0.0,0.0,0.0,0,0.0,0.0,George Shepherd
189,George,Shepherd,Shepherd,MID,Coventry City,3,4500000,Man City (A),0,0,0,0,0,0,0,0,0,0,0,0,0,0,0.0,0.0,0.0,0,0.0,0.0,George Shepherd
189,George,Shepherd,Shepherd,MID,Coventry City,4,4500000,Brighton (H),0,0,0,0,0,0,0,0,0,0,0,0,0,0,0.0,0.0,0.0,0,0.0,0.0,George Shepherd
191,Raphael,Borges Rodrigues,Borges Rodrigues,MID,Coventry City,1,4500000,Arsenal (A),0,0,0,0,0,0,0,0,0,0,0,0,0,0,0.0,0.0,0.0,0,0.0,0.0,Raphael Borges Rodrigues
191,Raphael,Borges Rodrigues,Borges Rodrigues,MID,Coventry City,2,4500000,Hull City (H),0,0,0,0,0,0,0,0,0,0,0,0,0,0,0.0,0.0,0.0,0,0.0,0.0,Raphael Borges Rodrigues
191,Raphael,Borges Rodrigues,Borges Rodrigues,MID,Coventry City,3,4500000,Man City (A),0,0,0,0,0,0,0,0,0,0,0,0,0,0,0.0,0.0,0.0,0,0.0,0.0,Raphael Borges Rodrigues
191,Raphael,Borges Rodrigues,Borges Rodrigues,MID,Coventry City,4,4500000,Brighton (H),0,0,0,0,0,0,0,0,0,0,0,0,0,0,0.0,0.0,0.0,0,0.0,0.0,Raphael Borges Rodrigues
192,Kai,Andrews,Andrews,MID,Coventry City,1,4500000,Arsenal (A),0,0,0,0,0,0,0,0,0,0,0,0,0,0,0.0,0.0,0.0,0,0.0,0.0,Kai Andrews
192,Kai,Andrews,Andrews,MID,Coventry City,2,4500000,Hull City (H),0,0,0,0,0,0,0,0,0,0,0,0,0,0,0.0,0.0,0.0,0,0.0,0.0,Kai Andrews
192,Kai,Andrews,Andrews,MID,Coventry City,3,4500000,Man City (A),0,0,0,0,0,0,0,0,0,0,0,0,0,0,0.0,0.0,0.0,0,0.0,0.0,Kai Andrews
192,Kai,Andrews,Andrews,MID,Coventry City,4,4500000,Brighton (H),0,0,0,0,0,0,0,0,0,0,0,0,0,0,0.0,0.0,0.0,0,0.0,0.0,Kai Andrews
197,Norman,Bassette,Bassette,FWD,Coventry City,1,4500000,Arsenal (A),0,0,0,0,0,0,0,0,0,0,0,0,0,0,0.0,0.0,0.0,0,0.0,0.0,Norman Bassette
197,Norman,Bassette,Bassette,FWD,Coventry City,2,4500000,Hull City (H),0,0,0,0,0,0,0,0,0,0,0,0,0,0,0.0,0.0,0.0,0,0.0,0.0,Norman Bassette
197,Norman,Bassette,Bassette,FWD,Coventry City,3,4500000,Man City (A),0,0,0,0,0,0,0,0,0,0,0,0,0,0,0.0,0.0,0.0,0,0.0,0.0,Norman Bassette
197,Norman,Bassette,Bassette,FWD,Coventry City,4,4500000,Brighton (H),0,0,0,0,0,0,0,0,0,0,0,0,0,0,0.0,0.0,0.0,0,0.0,0.0,Norman Bassette
199,Walter,Benitez,Benítez,GK,Crystal Palace,1,4500000,Everton (A),0,0,0,0,0,0,0,0,0,0,0,0,0,0,0.0,0.0,0.0,0,0.0,0.0,Walter Benítez
199,Walter,Benitez,Benítez,GK,Crystal Palace,2,4500000,Man City (H),0,0,0,0,0,0,0,0,0,0,0,0,0,0,0.0,0.0,0.0,0,0.0,0.0,Walter Benítez
199,Walter,Benitez,Benítez,GK,Crystal Palace,3,4500000,Fulham (A),0,0,0,0,0,0,0,0,0,0,0,0,0,0,0.0,0.0,0.0,0,0.0,0.0,Walter Benítez
205,Borna,Sosa,Sosa,DEF,Crystal Palace,1,4500000,Everton (A),0,0,0,0,0,0,0,0,0,0,0,0,0,0,0.0,0.0,0.0,0,0.0,0.0,Borna Sosa
205,Borna,Sosa,Sosa,DEF,Crystal Palace,2,4500000,Man City (H),0,0,0,0,0,0,0,0,0,0,0,0,0,0,0.0,0.0,0.0,0,0.0,0.0,Borna Sosa
205,Borna,Sosa,Sosa,DEF,Crystal Palace,3,4500000,Fulham (A),0,0,0,0,0,0,0,0,0,0,0,0,0,0,0.0,0.0,0.0,0,0.0,0.0,Borna Sosa
205,Borna,Sosa,Sosa,DEF,Crystal Palace,4,4500000,Ipswich Town (H),0,0,0,0,0,0,0,0,0,0,0,0,0,0,0.0,0.0,0.0,0,0.0,0.0,Borna Sosa
206,Chadi,Chadi Riad,Riad Dnanou,DEF,Crystal Palace,2,4500000,Man City (H),0,0,0,0,0,0,0,0,0,0,0,0,0,0,0.0,0.0,0.0,0,0.0,0.0,Chadi Riad Dnanou
207,Oscar,Mingueza,Mingueza,DEF,Crystal Palace,1,4500000,Everton (A),0,0,0,0,0,0,0,0,0,0,0,0,0,0,0.0,0.0,0.0,0,0.0,0.0,Oscar Mingueza
212,Will,Hughes,Hughes,MID,Crystal Palace,1,4500000,Everton (A),0,0,0,0,0,0,0,0,0,0,0,0,0,0,0.0,0.0,0.0,0,0.0,0.0,Will Hughes
212,Will,Hughes,Hughes,MID,Crystal Palace,2,4500000,Man City (H),0,0,0,0,0,0,0,0,0,0,0,0,0,0,0.0,0.0,0.0,0,0.0,0.0,Will Hughes
220,Rio,Cardines,Cardines,DEF,Crystal Palace,1,4500000,Everton (A),0,0,0,0,0,0,0,0,0,0,0,0,0,0,0.0,0.0,0.0,0,0.0,0.0,Rio Cardines
220,Rio,Cardines,Cardines,DEF,Crystal Palace,2,4500000,Man City (H),0,0,0,0,0,0,0,0,0,0,0,0,0,0,0.0,0.0,0.0,0,0.0,0.0,Rio Cardines
220,Rio,Cardines,Cardines,DEF,Crystal Palace,3,4500000,Fulham (A),0,0,0,0,0,0,0,0,0,0,0,0,0,0,0.0,0.0,0.0,0,0.0,0.0,Rio Cardines
220,Rio,Cardines,Cardines,DEF,Crystal Palace,4,4500000,Ipswich Town (H),0,0,0,0,0,0,0,0,0,0,0,0,0,0,0.0,0.0,0.0,0,0.0,0.0,Rio Cardines
221,Joél,Drakes-Thomas,Drakes-Thomas,MID,Crystal Palace,1,4500000,Everton (A),0,0,0,0,0,0,0,0,0,0,0,0,0,0,0.0,0.0,0.0,0,0.0,0.0,Joél Drakes-Thomas
221,Joél,Drakes-Thomas,Drakes-Thomas,MID,Crystal Palace,2,4500000,Man City (H),0,0,0,0,0,0,0,0,0,0,0,0,0,0,0.0,0.0,0.0,0,0.0,0.0,Joél Drakes-Thomas
221,Joél,Drakes-Thomas,Drakes-Thomas,MID,Crystal Palace,3,4500000,Fulham (A),0,0,0,0,0,0,0,0,0,0,0,0,0,0,0.0,0.0,0.0,0,0.0,0.0,Joél Drakes-Thomas
221,Joél,Drakes-Thomas,Drakes-Thomas,MID,Crystal Palace,4,4500000,Ipswich Town (H),0,0,0,0,0,0,0,0,0,0,0,0,0,0,0.0,0.0,0.0,0,0.0,0.0,Joél Drakes-Thomas
228,Tom,King,King,GK,Everton,1,4500000,Crystal Palace (H),0,0,0,0,0,0,0,0,0,0,0,0,0,0,0.0,0.0,0.0,0,0.0,0.0,Tom King
228,Tom,King,King,GK,Everton,2,4500000,Bournemouth (A),0,0,0,0,0,0,0,0,0,0,0,0,0,0,0.0,0.0,0.0,0,0.0,0.0,Tom King
228,Tom,King,King,GK,Everton,3,4500000,Man Utd (H),0,0,0,0,0,0,0,0,0,0,0,0,0,0,0.0,0.0,0.0,0,0.0,0.0,Tom King
228,Tom,King,King,GK,Everton,4,4500000,Spurs (A),0,0,0,0,0,0,0,0,0,0,0,0,0,0,0.0,0.0,0.0,0,0.0,0.0,Tom King
234,Nathan,Patterson,Patterson,DEF,Everton,1,4500000,Crystal Palace (H),0,0,0,0,0,0,0,0,0,0,0,0,0,0,0.0,0.0,0.0,0,0.0,0.0,Nathan Patterson
234,Nathan,Patterson,Patterson,DEF,Everton,2,4500000,Bournemouth (A),0,0,0,0,0,0,0,0,0,0,0,0,0,0,0.0,0.0,0.0,0,0.0,0.0,Nathan Patterson
234,Nathan,Patterson,Patterson,DEF,Everton,3,4500000,Man Utd (H),0,0,0,0,0,0,0,0,0,0,0,0,0,0,0.0,0.0,0.0,0,0.0,0.0,Nathan Patterson
234,Nathan,Patterson,Patterson,DEF,Everton,4,4500000,Spurs (A),0,0,0,0,0,0,0,0,0,0,0,0,0,0,0.0,0.0,0.0,0,0.0,0.0,Nathan Patterson
255,Jorge,J.Cuenca,Cuenca Barreno,DEF,Fulham,2,4500000,Sunderland (A),0,0,0,0,0,0,0,0,0,0,0,0,0,0,0.0,0.0,0.0,0,0.0,0.0,Jorge Cuenca Barreno
255,Jorge,J.Cuenca,Cuenca Barreno,DEF,Fulham,3,4500000,Crystal Palace (H),0,0,0,0,0,0,0,0,0,0,0,0,0,0,0.0,0.0,0.0,0,0.0,0.0,Jorge Cuenca Barreno
255,Jorge,J.Cuenca,Cuenca Barreno,DEF,Fulham,4,4500000,Liverpool (A),0,0,0,0,0,0,0,0,0,0,0,0,0,0,0.0,0.0,0.0,0,0.0,0.0,Jorge Cuenca Barreno
256,Kenny,Tete,Tete,DEF,Fulham,1,4500000,Chelsea (H),0,0,0,0,0,0,0,0,0,0,0,0,0,0,0.0,0.0,0.0,0,0.0,0.0,Kenny Tete
256,Kenny,Tete,Tete,DEF,Fulham,2,4500000,Sunderland (A),0,0,0,0,0,0,0,0,0,0,0,0,0,0,0.0,0.0,0.0,0,0.0,0.0,Kenny Tete
256,Kenny,Tete,Tete,DEF,Fulham,3,4500000,Crystal Palace (H),0,0,0,0,0,0,0,0,0,0,0,0,0,0,0.0,0.0,0.0,0,0.0,0.0,Kenny Tete
270,Harrison,Reed,Reed,MID,Fulham,1,4500000,Chelsea (H),0,0,0,0,0,0,0,0,0,0,0,0,0,0,0.0,0.0,0.0,0,0.0,0.0,Harrison Reed
270,Harrison,Reed,Reed,MID,Fulham,2,4500000,Sunderland (A),0,0,0,0,0,0,0,0,0,0,0,0,0,0,0.0,0.0,0.0,0,0.0,0.0,Harrison Reed
270,Harrison,Reed,Reed,MID,Fulham,3,4500000,Crystal Palace (H),0,0,0,0,0,0,0,0,0,0,0,0,0,0,0.0,0.0,0.0,0,0.0,0.0,Harrison Reed
270,Harrison,Reed,Reed,MID,Fulham,4,4500000,Liverpool (A),0,0,0,0,0,0,0,0,0,0,0,0,0,0,0.0,0.0,0.0,0,0.0,0.0,Harrison Reed
272,Jonah,Kusi-Asare,Kusi-Asare,FWD,Fulham,1,4500000,Chelsea (H),0,0,0,0,0,0,0,0,0,0,0,0,0,0,0.0,0.0,0.0,0,0.0,0.0,Jonah Kusi-Asare
272,Jonah,Kusi-Asare,Kusi-Asare,FWD,Fulham,2,4500000,Sunderland (A),0,0,0,0,0,0,0,0,0,0,0,0,0,0,0.0,0.0,0.0,0,0.0,0.0,Jonah Kusi-Asare
272,Jonah,Kusi-Asare,Kusi-Asare,FWD,Fulham,3,4500000,Crystal Palace (H),0,0,0,0,0,0,0,0,0,0,0,0,0,0,0.0,0.0,0.0,0,0.0,0.0,Jonah Kusi-Asare
272,Jonah,Kusi-Asare,Kusi-Asare,FWD,Fulham,4,4500000,Liverpool (A),0,0,0,0,0,0,0,0,0,0,0,0,0,0,0.0,0.0,0.0,0,0.0,0.0,Jonah Kusi-Asare
274,Jack,Butland,Butland,GK,Hull City,1,4500000,Man Utd (H),0,0,0,0,0,0,0,0,0,0,0,0,0,0,0.0,0.0,0.0,0,0.0,0.0,Jack Butland
274,Jack,Butland,Butland,GK,Hull City,2,4500000,Coventry City (A),0,0,0,0,0,0,0,0,0,0,0,0,0,0,0.0,0.0,0.0,0,0.0,0.0,Jack Butland
274,Jack,Butland,Butland,GK,Hull City,3,4500000,Aston Villa (H),0,0,0,0,0,0,0,0,0,0,0,0,0,0,0.0,0.0,0.0,0,0.0,0.0,Jack Butland
274,Jack,Butland,Butland,GK,Hull City,4,4500000,Chelsea (A),0,0,0,0,0,0,0,0,0,0,0,0,0,0,0.0,0.0,0.0,0,0.0,0.0,Jack Butland
288,Kieran,Dowell,Dowell,MID,Hull City,1,4500000,Man Utd (H),0,0,0,0,0,0,0,0,0,0,0,0,0,0,0.0,0.0,0.0,0,0.0,0.0,Kieran Dowell
288,Kieran,Dowell,Dowell,MID,Hull City,2,4500000,Coventry City (A),0,0,0,0,0,0,0,0,0,0,0,0,0,0,0.0,0.0,0.0,0,0.0,0.0,Kieran Dowell
288,Kieran,Dowell,Dowell,MID,Hull City,3,4500000,Aston Villa (H),0,0,0,0,0,0,0,0,0,0,0,0,0,0,0.0,0.0,0.0,0,0.0,0.0,Kieran Dowell
288,Kieran,Dowell,Dowell,MID,Hull City,4,4500000,Chelsea (A),0,0,0,0,0,0,0,0,0,0,0,0,0,0,0.0,0.0,0.0,0,0.0,0.0,Kieran Dowell
289,Matt,Crooks,Crooks,MID,Hull City,2,4500000,Coventry City (A),0,0,0,0,0,0,0,0,0,0,0,0,0,0,0.0,0.0,0.0,0,0.0,0.0,Matt Crooks
289,Matt,Crooks,Crooks,MID,Hull City,3,4500000,Aston Villa (H),0,0,0,0,0,0,0,0,0,0,0,0,0,0,0.0,0.0,0.0,0,0.0,0.0,Matt Crooks
291,Eliot,Matazo,Matazo,MID,Hull City,1,4500000,Man Utd (H),0,0,0,0,0,0,0,0,0,0,0,0,0,0,0.0,0.0,0.0,0,0.0,0.0,Eliot Matazo
291,Eliot,Matazo,Matazo,MID,Hull City,2,4500000,Coventry City (A),0,0,0,0,0,0,0,0,0,0,0,0,0,0,0.0,0.0,0.0,0,0.0,0.0,Eliot Matazo
291,Eliot,Matazo,Matazo,MID,Hull City,3,4500000,Aston Villa (H),0,0,0,0,0,0,0,0,0,0,0,0,0,0,0.0,0.0,0.0,0,0.0,0.0,Eliot Matazo
291,Eliot,Matazo,Matazo,MID,Hull City,4,4500000,Chelsea (A),0,0,0,0,0,0,0,0,0,0,0,0,0,0,0.0,0.0,0.0,0,0.0,0.0,Eliot Matazo
294,Óscar,Zambrano,Zambrano,MID,Hull City,1,4500000,Man Utd (H),0,0,0,0,0,0,0,0,0,0,0,0,0,0,0.0,0.0,0.0,0,0.0,0.0,Óscar Zambrano
294,Óscar,Zambrano,Zambrano,MID,Hull City,2,4500000,Coventry City (A),0,0,0,0,0,0,0,0,0,0,0,0,0,0,0.0,0.0,0.0,0,0.0,0.0,Óscar Zambrano
294,Óscar,Zambrano,Zambrano,MID,Hull City,3,4500000,Aston Villa (H),0,0,0,0,0,0,0,0,0,0,0,0,0,0,0.0,0.0,0.0,0,0.0,0.0,Óscar Zambrano
294,Óscar,Zambrano,Zambrano,MID,Hull City,4,4500000,Chelsea (A),0,0,0,0,0,0,0,0,0,0,0,0,0,0,0.0,0.0,0.0,0,0.0,0.0,Óscar Zambrano
297,Darko,Gyabi,Gyabi,MID,Hull City,1,4500000,Man Utd (H),0,0,0,0,0,0,0,0,0,0,0,0,0,0,0.0,0.0,0.0,0,0.0,0.0,Darko Gyabi
297,Darko,Gyabi,Gyabi,MID,Hull City,2,4500000,Coventry City (A),0,0,0,0,0,0,0,0,0,0,0,0,0,0,0.0,0.0,0.0,0,0.0,0.0,Darko Gyabi
297,Darko,Gyabi,Gyabi,MID,Hull City,3,4500000,Aston Villa (H),0,0,0,0,0,0,0,0,0,0,0,0,0,0,0.0,0.0,0.0,0,0.0,0.0,Darko Gyabi
297,Darko,Gyabi,Gyabi,MID,Hull City,4,4500000,Chelsea (A),0,0,0,0,0,0,0,0,0,0,0,0,0,0,0.0,0.0,0.0,0,0.0,0.0,Darko Gyabi
298,Enis,Destan,Destan,FWD,Hull City,1,4500000,Man Utd (H),0,0,0,0,0,0,0,0,0,0,0,0,0,0,0.0,0.0,0.0,0,0.0,0.0,Enis Destan
298,Enis,Destan,Destan,FWD,Hull City,2,4500000,Coventry City (A),0,0,0,0,0,0,0,0,0,0,0,0,0,0,0.0,0.0,0.0,0,0.0,0.0,Enis Destan
298,Enis,Destan,Destan,FWD,Hull City,3,4500000,Aston Villa (H),0,0,0,0,0,0,0,0,0,0,0,0,0,0,0.0,0.0,0.0,0,0.0,0.0,Enis Destan
298,Enis,Destan,Destan,FWD,Hull City,4,4500000,Chelsea (A),0,0,0,0,0,0,0,0,0,0,0,0,0,0,0.0,0.0,0.0,0,0.0,0.0,Enis Destan
299,Mason,Burstow,Burstow,FWD,Hull City,1,4500000,Man Utd (H),0,0,0,0,0,0,0,0,0,0,0,0,0,0,0.0,0.0,0.0,0,0.0,0.0,Mason Burstow
299,Mason,Burstow,Burstow,FWD,Hull City,2,4500000,Coventry City (A),0,0,0,0,0,0,0,0,0,0,0,0,0,0,0.0,0.0,0.0,0,0.0,0.0,Mason Burstow
299,Mason,Burstow,Burstow,FWD,Hull City,3,4500000,Aston Villa (H),0,0,0,0,0,0,0,0,0,0,0,0,0,0,0.0,0.0,0.0,0,0.0,0.0,Mason Burstow
299,Mason,Burstow,Burstow,FWD,Hull City,4,4500000,Chelsea (A),0,0,0,0,0,0,0,0,0,0,0,0,0,0,0.0,0.0,0.0,0,0.0,0.0,Mason Burstow
300,Christian,Walton,Walton,GK,Ipswich Town,1,4500000,Sunderland (H),0,0,0,0,0,0,0,0,0,0,0,0,0,0,0.0,0.0,0.0,0,0.0,0.0,Christian Walton
300,Christian,Walton,Walton,GK,Ipswich Town,2,4500000,Man Utd (A),0,0,0,0,0,0,0,0,0,0,0,0,0,0,0.0,0.0,0.0,0,0.0,0.0,Christian Walton
300,Christian,Walton,Walton,GK,Ipswich Town,3,4500000,Liverpool (H),0,0,0,0,0,0,0,0,0,0,0,0,0,0,0.0,0.0,0.0,0,0.0,0.0,Christian Walton
312,Jack,Taylor,Taylor,MID,Ipswich Town,1,4500000,Sunderland (H),0,0,0,0,0,0,0,0,0,0,0,0,0,0,0.0,0.0,0.0,0,0.0,0.0,Jack Taylor
312,Jack,Taylor,Taylor,MID,Ipswich Town,2,4500000,Man Utd (A),0,0,0,0,0,0,0,0,0,0,0,0,0,0,0.0,0.0,0.0,0,0.0,0.0,Jack Taylor
312,Jack,Taylor,Taylor,MID,Ipswich Town,3,4500000,Liverpool (H),0,0,0,0,0,0,0,0,0,0,0,0,0,0,0.0,0.0,0.0,0,0.0,0.0,Jack Taylor
312,Jack,Taylor,Taylor,MID,Ipswich Town,4,4500000,Crystal Palace (A),0,0,0,0,0,0,0,0,0,0,0,0,0,0,0.0,0.0,0.0,0,0.0,0.0,Jack Taylor
321,Sindre,Walle Egeli,Walle Egeli,FWD,Ipswich Town,2,4500000,Man Utd (A),0,0,0,0,0,0,0,0,0,0,0,0,0,0,0.0,0.0,0.0,0,0.0,0.0,Sindre Walle Egeli
321,Sindre,Walle Egeli,Walle Egeli,FWD,Ipswich Town,3,4500000,Liverpool (H),0,0,0,0,0,0,0,0,0,0,0,0,0,0,0.0,0.0,0.0,0,0.0,0.0,Sindre Walle Egeli
321,Sindre,Walle Egeli,Walle Egeli,FWD,Ipswich Town,4,4500000,Crystal Palace (A),0,0,0,0,0,0,0,0,0,0,0,0,0,0,0.0,0.0,0.0,0,0.0,0.0,Sindre Walle Egeli
323,Kasey,McAteer,McAteer,MID,Ipswich Town,4,4500000,Crystal Palace (A),0,0,0,0,0,0,0,0,0,0,0,0,0,0,0.0,0.0,0.0,0,0.0,0.0,Kasey McAteer
325,Karl,Darlow,Darlow,GK,Man Utd,1,4500000,Hull City (A),0,0,0,0,0,0,0,0,0,0,0,0,0,0,0.0,0.0,0.0,0,0.0,0.0,Karl Darlow
325,Karl,Darlow,Darlow,GK,Man Utd,2,4500000,Ipswich Town (H),0,0,0,0,0,0,0,0,0,0,0,0,0,0,0.0,0.0,0.0,0,0.0,0.0,Karl Darlow
325,Karl,Darlow,Darlow,GK,Man Utd,3,4500000,Everton (A),0,0,0,0,0,0,0,0,0,0,0,0,0,0,0.0,0.0,0.0,0,0.0,0.0,Karl Darlow
325,Karl,Darlow,Darlow,GK,Man Utd,4,4500000,Man City (H),0,0,0,0,0,0,0,0,0,0,0,0,0,0,0.0,0.0,0.0,0,0.0,0.0,Karl Darlow
326,Lucas Estella,Perri,Perri,GK,Leeds,1,4500000,Nott'm Forest (A),0,0,0,0,0,0,0,0,0,0,0,0,0,0,0.0,0.0,0.0,0,0.0,0.0,Lucas Estella Perri
326,Lucas Estella,Perri,Perri,GK,Leeds,2,4500000,Brentford (H),0,0,0,0,0,0,0,0,0,0,0,0,0,0,0.0,0.0,0.0,0,0.0,0.0,Lucas Estella Perri
326,Lucas Estella,Perri,Perri,GK,Leeds,3,4500000,Brighton (A),0,0,0,0,0,0,0,0,0,0,0,0,0,0,0.0,0.0,0.0,0,0.0,0.0,Lucas Estella Perri
326,Lucas Estella,Perri,Perri,GK,Leeds,4,4500000,Newcastle (H),0,0,0,0,0,0,0,0,0,0,0,0,0,0,0.0,0.0,0.0,0,0.0,0.0,Lucas Estella Perri
329,Joe,Rodon,Rodon,DEF,Leeds,3,4500000,Brighton (A),0,0,0,0,0,0,0,0,0,0,0,0,0,0,0.0,0.0,0.0,0,0.0,0.0,Joe Rodon
331,Gabriel,Gudmundsson,Gudmundsson,DEF,Leeds,1,4500000,Nott'm Forest (A),0,0,0,0,0,0,0,0,0,0,0,0,0,0,0.0,0.0,0.0,0,0.0,0.0,Gabriel Gudmundsson
331,Gabriel,Gudmundsson,Gudmundsson,DEF,Leeds,2,4500000,Brentford (H),0,0,0,0,0,0,0,0,0,0,0,0,0,0,0.0,0.0,0.0,0,0.0,0.0,Gabriel Gudmundsson
333,Sebastiaan,Bornauw,Bornauw,DEF,Leeds,1,4500000,Nott'm Forest (A),0,0,0,0,0,0,0,0,0,0,0,0,0,0,0.0,0.0,0.0,0,0.0,0.0,Sebastiaan Bornauw
333,Sebastiaan,Bornauw,Bornauw,DEF,Leeds,2,4500000,Brentford (H),0,0,0,0,0,0,0,0,0,0,0,0,0,0,0.0,0.0,0.0,0,0.0,0.0,Sebastiaan Bornauw
333,Sebastiaan,Bornauw,Bornauw,DEF,Leeds,3,4500000,Brighton (A),0,0,0,0,0,0,0,0,0,0,0,0,0,0,0.0,0.0,0.0,0,0.0,0.0,Sebastiaan Bornauw
333,Sebastiaan,Bornauw,Bornauw,DEF,Leeds,4,4500000,Newcastle (H),0,0,0,0,0,0,0,0,0,0,0,0,0,0,0.0,0.0,0.0,0,0.0,0.0,Sebastiaan Bornauw
349,Mateo,Mateo Joseph,Joseph Fernández-Regatillo,FWD,Leeds,1,4500000,Nott'm Forest (A),0,0,0,0,0,0,0,0,0,0,0,0,0,0,0.0,0.0,0.0,0,0.0,0.0,Mateo Joseph Fernández-Regatillo
349,Mateo,Mateo Joseph,Joseph Fernández-Regatillo,FWD,Leeds,2,4500000,Brentford (H),0,0,0,0,0,0,0,0,0,0,0,0,0,0,0.0,0.0,0.0,0,0.0,0.0,Mateo Joseph Fernández-Regatillo
349,Mateo,Mateo Joseph,Joseph Fernández-Regatillo,FWD,Leeds,3,4500000,Brighton (A),0,0,0,0,0,0,0,0,0,0,0,0,0,0,0.0,0.0,0.0,0,0.0,0.0,Mateo Joseph Fernández-Regatillo
349,Mateo,Mateo Joseph,Joseph Fernández-Regatillo,FWD,Leeds,4,4500000,Newcastle (H),0,0,0,0,0,0,0,0,0,0,0,0,0,0,0.0,0.0,0.0,0,0.0,0.0,Mateo Joseph Fernández-Regatillo
378,James,McConnell,McConnell,MID,Liverpool,1,4500000,Newcastle (A),0,0,0,0,0,0,0,0,0,0,0,0,0,0,0.0,0.0,0.0,0,0.0,0.0,James McConnell
378,James,McConnell,McConnell,MID,Liverpool,2,4500000,Nott'm Forest (H),0,0,0,0,0,0,0,0,0,0,0,0,0,0,0.0,0.0,0.0,0,0.0,0.0,James McConnell
378,James,McConnell,McConnell,MID,Liverpool,3,4500000,Ipswich Town (A),0,0,0,0,0,0,0,0,0,0,0,0,0,0,0.0,0.0,0.0,0,0.0,0.0,James McConnell
378,James,McConnell,McConnell,MID,Liverpool,4,4500000,Fulham (H),0,0,0,0,0,0,0,0,0,0,0,0,0,0,0.0,0.0,0.0,0,0.0,0.0,James McConnell
382,Jayden,Danns,Danns,FWD,Liverpool,1,4500000,Newcastle (A),0,0,0,0,0,0,0,0,0,0,0,0,0,0,0.0,0.0,0.0,0,0.0,0.0,Jayden Danns
382,Jayden,Danns,Danns,FWD,Liverpool,2,4500000,Nott'm Forest (H),0,0,0,0,0,0,0,0,0,0,0,0,0,0,0.0,0.0,0.0,0,0.0,0.0,Jayden Danns
382,Jayden,Danns,Danns,FWD,Liverpool,3,4500000,Ipswich Town (A),0,0,0,0,0,0,0,0,0,0,0,0,0,0,0.0,0.0,0.0,0,0.0,0.0,Jayden Danns
382,Jayden,Danns,Danns,FWD,Liverpool,4,4500000,Fulham (H),0,0,0,0,0,0,0,0,0,0,0,0,0,0,0.0,0.0,0.0,0,0.0,0.0,Jayden Danns
386,Marcus,Bettinelli,Bettinelli,GK,Man City,1,4500000,Bournemouth (H),0,0,0,0,0,0,0,0,0,0,0,0,0,0,0.0,0.0,0.0,0,0.0,0.0,Marcus Bettinelli
386,Marcus,Bettinelli,Bettinelli,GK,Man City,2,4500000,Crystal Palace (A),0,0,0,0,0,0,0,0,0,0,0,0,0,0,0.0,0.0,0.0,0,0.0,0.0,Marcus Bettinelli
386,Marcus,Bettinelli,Bettinelli,GK,Man City,3,4500000,Coventry City (H),0,0,0,0,0,0,0,0,0,0,0,0,0,0,0.0,0.0,0.0,0,0.0,0.0,Marcus Bettinelli
386,Marcus,Bettinelli,Bettinelli,GK,Man City,4,4500000,Man Utd (A),0,0,0,0,0,0,0,0,0,0,0,0,0,0,0.0,0.0,0.0,0,0.0,0.0,Marcus Bettinelli
395,Rico,Lewis,Lewis,DEF,Man City,2,4500000,Crystal Palace (A),0,0,0,0,0,0,0,0,0,0,0,0,0,0,0.0,0.0,0.0,0,0.0,0.0,Rico Lewis
395,Rico,Lewis,Lewis,DEF,Man City,3,4500000,Coventry City (H),0,0,0,0,0,0,0,0,0,0,0,0,0,0,0.0,0.0,0.0,0,0.0,0.0,Rico Lewis
396,Vitor,Vitor Reis,de Oliveira Nunes dos Reis,DEF,Man City,1,4500000,Bournemouth (H),0,0,0,0,0,0,0,0,0,0,0,0,0,0,0.0,0.0,0.0,0,0.0,0.0,Vitor de Oliveira Nunes dos Reis
396,Vitor,Vitor Reis,de Oliveira Nunes dos Reis,DEF,Man City,3,4500000,Coventry City (H),0,0,0,0,0,0,0,0,0,0,0,0,0,0,0.0,0.0,0.0,0,0.0,0.0,Vitor de Oliveira Nunes dos Reis
396,Vitor,Vitor Reis,de Oliveira Nunes dos Reis,DEF,Man City,4,4500000,Man Utd (A),0,0,0,0,0,0,0,0,0,0,0,0,0,0,0.0,0.0,0.0,0,0.0,0.0,Vitor de Oliveira Nunes dos Reis
409,Divine,Mukasa,Mukasa,MID,Man City,1,4500000,Bournemouth (H),0,0,0,0,0,0,0,0,0,0,0,0,0,0,0.0,0.0,0.0,0,0.0,0.0,Divine Mukasa
409,Divine,Mukasa,Mukasa,MID,Man City,2,4500000,Crystal Palace (A),0,0,0,0,0,0,0,0,0,0,0,0,0,0,0.0,0.0,0.0,0,0.0,0.0,Divine Mukasa
409,Divine,Mukasa,Mukasa,MID,Man City,3,4500000,Coventry City (H),0,0,0,0,0,0,0,0,0,0,0,0,0,0,0.0,0.0,0.0,0,0.0,0.0,Divine Mukasa
409,Divine,Mukasa,Mukasa,MID,Man City,4,4500000,Man Utd (A),0,0,0,0,0,0,0,0,0,0,0,0,0,0,0.0,0.0,0.0,0,0.0,0.0,Divine Mukasa
413,Altay,Bayindir,Bayındır,GK,Man Utd,1,4500000,Hull City (A),0,0,0,0,0,0,0,0,0,0,0,0,0,0,0.0,0.0,0.0,0,0.0,0.0,Altay Bayındır
413,Altay,Bayindir,Bayındır,GK,Man Utd,2,4500000,Ipswich Town (H),0,0,0,0,0,0,0,0,0,0,0,0,0,0,0.0,0.0,0.0,0,0.0,0.0,Altay Bayındır
413,Altay,Bayindir,Bayındır,GK,Man Utd,3,4500000,Everton (A),0,0,0,0,0,0,0,0,0,0,0,0,0,0,0.0,0.0,0.0,0,0.0,0.0,Altay Bayındır
413,Altay,Bayindir,Bayındır,GK,Man Utd,4,4500000,Man City (H),0,0,0,0,0,0,0,0,0,0,0,0,0,0,0.0,0.0,0.0,0,0.0,0.0,Altay Bayındır
421,Ayden,Heaven,Heaven,DEF,Man Utd,2,4500000,Ipswich Town (H),0,0,0,0,0,0,0,0,0,0,0,0,0,0,0.0,0.0,0.0,0,0.0,0.0,Ayden Heaven
421,Ayden,Heaven,Heaven,DEF,Man Utd,3,4500000,Everton (A),0,0,0,0,0,0,0,0,0,0,0,0,0,0,0.0,0.0,0.0,0,0.0,0.0,Ayden Heaven
437,Bendito,Bendito Mantato,Mantato,MID,Man Utd,1,4500000,Hull City (A),0,0,0,0,0,0,0,0,0,0,0,0,0,0,0.0,0.0,0.0,0,0.0,0.0,Bendito Mantato
437,Bendito,Bendito Mantato,Mantato,MID,Man Utd,2,4500000,Ipswich Town (H),0,0,0,0,0,0,0,0,0,0,0,0,0,0,0.0,0.0,0.0,0,0.0,0.0,Bendito Mantato
437,Bendito,Bendito Mantato,Mantato,MID,Man Utd,3,4500000,Everton (A),0,0,0,0,0,0,0,0,0,0,0,0,0,0,0.0,0.0,0.0,0,0.0,0.0,Bendito Mantato
437,Bendito,Bendito Mantato,Mantato,MID,Man Utd,4,4500000,Man City (H),0,0,0,0,0,0,0,0,0,0,0,0,0,0,0.0,0.0,0.0,0,0.0,0.0,Bendito Mantato
438,Tyler,Fletcher,Fletcher,MID,Man Utd,1,4500000,Hull City (A),0,0,0,0,0,0,0,0,0,0,0,0,0,0,0.0,0.0,0.0,0,0.0,0.0,Tyler Fletcher
438,Tyler,Fletcher,Fletcher,MID,Man Utd,2,4500000,Ipswich Town (H),0,0,0,0,0,0,0,0,0,0,0,0,0,0,0.0,0.0,0.0,0,0.0,0.0,Tyler Fletcher
438,Tyler,Fletcher,Fletcher,MID,Man Utd,3,4500000,Everton (A),0,0,0,0,0,0,0,0,0,0,0,0,0,0,0.0,0.0,0.0,0,0.0,0.0,Tyler Fletcher
438,Tyler,Fletcher,Fletcher,MID,Man Utd,4,4500000,Man City (H),0,0,0,0,0,0,0,0,0,0,0,0,0,0,0.0,0.0,0.0,0,0.0,0.0,Tyler Fletcher
441,Chido,Obi,Obi,FWD,Man Utd,1,4500000,Hull City (A),0,0,0,0,0,0,0,0,0,0,0,0,0,0,0.0,0.0,0.0,0,0.0,0.0,Chido Obi
441,Chido,Obi,Obi,FWD,Man Utd,2,4500000,Ipswich Town (H),0,0,0,0,0,0,0,0,0,0,0,0,0,0,0.0,0.0,0.0,0,0.0,0.0,Chido Obi
441,Chido,Obi,Obi,FWD,Man Utd,3,4500000,Everton (A),0,0,0,0,0,0,0,0,0,0,0,0,0,0,0.0,0.0,0.0,0,0.0,0.0,Chido Obi
441,Chido,Obi,Obi,FWD,Man Utd,4,4500000,Man City (H),0,0,0,0,0,0,0,0,0,0,0,0,0,0,0.0,0.0,0.0,0,0.0,0.0,Chido Obi
443,Mark,Gillespie,Gillespie,GK,Newcastle,1,4500000,Liverpool (H),0,0,0,0,0,0,0,0,0,0,0,0,0,0,0.0,0.0,0.0,0,0.0,0.0,Mark Gillespie
443,Mark,Gillespie,Gillespie,GK,Newcastle,2,4500000,Spurs (A),0,0,0,0,0,0,0,0,0,0,0,0,0,0,0.0,0.0,0.0,0,0.0,0.0,Mark Gillespie
443,Mark,Gillespie,Gillespie,GK,Newcastle,3,4500000,Bournemouth (H),0,0,0,0,0,0,0,0,0,0,0,0,0,0,0.0,0.0,0.0,0,0.0,0.0,Mark Gillespie
443,Mark,Gillespie,Gillespie,GK,Newcastle,4,4500000,Leeds (A),0,0,0,0,0,0,0,0,0,0,0,0,0,0,0.0,0.0,0.0,0,0.0,0.0,Mark Gillespie
444,Ewen,Jaouen,Jaouen,GK,Newcastle,1,4500000,Liverpool (H),0,0,0,0,0,0,0,0,0,0,0,0,0,0,0.0,0.0,0.0,0,0.0,0.0,Ewen Jaouen
444,Ewen,Jaouen,Jaouen,GK,Newcastle,2,4500000,Spurs (A),0,0,0,0,0,0,0,0,0,0,0,0,0,0,0.0,0.0,0.0,0,0.0,0.0,Ewen Jaouen
444,Ewen,Jaouen,Jaouen,GK,Newcastle,3,4500000,Bournemouth (H),0,0,0,0,0,0,0,0,0,0,0,0,0,0,0.0,0.0,0.0,0,0.0,0.0,Ewen Jaouen
444,Ewen,Jaouen,Jaouen,GK,Newcastle,4,4500000,Leeds (A),0,0,0,0,0,0,0,0,0,0,0,0,0,0,0.0,0.0,0.0,0,0.0,0.0,Ewen Jaouen
466,Sean,Neave,Neave,FWD,Newcastle,1,4500000,Liverpool (H),0,0,0,0,0,0,0,0,0,0,0,0,0,0,0.0,0.0,0.0,0,0.0,0.0,Sean Neave
466,Sean,Neave,Neave,FWD,Newcastle,2,4500000,Spurs (A),0,0,0,0,0,0,0,0,0,0,0,0,0,0,0.0,0.0,0.0,0,0.0,0.0,Sean Neave
466,Sean,Neave,Neave,FWD,Newcastle,3,4500000,Bournemouth (H),0,0,0,0,0,0,0,0,0,0,0,0,0,0,0.0,0.0,0.0,0,0.0,0.0,Sean Neave
466,Sean,Neave,Neave,FWD,Newcastle,4,4500000,Leeds (A),0,0,0,0,0,0,0,0,0,0,0,0,0,0,0.0,0.0,0.0,0,0.0,0.0,Sean Neave
468,John Victor,John,Maciel Furtado,GK,Nott'm Forest,1,4500000,Leeds (H),0,0,0,0,0,0,0,0,0,0,0,0,0,0,0.0,0.0,0.0,0,0.0,0.0,John Victor Maciel Furtado
468,John Victor,John,Maciel Furtado,GK,Nott'm Forest,2,4500000,Liverpool (A),0,0,0,0,0,0,0,0,0,0,0,0,0,0,0.0,0.0,0.0,0,0.0,0.0,John Victor Maciel Furtado
468,John Victor,John,Maciel Furtado,GK,Nott'm Forest,3,4500000,Spurs (H),0,0,0,0,0,0,0,0,0,0,0,0,0,0,0.0,0.0,0.0,0,0.0,0.0,John Victor Maciel Furtado
468,John Victor,John,Maciel Furtado,GK,Nott'm Forest,4,4500000,Aston Villa (A),0,0,0,0,0,0,0,0,0,0,0,0,0,0,0.0,0.0,0.0,0,0.0,0.0,John Victor Maciel Furtado
474,Jair,Jair Cunha,Paula da Cunha Filho,DEF,Nott'm Forest,4,4500000,Aston Villa (A),0,0,0,0,0,0,0,0,0,0,0,0,0,0,0.0,0.0,0.0,0,0.0,0.0,Jair Paula da Cunha Filho
475,Nicolò,Savona,Savona,DEF,Nott'm Forest,1,4500000,Leeds (H),0,0,0,0,0,0,0,0,0,0,0,0,0,0,0.0,0.0,0.0,0,0.0,0.0,Nicolò Savona
475,Nicolò,Savona,Savona,DEF,Nott'm Forest,2,4500000,Liverpool (A),0,0,0,0,0,0,0,0,0,0,0,0,0,0,0.0,0.0,0.0,0,0.0,0.0,Nicolò Savona
475,Nicolò,Savona,Savona,DEF,Nott'm Forest,3,4500000,Spurs (H),0,0,0,0,0,0,0,0,0,0,0,0,0,0,0.0,0.0,0.0,0,0.0,0.0,Nicolò Savona
475,Nicolò,Savona,Savona,DEF,Nott'm Forest,4,4500000,Aston Villa (A),0,0,0,0,0,0,0,0,0,0,0,0,0,0,0.0,0.0,0.0,0,0.0,0.0,Nicolò Savona
478,Luca,Netz,Netz,DEF,Nott'm Forest,3,4500000,Spurs (H),0,0,0,0,0,0,0,0,0,0,0,0,0,0,0.0,0.0,0.0,0,0.0,0.0,Luca Netz
478,Luca,Netz,Netz,DEF,Nott'm Forest,4,4500000,Aston Villa (A),0,0,0,0,0,0,0,0,0,0,0,0,0,0,0.0,0.0,0.0,0,0.0,0.0,Luca Netz
489,Ryan,Yates,Yates,MID,Nott'm Forest,1,4500000,Leeds (H),0,0,0,0,0,0,0,0,0,0,0,0,0,0,0.0,0.0,0.0,0,0.0,0.0,Ryan Yates
489,Ryan,Yates,Yates,MID,Nott'm Forest,2,4500000,Liverpool (A),0,0,0,0,0,0,0,0,0,0,0,0,0,0,0.0,0.0,0.0,0,0.0,0.0,Ryan Yates
489,Ryan,Yates,Yates,MID,Nott'm Forest,3,4500000,Spurs (H),0,0,0,0,0,0,0,0,0,0,0,0,0,0,0.0,0.0,0.0,0,0.0,0.0,Ryan Yates
489,Ryan,Yates,Yates,MID,Nott'm Forest,4,4500000,Aston Villa (A),0,0,0,0,0,0,0,0,0,0,0,0,0,0,0.0,0.0,0.0,0,0.0,0.0,Ryan Yates
494,Guglielmo,Vicario,Vicario,GK,Spurs,1,4500000,Brentford (A),0,0,0,0,0,0,0,0,0,0,0,0,0,0,0.0,0.0,0.0,0,0.0,0.0,Guglielmo Vicario
494,Guglielmo,Vicario,Vicario,GK,Spurs,2,4500000,Newcastle (H),0,0,0,0,0,0,0,0,0,0,0,0,0,0,0.0,0.0,0.0,0,0.0,0.0,Guglielmo Vicario
494,Guglielmo,Vicario,Vicario,GK,Spurs,3,4500000,Nott'm Forest (A),0,0,0,0,0,0,0,0,0,0,0,0,0,0,0.0,0.0,0.0,0,0.0,0.0,Guglielmo Vicario
494,Guglielmo,Vicario,Vicario,GK,Spurs,4,4500000,Everton (H),0,0,0,0,0,0,0,0,0,0,0,0,0,0,0.0,0.0,0.0,0,0.0,0.0,Guglielmo Vicario
505,Djed,Spence,Spence,DEF,Spurs,1,4500000,Brentford (A),0,0,0,0,0,0,0,0,0,0,0,0,0,0,0.0,0.0,0.0,0,0.0,0.0,Djed Spence
505,Djed,Spence,Spence,DEF,Spurs,2,4500000,Newcastle (H),0,0,0,0,0,0,0,0,0,0,0,0,0,0,0.0,0.0,0.0,0,0.0,0.0,Djed Spence
505,Djed,Spence,Spence,DEF,Spurs,3,4500000,Nott'm Forest (A),0,0,0,0,0,0,0,0,0,0,0,0,0,0,0.0,0.0,0.0,0,0.0,0.0,Djed Spence
505,Djed,Spence,Spence,DEF,Spurs,4,4500000,Everton (H),0,0,0,0,0,0,0,0,0,0,0,0,0,0,0.0,0.0,0.0,0,0.0,0.0,Djed Spence
506,Destiny,Udogie,Udogie,DEF,Spurs,4,4500000,Everton (H),0,0,0,0,0,0,0,0,0,0,0,0,0,0,0.0,0.0,0.0,0,0.0,0.0,Destiny Udogie
507,Ashley,Phillips,Phillips,DEF,Spurs,1,4500000,Brentford (A),0,0,0,0,0,0,0,0,0,0,0,0,0,0,0.0,0.0,0.0,0,0.0,0.0,Ashley Phillips
507,Ashley,Phillips,Phillips,DEF,Spurs,2,4500000,Newcastle (H),0,0,0,0,0,0,0,0,0,0,0,0,0,0,0.0,0.0,0.0,0,0.0,0.0,Ashley Phillips
507,Ashley,Phillips,Phillips,DEF,Spurs,3,4500000,Nott'm Forest (A),0,0,0,0,0,0,0,0,0,0,0,0,0,0,0.0,0.0,0.0,0,0.0,0.0,Ashley Phillips
507,Ashley,Phillips,Phillips,DEF,Spurs,4,4500000,Everton (H),0,0,0,0,0,0,0,0,0,0,0,0,0,0,0.0,0.0,0.0,0,0.0,0.0,Ashley Phillips
524,Callum,Olusesi,Olusesi,MID,Spurs,1,4500000,Brentford (A),0,0,0,0,0,0,0,0,0,0,0,0,0,0,0.0,0.0,0.0,0,0.0,0.0,Callum Olusesi
524,Callum,Olusesi,Olusesi,MID,Spurs,2,4500000,Newcastle (H),0,0,0,0,0,0,0,0,0,0,0,0,0,0,0.0,0.0,0.0,0,0.0,0.0,Callum Olusesi
524,Callum,Olusesi,Olusesi,MID,Spurs,3,4500000,Nott'm Forest (A),0,0,0,0,0,0,0,0,0,0,0,0,0,0,0.0,0.0,0.0,0,0.0,0.0,Callum Olusesi
528,Dane,Scarlett,Scarlett,FWD,Spurs,1,4500000,Brentford (A),0,0,0,0,0,0,0,0,0,0,0,0,0,0,0.0,0.0,0.0,0,0.0,0.0,Dane Scarlett
528,Dane,Scarlett,Scarlett,FWD,Spurs,2,4500000,Newcastle (H),0,0,0,0,0,0,0,0,0,0,0,0,0,0,0.0,0.0,0.0,0,0.0,0.0,Dane Scarlett
528,Dane,Scarlett,Scarlett,FWD,Spurs,3,4500000,Nott'm Forest (A),0,0,0,0,0,0,0,0,0,0,0,0,0,0,0.0,0.0,0.0,0,0.0,0.0,Dane Scarlett
528,Dane,Scarlett,Scarlett,FWD,Spurs,4,4500000,Everton (H),0,0,0,0,0,0,0,0,0,0,0,0,0,0,0.0,0.0,0.0,0,0.0,0.0,Dane Scarlett
531,Melker,Ellborg,Ellborg,GK,Sunderland,1,4500000,Ipswich Town (A),0,0,0,0,0,0,0,0,0,0,0,0,0,0,0.0,0.0,0.0,0,0.0,0.0,Melker Ellborg
531,Melker,Ellborg,Ellborg,GK,Sunderland,2,4500000,Fulham (H),0,0,0,0,0,0,0,0,0,0,0,0,0,0,0.0,0.0,0.0,0,0.0,0.0,Melker Ellborg
531,Melker,Ellborg,Ellborg,GK,Sunderland,3,4500000,Brentford (A),0,0,0,0,0,0,0,0,0,0,0,0,0,0,0.0,0.0,0.0,0,0.0,0.0,Melker Ellborg
531,Melker,Ellborg,Ellborg,GK,Sunderland,4,4500000,Arsenal (H),0,0,0,0,0,0,0,0,0,0,0,0,0,0,0.0,0.0,0.0,0,0.0,0.0,Melker Ellborg
537,Jenson,Seelt,Seelt,DEF,Sunderland,1,4500000,Ipswich Town (A),0,0,0,0,0,0,0,0,0,0,0,0,0,0,0.0,0.0,0.0,0,0.0,0.0,Jenson Seelt
537,Jenson,Seelt,Seelt,DEF,Sunderland,2,4500000,Fulham (H),0,0,0,0,0,0,0,0,0,0,0,0,0,0,0.0,0.0,0.0,0,0.0,0.0,Jenson Seelt
537,Jenson,Seelt,Seelt,DEF,Sunderland,3,4500000,Brentford (A),0,0,0,0,0,0,0,0,0,0,0,0,0,0,0.0,0.0,0.0,0,0.0,0.0,Jenson Seelt
537,Jenson,Seelt,Seelt,DEF,Sunderland,4,4500000,Arsenal (H),0,0,0,0,0,0,0,0,0,0,0,0,0,0,0.0,0.0,0.0,0,0.0,0.0,Jenson Seelt
554,Kayne,Van Oevelen,van Oevelen,GK,Ipswich Town,1,4500000,Sunderland (H),0,0,0,0,0,0,0,0,0,0,0,0,0,0,0.0,0.0,0.0,0,0.0,0.0,Kayne van Oevelen
554,Kayne,Van Oevelen,van Oevelen,GK,Ipswich Town,2,4500000,Man Utd (A),0,0,0,0,0,0,0,0,0,0,0,0,0,0,0.0,0.0,0.0,0,0.0,0.0,Kayne van Oevelen
554,Kayne,Van Oevelen,van Oevelen,GK,Ipswich Town,3,4500000,Liverpool (H),0,0,0,0,0,0,0,0,0,0,0,0,0,0,0.0,0.0,0.0,0,0.0,0.0,Kayne van Oevelen
554,Kayne,Van Oevelen,van Oevelen,GK,Ipswich Town,4,4500000,Crystal Palace (A),0,0,0,0,0,0,0,0,0,0,0,0,0,0,0.0,0.0,0.0,0,0.0,0.0,Kayne van Oevelen
560,Mike,Penders,Penders,GK,Chelsea,1,4500000,Fulham (A),0,0,0,0,0,0,0,0,0,0,0,0,0,0,0.0,0.0,0.0,0,0.0,0.0,Mike Penders
560,Mike,Penders,Penders,GK,Chelsea,2,4500000,Brighton (H),0,0,0,0,0,0,0,0,0,0,0,0,0,0,0.0,0.0,0.0,0,0.0,0.0,Mike Penders
560,Mike,Penders,Penders,GK,Chelsea,3,4500000,Arsenal (A),0,0,0,0,0,0,0,0,0,0,0,0,0,0,0.0,0.0,0.0,0,0.0,0.0,Mike Penders
561,Aaron,Anselmino,Anselmino,DEF,Chelsea,1,4500000,Fulham (A),0,0,0,0,0,0,0,0,0,0,0,0,0,0,0.0,0.0,0.0,0,0.0,0.0,Aaron Anselmino
561,Aaron,Anselmino,Anselmino,DEF,Chelsea,2,4500000,Brighton (H),0,0,0,0,0,0,0,0,0,0,0,0,0,0,0.0,0.0,0.0,0,0.0,0.0,Aaron Anselmino
561,Aaron,Anselmino,Anselmino,DEF,Chelsea,3,4500000,Arsenal (A),0,0,0,0,0,0,0,0,0,0,0,0,0,0,0.0,0.0,0.0,0,0.0,0.0,Aaron Anselmino
561,Aaron,Anselmino,Anselmino,DEF,Chelsea,4,4500000,Hull City (H),0,0,0,0,0,0,0,0,0,0,0,0,0,0,0.0,0.0,0.0,0,0.0,0.0,Aaron Anselmino
573,Juanlu,Sanchez,Sánchez,DEF,Bournemouth,1,4500000,Man City (A),0,0,0,0,0,0,0,0,0,0,0,0,0,0,0.0,0.0,0.0,0,0.0,0.0,Juanlu Sánchez
573,Juanlu,Sanchez,Sánchez,DEF,Bournemouth,2,4500000,Everton (H),0,0,0,0,0,0,0,0,0,0,0,0,0,0,0.0,0.0,0.0,0,0.0,0.0,Juanlu Sánchez
573,Juanlu,Sanchez,Sánchez,DEF,Bournemouth,3,4500000,Newcastle (A),0,0,0,0,0,0,0,0,0,0,0,0,0,0,0.0,0.0,0.0,0,0.0,0.0,Juanlu Sánchez
573,Juanlu,Sanchez,Sánchez,DEF,Bournemouth,4,4500000,Brentford (H),0,0,0,0,0,0,0,0,0,0,0,0,0,0,0.0,0.0,0.0,0,0.0,0.0,Juanlu Sánchez
577,Takehiro,Tomiyasu,Tomiyasu,DEF,Crystal Palace,3,4500000,Fulham (A),0,0,0,0,0,0,0,0,0,0,0,0,0,0,0.0,0.0,0.0,0,0.0,0.0,Takehiro Tomiyasu
590,Steven,Benda,Benda,GK,Nott'm Forest,1,4500000,Leeds (H),0,0,0,0,0,0,0,0,0,0,0,0,0,0,0.0,0.0,0.0,0,0.0,0.0,Steven Benda
590,Steven,Benda,Benda,GK,Nott'm Forest,2,4500000,Liverpool (A),0,0,0,0,0,0,0,0,0,0,0,0,0,0,0.0,0.0,0.0,0,0.0,0.0,Steven Benda
590,Steven,Benda,Benda,GK,Nott'm Forest,3,4500000,Spurs (H),0,0,0,0,0,0,0,0,0,0,0,0,0,0,0.0,0.0,0.0,0,0.0,0.0,Steven Benda
590,Steven,Benda,Benda,GK,Nott'm Forest,4,4500000,Aston Villa (A),0,0,0,0,0,0,0,0,0,0,0,0,0,0,0.0,0.0,0.0,0,0.0,0.0,Steven Benda
596,Matteo,Ruggeri,Ruggeri,DEF,Aston Villa,2,4500000,Arsenal (H),0,0,0,0,0,0,0,0,0,0,0,0,0,0,0.0,0.0,0.0,0,0.0,0.0,Matteo Ruggeri
596,Matteo,Ruggeri,Ruggeri,DEF,Aston Villa,4,4500000,Nott'm Forest (H),0,0,0,0,0,0,0,0,0,0,0,0,0,0,0.0,0.0,0.0,0,0.0,0.0,Matteo Ruggeri
598,Nico,Elvedi,Elvedi,DEF,Leeds,1,4500000,Nott'm Forest (A),0,0,0,0,0,0,0,0,0,0,0,0,0,0,0.0,0.0,0.0,0,0.0,0.0,Nico Elvedi
601,Luca,Williams-Barnett,Williams-Barnett,MID,Spurs,1,4500000,Brentford (A),0,0,0,0,0,0,0,0,0,0,0,0,0,0,0.0,0.0,0.0,0,0.0,0.0,Luca Williams-Barnett
601,Luca,Williams-Barnett,Williams-Barnett,MID,Spurs,2,4500000,Newcastle (H),0,0,0,0,0,0,0,0,0,0,0,0,0,0,0.0,0.0,0.0,0,0.0,0.0,Luca Williams-Barnett
601,Luca,Williams-Barnett,Williams-Barnett,MID,Spurs,3,4500000,Nott'm Forest (A),0,0,0,0,0,0,0,0,0,0,0,0,0,0,0.0,0.0,0.0,0,0.0,0.0,Luca Williams-Barnett
601,Luca,Williams-Barnett,Williams-Barnett,MID,Spurs,4,4500000,Everton (H),0,0,0,0,0,0,0,0,0,0,0,0,0,0,0.0,0.0,0.0,0,0.0,0.0,Luca Williams-Barnett
602,Cameron,Humphreys,Humphreys,MID,Ipswich Town,1,4500000,Sunderland (H),0,0,0,0,0,0,0,0,0,0,0,0,0,0,0.0,0.0,0.0,0,0.0,0.0,Cameron Humphreys
602,Cameron,Humphreys,Humphreys,MID,Ipswich Town,2,4500000,Man Utd (A),0,0,0,0,0,0,0,0,0,0,0,0,0,0,0.0,0.0,0.0,0,0.0,0.0,Cameron Humphreys
602,Cameron,Humphreys,Humphreys,MID,Ipswich Town,3,4500000,Liverpool (H),0,0,0,0,0,0,0,0,0,0,0,0,0,0,0.0,0.0,0.0,0,0.0,0.0,Cameron Humphreys
602,Cameron,Humphreys,Humphreys,MID,Ipswich Town,4,4500000,Crystal Palace (A),0,0,0,0,0,0,0,0,0,0,0,0,0,0,0.0,0.0,0.0,0,0.0,0.0,Cameron Humphreys
604,Alfie,Cresswell,Cresswell,MID,Leeds,1,4500000,Nott'm Forest (A),0,0,0,0,0,0,0,0,0,0,0,0,0,0,0.0,0.0,0.0,0,0.0,0.0,Alfie Cresswell
604,Alfie,Cresswell,Cresswell,MID,Leeds,2,4500000,Brentford (H),0,0,0,0,0,0,0,0,0,0,0,0,0,0,0.0,0.0,0.0,0,0.0,0.0,Alfie Cresswell
604,Alfie,Cresswell,Cresswell,MID,Leeds,3,4500000,Brighton (A),0,0,0,0,0,0,0,0,0,0,0,0,0,0,0.0,0.0,0.0,0,0.0,0.0,Alfie Cresswell
604,Alfie,Cresswell,Cresswell,MID,Leeds,4,4500000,Newcastle (H),0,0,0,0,0,0,0,0,0,0,0,0,0,0,0.0,0.0,0.0,0,0.0,0.0,Alfie Cresswell
607,Luka,Lynch,Lynch,MID,Aston Villa,1,4500000,Brighton (A),0,0,0,0,0,0,0,0,0,0,0,0,0,0,0.0,0.0,0.0,0,0.0,0.0,Luka Lynch
607,Luka,Lynch,Lynch,MID,Aston Villa,2,4500000,Arsenal (H),0,0,0,0,0,0,0,0,0,0,0,0,0,0,0.0,0.0,0.0,0,0.0,0.0,Luka Lynch
607,Luka,Lynch,Lynch,MID,Aston Villa,3,4500000,Hull City (A),0,0,0,0,0,0,0,0,0,0,0,0,0,0,0.0,0.0,0.0,0,0.0,0.0,Luka Lynch
607,Luka,Lynch,Lynch,MID,Aston Villa,4,4500000,Nott'm Forest (H),0,0,0,0,0,0,0,0,0,0,0,0,0,0,0.0,0.0,0.0,0,0.0,0.0,Luka Lynch
612,Dayann,Methalie,Méthalie,DEF,Sunderland,2,4500000,Fulham (H),0,0,0,0,0,0,0,0,0,0,0,0,0,0,0.0,0.0,0.0,0,0.0,0.0,Dayann Méthalie
612,Dayann,Methalie,Méthalie,DEF,Sunderland,3,4500000,Brentford (A),0,0,0,0,0,0,0,0,0,0,0,0,0,0,0.0,0.0,0.0,0,0.0,0.0,Dayann Méthalie
612,Dayann,Methalie,Méthalie,DEF,Sunderland,4,4500000,Arsenal (H),0,0,0,0,0,0,0,0,0,0,0,0,0,0,0.0,0.0,0.0,0,0.0,0.0,Dayann Méthalie
613,Jules,Ahoka,Ahoka,MID,Sunderland,2,4500000,Fulham (H),0,0,0,0,0,0,0,0,0,0,0,0,0,0,0.0,0.0,0.0,0,0.0,0.0,Jules Ahoka
613,Jules,Ahoka,Ahoka,MID,Sunderland,3,4500000,Brentford (A),0,0,0,0,0,0,0,0,0,0,0,0,0,0,0.0,0.0,0.0,0,0.0,0.0,Jules Ahoka
613,Jules,Ahoka,Ahoka,MID,Sunderland,4,4500000,Arsenal (H),0,0,0,0,0,0,0,0,0,0,0,0,0,0,0.0,0.0,0.0,0,0.0,0.0,Jules Ahoka
614,Jaouen,Hadjam,Hadjam,DEF,Brighton,2,4500000,Chelsea (A),0,0,0,0,0,0,0,0,0,0,0,0,0,0,0.0,0.0,0.0,0,0.0,0.0,Jaouen Hadjam
614,Jaouen,Hadjam,Hadjam,DEF,Brighton,3,4500000,Leeds (H),0,0,0,0,0,0,0,0,0,0,0,0,0,0,0.0,0.0,0.0,0,0.0,0.0,Jaouen Hadjam
614,Jaouen,Hadjam,Hadjam,DEF,Brighton,4,4500000,Coventry City (A),0,0,0,0,0,0,0,0,0,0,0,0,0,0,0.0,0.0,0.0,0,0.0,0.0,Jaouen Hadjam
615,Michele,Di Gregorio,Di Gregorio,GK,Bournemouth,2,4500000,Everton (H),0,0,0,0,0,0,0,0,0,0,0,0,0,0,0.0,0.0,0.0,0,0.0,0.0,Michele Di Gregorio
615,Michele,Di Gregorio,Di Gregorio,GK,Bournemouth,3,4500000,Newcastle (A),0,0,0,0,0,0,0,0,0,0,0,0,0,0,0.0,0.0,0.0,0,0.0,0.0,Michele Di Gregorio
615,Michele,Di Gregorio,Di Gregorio,GK,Bournemouth,4,4500000,Brentford (H),0,0,0,0,0,0,0,0,0,0,0,0,0,0,0.0,0.0,0.0,0,0.0,0.0,Michele Di Gregorio
620,El Hadji Malick,Diouf,Diouf,DEF,Brentford,2,4500000,Leeds (A),0,0,0,0,0,0,0,0,0,0,0,0,0,0,0.0,0.0,0.0,0,0.0,0.0,El Hadji Malick Diouf
620,El Hadji Malick,Diouf,Diouf,DEF,Brentford,3,4500000,Sunderland (H),0,0,0,0,0,0,0,0,0,0,0,0,0,0,0.0,0.0,0.0,0,0.0,0.0,El Hadji Malick Diouf
621,Ryan,McAidoo,McAidoo,MID,Man City,4,4500000,Man Utd (A),0,0,0,0,0,0,0,0,0,0,0,0,0,0,0.0,0.0,0.0,0,0.0,0.0,Ryan McAidoo
626,Macaulay,Zepa,Zepa,MID,Fulham,2,4500000,Sunderland (A),0,0,0,0,0,0,0,0,0,0,0,0,0,0,0.0,0.0,0.0,0,0.0,0.0,Macaulay Zepa
626,Macaulay,Zepa,Zepa,MID,Fulham,3,4500000,Crystal Palace (H),0,0,0,0,0,0,0,0,0,0,0,0,0,0,0.0,0.0,0.0,0,0.0,0.0,Macaulay Zepa
626,Macaulay,Zepa,Zepa,MID,Fulham,4,4500000,Liverpool (A),0,0,0,0,0,0,0,0,0,0,0,0,0,0,0.0,0.0,0.0,0,0.0,0.0,Macaulay Zepa
630,Taylor,Harwood-Bellis,Harwood-Bellis,DEF,Aston Villa,3,4500000,Hull City (A),0,0,0,0,0,0,0,0,0,0,0,0,0,0,0.0,0.0,0.0,0,0.0,0.0,Taylor Harwood-Bellis
630,Taylor,Harwood-Bellis,Harwood-Bellis,DEF,Aston Villa,4,4500000,Nott'm Forest (H),0,0,0,0,0,0,0,0,0,0,0,0,0,0,0.0,0.0,0.0,0,0.0,0.0,Taylor Harwood-Bellis
633,Honest,Ahanor,Ahanor,DEF,Crystal Palace,3,4500000,Fulham (A),0,0,0,0,0,0,0,0,0,0,0,0,0,0,0.0,0.0,0.0,0,0.0,0.0,Honest Ahanor
641,Melvin,Bard,Bard,DEF,Leeds,3,4500000,Brighton (A),0,0,0,0,0,0,0,0,0,0,0,0,0,0,0.0,0.0,0.0,0,0.0,0.0,Melvin Bard
650,David,Affengruber,Affengruber,DEF,Fulham,3,4500000,Crystal Palace (H),0,0,0,0,0,0,0,0,0,0,0,0,0,0,0.0,0.0,0.0,0,0.0,0.0,David Affengruber
651,Juan,J.Angulo,Angulo,FWD,Sunderland,3,4500000,Brentford (A),0,0,0,0,0,0,0,0,0,0,0,0,0,0,0.0,0.0,0.0,0,0.0,0.0,Juan Angulo
651,Juan,J.Angulo,Angulo,FWD,Sunderland,4,4500000,Arsenal (H),0,0,0,0,0,0,0,0,0,0,0,0,0,0,0.0,0.0,0.0,0,0.0,0.0,Juan Angulo
2,Kepa,Arrizabalaga,Arrizabalaga Revuelta,GK,Arsenal,4,4900000,Sunderland (A),0,0,0,0,0,0,0,0,0,0,0,0,0,0,0.0,0.0,0.0,0,0.0,0.0,Kepa Arrizabalaga Revuelta
3,Illan,Meslier,Meslier,GK,Arsenal,4,4900000,Sunderland (A),0,0,0,0,0,0,0,0,0,0,0,0,0,0,0.0,0.0,0.0,0,0.0,0.0,Illan Meslier
21,Christian,Nørgaard,Nørgaard,MID,Everton,3,4900000,Man Utd (H),0,0,0,0,0,0,0,0,0,0,0,0,0,0,0.0,0.0,0.0,0,0.0,0.0,Christian Nørgaard
21,Christian,Nørgaard,Nørgaard,MID,Everton,4,4900000,Spurs (A),0,0,0,0,0,0,0,0,0,0,0,0,0,0,0.0,0.0,0.0,0,0.0,0.0,Christian Nørgaard
77,Amine,Adli,Adli,MID,Bournemouth,3,4900000,Newcastle (A),0,0,0,0,0,0,0,0,0,0,0,0,0,0,0.0,0.0,0.0,0,0.0,0.0,Amine Adli
77,Amine,Adli,Adli,MID,Bournemouth,4,4900000,Brentford (H),0,0,0,0,0,0,0,0,0,0,0,0,0,0,0.0,0.0,0.0,0,0.0,0.0,Amine Adli
85,Sepp,Van den Berg,van den Berg,DEF,Brentford,3,4900000,Sunderland (H),0,0,0,0,0,0,0,0,0,0,0,0,0,0,0.0,0.0,0.0,0,0.0,0.0,Sepp van den Berg
85,Sepp,Van den Berg,van den Berg,DEF,Brentford,4,4900000,Bournemouth (A),0,0,0,0,0,0,0,0,0,0,0,0,0,0,0.0,0.0,0.0,0,0.0,0.0,Sepp van den Berg
101,Jordan,Henderson,Henderson,MID,Chelsea,4,4900000,Hull City (H),0,0,0,0,0,0,0,0,0,0,0,0,0,0,0.0,0.0,0.0,0,0.0,0.0,Jordan Henderson
103,Josh,Dasilva,Dasilva,MID,Brentford,4,4900000,Bournemouth (A),0,0,0,0,0,0,0,0,0,0,0,0,0,0,0.0,0.0,0.0,0,0.0,0.0,Josh Dasilva
135,Zadok,Yohanna,Yohanna,MID,Brighton,4,4900000,Coventry City (A),0,0,0,0,0,0,0,0,0,0,0,0,0,0,0.0,0.0,0.0,0,0.0,0.0,Zadok Yohanna
140,Robert,Sánchez,Lynch Sánchez,GK,Chelsea,3,4900000,Arsenal (A),0,0,0,0,0,0,0,0,0,0,0,0,0,0,0.0,0.0,0.0,0,0.0,0.0,Robert Lynch Sánchez
140,Robert,Sánchez,Lynch Sánchez,GK,Chelsea,4,4900000,Hull City (H),0,0,0,0,0,0,0,0,0,0,0,0,0,0,0.0,0.0,0.0,0,0.0,0.0,Robert Lynch Sánchez
162,Andrey,Andrey Santos,Nascimento dos Santos,MID,Man Utd,4,4900000,Man City (H),0,0,0,0,0,0,0,0,0,0,0,0,0,0,0.0,0.0,0.0,0,0.0,0.0,Andrey Nascimento dos Santos
185,Tatsuhiro,Sakamoto,Sakamoto,MID,Coventry City,3,4900000,Man City (A),0,0,0,0,0,0,0,0,0,0,0,0,0,0,0.0,0.0,0.0,0,0.0,0.0,Tatsuhiro Sakamoto
185,Tatsuhiro,Sakamoto,Sakamoto,MID,Coventry City,4,4900000,Brighton (H),0,0,0,0,0,0,0,0,0,0,0,0,0,0,0.0,0.0,0.0,0,0.0,0.0,Tatsuhiro Sakamoto
187,Josh,Eccles,Eccles,MID,Coventry City,3,4900000,Man City (A),0,0,0,0,0,0,0,0,0,0,0,0,0,0,0.0,0.0,0.0,0,0.0,0.0,Josh Eccles
187,Josh,Eccles,Eccles,MID,Coventry City,4,4900000,Brighton (H),0,0,0,0,0,0,0,0,0,0,0,0,0,0,0.0,0.0,0.0,0,0.0,0.0,Josh Eccles
203,Jaydee,Canvot,Canvot,DEF,Crystal Palace,4,4900000,Ipswich Town (H),0,0,0,0,0,0,0,0,0,0,0,0,0,0,0.0,0.0,0.0,0,0.0,0.0,Jaydee Canvot
213,Jefferson,Lerma,Lerma Solís,MID,Crystal Palace,3,4900000,Fulham (A),0,0,0,0,0,0,0,0,0,0,0,0,0,0,0.0,0.0,0.0,0,0.0,0.0,Jefferson Lerma Solís
217,Matheus,M.França,França de Oliveira,MID,Crystal Palace,3,4900000,Fulham (A),0,0,0,0,0,0,0,0,0,0,0,0,0,0,0.0,0.0,0.0,0,0.0,0.0,Matheus França de Oliveira
217,Matheus,M.França,França de Oliveira,MID,Crystal Palace,4,4900000,Ipswich Town (H),0,0,0,0,0,0,0,0,0,0,0,0,0,0,0.0,0.0,0.0,0,0.0,0.0,Matheus França de Oliveira
218,Cheick,Doucouré,Doucouré,MID,Crystal Palace,3,4900000,Fulham (A),0,0,0,0,0,0,0,0,0,0,0,0,0,0,0.0,0.0,0.0,0,0.0,0.0,Cheick Doucouré
218,Cheick,Doucouré,Doucouré,MID,Crystal Palace,4,4900000,Ipswich Town (H),0,0,0,0,0,0,0,0,0,0,0,0,0,0,0.0,0.0,0.0,0,0.0,0.0,Cheick Doucouré
219,Jesurun,J.Rak-Sakyi,Rak-Sakyi,MID,Crystal Palace,4,4900000,Ipswich Town (H),0,0,0,0,0,0,0,0,0,0,0,0,0,0,0.0,0.0,0.0,0,0.0,0.0,Jesurun Rak-Sakyi
231,Michael,Keane,Keane,DEF,Everton,3,4900000,Man Utd (H),0,0,0,0,0,0,0,0,0,0,0,0,0,0,0.0,0.0,0.0,0,0.0,0.0,Michael Keane
231,Michael,Keane,Keane,DEF,Everton,4,4900000,Spurs (A),0,0,0,0,0,0,0,0,0,0,0,0,0,0,0.0,0.0,0.0,0,0.0,0.0,Michael Keane
232,Jake,O'Brien,O'Brien,DEF,Everton,3,4900000,Man Utd (H),0,0,0,0,0,0,0,0,0,0,0,0,0,0,0.0,0.0,0.0,0,0.0,0.0,Jake O'Brien
243,Carlos,Alcaraz,Alcaraz Durán,MID,Everton,4,4900000,Spurs (A),0,0,0,0,0,0,0,0,0,0,0,0,0,0,0.0,0.0,0.0,0,0.0,0.0,Carlos Alcaraz Durán
292,Abdülkadir,Ömür,Ömür,MID,Hull City,3,4900000,Aston Villa (H),0,0,0,0,0,0,0,0,0,0,0,0,0,0,0.0,0.0,0.0,0,0.0,0.0,Abdülkadir Ömür
292,Abdülkadir,Ömür,Ömür,MID,Hull City,4,4900000,Chelsea (A),0,0,0,0,0,0,0,0,0,0,0,0,0,0,0.0,0.0,0.0,0,0.0,0.0,Abdülkadir Ömür
310,Azor,Matusiwa,Matusiwa,MID,Ipswich Town,4,4900000,Crystal Palace (A),0,0,0,0,0,0,0,0,0,0,0,0,0,0,0.0,0.0,0.0,0,0.0,0.0,Azor Matusiwa
314,Chiedozie,Ogbene,Ogbene,MID,Ipswich Town,3,4900000,Liverpool (H),0,0,0,0,0,0,0,0,0,0,0,0,0,0,0.0,0.0,0.0,0,0.0,0.0,Chiedozie Ogbene
314,Chiedozie,Ogbene,Ogbene,MID,Ipswich Town,4,4900000,Crystal Palace (A),0,0,0,0,0,0,0,0,0,0,0,0,0,0,0.0,0.0,0.0,0,0.0,0.0,Chiedozie Ogbene
324,Anis,Mehmeti,Mehmeti,MID,Ipswich Town,3,4900000,Liverpool (H),0,0,0,0,0,0,0,0,0,0,0,0,0,0,0.0,0.0,0.0,0,0.0,0.0,Anis Mehmeti
324,Anis,Mehmeti,Mehmeti,MID,Ipswich Town,4,4900000,Crystal Palace (A),0,0,0,0,0,0,0,0,0,0,0,0,0,0,0.0,0.0,0.0,0,0.0,0.0,Anis Mehmeti
351,Giorgi,Mamardashvili,Mamardashvili,GK,Liverpool,3,4900000,Ipswich Town (A),0,0,0,0,0,0,0,0,0,0,0,0,0,0,0.0,0.0,0.0,0,0.0,0.0,Giorgi Mamardashvili
351,Giorgi,Mamardashvili,Mamardashvili,GK,Liverpool,4,4900000,Fulham (H),0,0,0,0,0,0,0,0,0,0,0,0,0,0,0.0,0.0,0.0,0,0.0,0.0,Giorgi Mamardashvili
374,Endo,Endo,Wataru,MID,Liverpool,4,4900000,Fulham (H),0,0,0,0,0,0,0,0,0,0,0,0,0,0,0.0,0.0,0.0,0,0.0,0.0,Endo Wataru
375,Trey,Nyoni,Nyoni,MID,Liverpool,4,4900000,Fulham (H),0,0,0,0,0,0,0,0,0,0,0,0,0,0,0.0,0.0,0.0,0,0.0,0.0,Trey Nyoni
407,Claudio,Echeverri,Echeverri,MID,Man City,3,4900000,Coventry City (H),0,0,0,0,0,0,0,0,0,0,0,0,0,0,0.0,0.0,0.0,0,0.0,0.0,Claudio Echeverri
407,Claudio,Echeverri,Echeverri,MID,Man City,4,4900000,Man Utd (A),0,0,0,0,0,0,0,0,0,0,0,0,0,0,0.0,0.0,0.0,0,0.0,0.0,Claudio Echeverri
410,Jeremy,Monga,Monga,MID,Man City,3,4900000,Coventry City (H),0,0,0,0,0,0,0,0,0,0,0,0,0,0,0.0,0.0,0.0,0,0.0,0.0,Jeremy Monga
410,Jeremy,Monga,Monga,MID,Man City,4,4900000,Man Utd (A),0,0,0,0,0,0,0,0,0,0,0,0,0,0,0.0,0.0,0.0,0,0.0,0.0,Jeremy Monga
420,Leny,Yoro,Yoro,DEF,Man Utd,4,4900000,Man City (H),0,0,0,0,0,0,0,0,0,0,0,0,0,0,0.0,0.0,0.0,0,0.0,0.0,Leny Yoro
434,Jack,J.Fletcher,Fletcher,MID,Man Utd,4,4900000,Man City (H),0,0,0,0,0,0,0,0,0,0,0,0,0,0,0.0,0.0,0.0,0,0.0,0.0,Jack Fletcher
435,Shea,Lacey,Lacey,MID,Man Utd,4,4900000,Man City (H),0,0,0,0,0,0,0,0,0,0,0,0,0,0,0.0,0.0,0.0,0,0.0,0.0,Shea Lacey
442,Nick,Pope,Pope,GK,Newcastle,4,4900000,Leeds (A),0,0,0,0,0,0,0,0,0,0,0,0,0,0,0.0,0.0,0.0,0,0.0,0.0,Nick Pope
448,Dan,Burn,Burn,DEF,Newcastle,3,4900000,Bournemouth (H),0,0,0,0,0,0,0,0,0,0,0,0,0,0,0.0,0.0,0.0,0,0.0,0.0,Dan Burn
448,Dan,Burn,Burn,DEF,Newcastle,4,4900000,Leeds (A),0,0,0,0,0,0,0,0,0,0,0,0,0,0,0.0,0.0,0.0,0,0.0,0.0,Dan Burn
456,Jacob,J.Ramsey,Ramsey,MID,Newcastle,4,4900000,Leeds (A),0,0,0,0,0,0,0,0,0,0,0,0,0,0,0.0,0.0,0.0,0,0.0,0.0,Jacob Ramsey
487,Nicolás,Dominguez,Domínguez,MID,Nott'm Forest,4,4900000,Aston Villa (A),0,0,0,0,0,0,0,0,0,0,0,0,0,0,0.0,0.0,0.0,0,0.0,0.0,Nicolás Domínguez
488,Ibrahim,I.Sangaré,Sangaré,MID,Nott'm Forest,3,4900000,Spurs (H),0,0,0,0,0,0,0,0,0,0,0,0,0,0,0.0,0.0,0.0,0,0.0,0.0,Ibrahim Sangaré
518,Pape Matar,P.M.Sarr,Sarr,MID,Spurs,2,4900000,Newcastle (H),0,0,0,0,0,0,0,0,0,0,0,0,0,0,0.0,0.0,0.0,0,0.0,0.0,Pape Matar Sarr
518,Pape Matar,P.M.Sarr,Sarr,MID,Spurs,3,4900000,Nott'm Forest (A),0,0,0,0,0,0,0,0,0,0,0,0,0,0,0.0,0.0,0.0,0,0.0,0.0,Pape Matar Sarr
518,Pape Matar,P.M.Sarr,Sarr,MID,Spurs,4,4900000,Everton (H),0,0,0,0,0,0,0,0,0,0,0,0,0,0,0.0,0.0,0.0,0,0.0,0.0,Pape Matar Sarr
535,Omar,Alderete,Alderete,DEF,Sunderland,4,4900000,Arsenal (H),0,0,0,0,0,0,0,0,0,0,0,0,0,0,0.0,0.0,0.0,0,0.0,0.0,Omar Alderete
546,Simon,Adingra,Adingra,MID,Sunderland,3,4900000,Brentford (A),0,0,0,0,0,0,0,0,0,0,0,0,0,0,0.0,0.0,0.0,0,0.0,0.0,Simon Adingra
546,Simon,Adingra,Adingra,MID,Sunderland,4,4900000,Arsenal (H),0,0,0,0,0,0,0,0,0,0,0,0,0,0,0.0,0.0,0.0,0,0.0,0.0,Simon Adingra
547,Romaine,Mundle,Mundle,MID,Sunderland,4,4900000,Arsenal (H),0,0,0,0,0,0,0,0,0,0,0,0,0,0,0.0,0.0,0.0,0,0.0,0.0,Romaine Mundle
548,Chris,Rigg,Rigg,MID,Sunderland,4,4900000,Arsenal (H),0,0,0,0,0,0,0,0,0,0,0,0,0,0,0.0,0.0,0.0,0,0.0,0.0,Chris Rigg
571,Florentino Ibrain,Florentino,Morris Luís,MID,Ipswich Town,3,4900000,Liverpool (H),0,0,0,0,0,0,0,0,0,0,0,0,0,0,0.0,0.0,0.0,0,0.0,0.0,Florentino Ibrain Morris Luís
574,Jens,Hjertø-Dahl,Hjertø-Dahl,MID,Hull City,4,4900000,Chelsea (A),0,0,0,0,0,0,0,0,0,0,0,0,0,0,0.0,0.0,0.0,0,0.0,0.0,Jens Hjertø-Dahl
2,Kepa,Arrizabalaga,Arrizabalaga Revuelta,GK,Arsenal,1,5000000,Coventry City (H),0,0,0,0,0,0,0,0,0,0,0,0,0,0,0.0,0.0,0.0,0,0.0,0.0,Kepa Arrizabalaga Revuelta
2,Kepa,Arrizabalaga,Arrizabalaga Revuelta,GK,Arsenal,2,5000000,Aston Villa (A),0,0,0,0,0,0,0,0,0,0,0,0,0,0,0.0,0.0,0.0,0,0.0,0.0,Kepa Arrizabalaga Revuelta
2,Kepa,Arrizabalaga,Arrizabalaga Revuelta,GK,Arsenal,3,5000000,Chelsea (H),0,0,0,0,0,0,0,0,0,0,0,0,0,0,0.0,0.0,0.0,0,0.0,0.0,Kepa Arrizabalaga Revuelta
3,Illan,Meslier,Meslier,GK,Arsenal,1,5000000,Coventry City (H),0,0,0,0,0,0,0,0,0,0,0,0,0,0,0.0,0.0,0.0,0,0.0,0.0,Illan Meslier
3,Illan,Meslier,Meslier,GK,Arsenal,2,5000000,Aston Villa (A),0,0,0,0,0,0,0,0,0,0,0,0,0,0,0.0,0.0,0.0,0,0.0,0.0,Illan Meslier
3,Illan,Meslier,Meslier,GK,Arsenal,3,5000000,Chelsea (H),0,0,0,0,0,0,0,0,0,0,0,0,0,0,0.0,0.0,0.0,0,0.0,0.0,Illan Meslier
21,Christian,Nørgaard,Nørgaard,MID,Everton,1,5000000,Crystal Palace (H),0,0,0,0,0,0,0,0,0,0,0,0,0,0,0.0,0.0,0.0,0,0.0,0.0,Christian Nørgaard
21,Christian,Nørgaard,Nørgaard,MID,Everton,2,5000000,Bournemouth (A),0,0,0,0,0,0,0,0,0,0,0,0,0,0,0.0,0.0,0.0,0,0.0,0.0,Christian Nørgaard
28,Emiliano,Martinez,Martínez Romero,GK,Chelsea,1,5000000,Brighton (A),0,0,0,0,0,0,0,0,0,0,0,0,0,0,0.0,0.0,0.0,0,0.0,0.0,Emiliano Martínez Romero
35,Lamare,Bogarde,Bogarde,MID,Aston Villa,2,5000000,Arsenal (H),0,0,0,0,0,0,0,0,0,0,0,0,0,0,0.0,0.0,0.0,0,0.0,0.0,Lamare Bogarde
35,Lamare,Bogarde,Bogarde,MID,Aston Villa,3,5000000,Hull City (A),0,0,0,0,0,0,0,0,0,0,0,0,0,0,0.0,0.0,0.0,0,0.0,0.0,Lamare Bogarde
35,Lamare,Bogarde,Bogarde,MID,Aston Villa,4,5000000,Nott'm Forest (H),0,0,0,0,0,0,0,0,0,0,0,0,0,0,0.0,0.0,0.0,0,0.0,0.0,Lamare Bogarde
48,Amadou,Onana,Onana,MID,Aston Villa,1,5000000,Brighton (A),0,0,0,0,0,0,0,0,0,0,0,0,0,0,0.0,0.0,0.0,0,0.0,0.0,Amadou Onana
48,Amadou,Onana,Onana,MID,Aston Villa,2,5000000,Arsenal (H),0,0,0,0,0,0,0,0,0,0,0,0,0,0,0.0,0.0,0.0,0,0.0,0.0,Amadou Onana
48,Amadou,Onana,Onana,MID,Aston Villa,3,5000000,Hull City (A),0,0,0,0,0,0,0,0,0,0,0,0,0,0,0.0,0.0,0.0,0,0.0,0.0,Amadou Onana
48,Amadou,Onana,Onana,MID,Aston Villa,4,5000000,Nott'm Forest (H),0,0,0,0,0,0,0,0,0,0,0,0,0,0,0.0,0.0,0.0,0,0.0,0.0,Amadou Onana
49,Samuel,Iling Jr,Iling-Junior,MID,Aston Villa,1,5000000,Brighton (A),0,0,0,0,0,0,0,0,0,0,0,0,0,0,0.0,0.0,0.0,0,0.0,0.0,Samuel Iling-Junior
49,Samuel,Iling Jr,Iling-Junior,MID,Aston Villa,2,5000000,Arsenal (H),0,0,0,0,0,0,0,0,0,0,0,0,0,0,0.0,0.0,0.0,0,0.0,0.0,Samuel Iling-Junior
49,Samuel,Iling Jr,Iling-Junior,MID,Aston Villa,3,5000000,Hull City (A),0,0,0,0,0,0,0,0,0,0,0,0,0,0,0.0,0.0,0.0,0,0.0,0.0,Samuel Iling-Junior
49,Samuel,Iling Jr,Iling-Junior,MID,Aston Villa,4,5000000,Nott'm Forest (H),0,0,0,0,0,0,0,0,0,0,0,0,0,0,0.0,0.0,0.0,0,0.0,0.0,Samuel Iling-Junior
52,Alysson Edward Franco,Alysson,da Rocha dos Santos,MID,Aston Villa,2,5000000,Arsenal (H),0,19,0,0,0,0,0,0,0,1,0,0,0,2,0.0,0.0,0.0,0,0.0,0.0,Alysson Edward Franco da Rocha dos Santos
62,Bafodé,Diakité,Diakité,DEF,Bournemouth,1,5000000,Man City (A),0,0,0,0,0,0,0,0,0,0,0,0,0,0,0.0,0.0,0.0,0,0.0,0.0,Bafodé Diakité
62,Bafodé,Diakité,Diakité,DEF,Bournemouth,2,5000000,Everton (H),0,0,0,0,0,0,0,0,0,0,0,0,0,0,0.0,0.0,0.0,0,0.0,0.0,Bafodé Diakité
62,Bafodé,Diakité,Diakité,DEF,Bournemouth,3,5000000,Newcastle (A),0,0,0,0,0,0,0,0,0,0,0,0,0,0,0.0,0.0,0.0,0,0.0,0.0,Bafodé Diakité
62,Bafodé,Diakité,Diakité,DEF,Bournemouth,4,5000000,Brentford (H),0,0,0,0,0,0,0,0,0,0,0,0,0,0,0.0,0.0,0.0,0,0.0,0.0,Bafodé Diakité
63,Veljko,Milosavljević,Milosavljevic,DEF,Bournemouth,1,5000000,Man City (A),0,0,0,0,0,0,0,0,0,0,0,0,0,0,0.0,0.0,0.0,0,0.0,0.0,Veljko Milosavljevic
63,Veljko,Milosavljević,Milosavljevic,DEF,Bournemouth,2,5000000,Everton (H),0,0,0,0,0,0,0,0,0,0,0,0,0,0,0.0,0.0,0.0,0,0.0,0.0,Veljko Milosavljevic
63,Veljko,Milosavljević,Milosavljevic,DEF,Bournemouth,3,5000000,Newcastle (A),0,0,0,0,0,0,0,0,0,0,0,0,0,0,0.0,0.0,0.0,0,0.0,0.0,Veljko Milosavljevic
63,Veljko,Milosavljević,Milosavljevic,DEF,Bournemouth,4,5000000,Brentford (H),0,0,0,0,0,0,0,0,0,0,0,0,0,0,0.0,0.0,0.0,0,0.0,0.0,Veljko Milosavljevic
71,Lewis,Cook,Cook,MID,Bournemouth,4,5000000,Brentford (H),0,8,0,0,0,0,0,0,0,1,0,0,0,2,0.0,0.0,0.0,0,0.0,0.0,Lewis Cook
72,Ben,Gannon-Doak,Gannon-Doak,MID,Bournemouth,2,5000000,Everton (H),0,0,0,0,0,0,0,0,0,0,0,0,0,0,0.0,0.0,0.0,0,0.0,0.0,Ben Gannon-Doak
74,David,Brooks,Brooks,MID,Bournemouth,1,5000000,Man City (A),0,0,0,0,0,0,0,0,0,0,0,0,0,0,0.0,0.0,0.0,0,0.0,0.0,David Brooks
74,David,Brooks,Brooks,MID,Bournemouth,4,5000000,Brentford (H),0,7,0,0,0,0,0,0,0,1,0,0,0,3,0.0,0.0,0.0,0,0.0,0.0,David Brooks
75,Ryan,Christie,Christie,MID,Bournemouth,1,5000000,Man City (A),0,0,0,0,0,0,0,0,0,0,0,0,0,0,0.0,0.0,0.0,0,0.0,0.0,Ryan Christie
76,Alex,Tóth.A,Tóth,MID,Bournemouth,2,5000000,Everton (H),0,0,0,0,0,0,0,0,0,0,0,0,0,0,0.0,0.0,0.0,0,0.0,0.0,Alex Tóth
76,Alex,Tóth.A,Tóth,MID,Bournemouth,3,5000000,Newcastle (A),0,0,0,0,0,0,0,0,0,0,0,0,0,0,0.0,0.0,0.0,0,0.0,0.0,Alex Tóth
76,Alex,Tóth.A,Tóth,MID,Bournemouth,4,5000000,Brentford (H),0,0,0,0,0,0,0,0,0,0,0,0,0,0,0.0,0.0,0.0,0,0.0,0.0,Alex Tóth
77,Amine,Adli,Adli,MID,Bournemouth,1,5000000,Man City (A),0,0,0,0,0,0,0,0,0,0,0,0,0,0,0.0,0.0,0.0,0,0.0,0.0,Amine Adli
77,Amine,Adli,Adli,MID,Bournemouth,2,5000000,Everton (H),0,0,0,0,0,0,0,0,0,0,0,0,0,0,0.0,0.0,0.0,0,0.0,0.0,Amine Adli
85,Sepp,Van den Berg,van den Berg,DEF,Brentford,1,5000000,Spurs (H),0,0,0,0,0,0,0,0,0,0,0,0,0,0,0.0,0.0,0.0,0,0.0,0.0,Sepp van den Berg
85,Sepp,Van den Berg,van den Berg,DEF,Brentford,2,5000000,Leeds (A),0,0,0,0,0,0,0,0,0,0,0,0,0,0,0.0,0.0,0.0,0,0.0,0.0,Sepp van den Berg
99,Antoni,Milambo,Milambo,MID,Brentford,1,5000000,Spurs (H),0,0,0,0,0,0,0,0,0,0,0,0,0,0,0.0,0.0,0.0,0,0.0,0.0,Antoni Milambo
99,Antoni,Milambo,Milambo,MID,Brentford,2,5000000,Leeds (A),0,0,0,0,0,0,0,0,0,0,0,0,0,0,0.0,0.0,0.0,0,0.0,0.0,Antoni Milambo
99,Antoni,Milambo,Milambo,MID,Brentford,3,5000000,Sunderland (H),0,0,0,0,0,0,0,0,0,0,0,0,0,0,0.0,0.0,0.0,0,0.0,0.0,Antoni Milambo
99,Antoni,Milambo,Milambo,MID,Brentford,4,5000000,Bournemouth (A),0,0,0,0,0,0,0,0,0,0,0,0,0,0,0.0,0.0,0.0,0,0.0,0.0,Antoni Milambo
100,Fábio,Carvalho,Freitas Gouveia Carvalho,MID,Brentford,1,5000000,Spurs (H),0,0,0,0,0,0,0,0,0,0,0,0,0,0,0.0,0.0,0.0,0,0.0,0.0,Fábio Freitas Gouveia Carvalho
100,Fábio,Carvalho,Freitas Gouveia Carvalho,MID,Brentford,2,5000000,Leeds (A),0,0,0,0,0,0,0,0,0,0,0,0,0,0,0.0,0.0,0.0,0,0.0,0.0,Fábio Freitas Gouveia Carvalho
100,Fábio,Carvalho,Freitas Gouveia Carvalho,MID,Brentford,3,5000000,Sunderland (H),0,0,0,0,0,0,0,0,0,0,0,0,0,0,0.0,0.0,0.0,0,0.0,0.0,Fábio Freitas Gouveia Carvalho
100,Fábio,Carvalho,Freitas Gouveia Carvalho,MID,Brentford,4,5000000,Bournemouth (A),0,0,0,0,0,0,0,0,0,0,0,0,0,0,0.0,0.0,0.0,0,0.0,0.0,Fábio Freitas Gouveia Carvalho
101,Jordan,Henderson,Henderson,MID,Chelsea,1,5000000,Fulham (A),0,0,0,0,0,0,0,0,0,0,0,0,0,0,0.0,0.0,0.0,0,0.0,0.0,Jordan Henderson
101,Jordan,Henderson,Henderson,MID,Chelsea,2,5000000,Brighton (H),0,0,0,0,0,0,0,0,0,0,0,0,0,0,0.0,0.0,0.0,0,0.0,0.0,Jordan Henderson
101,Jordan,Henderson,Henderson,MID,Chelsea,3,5000000,Arsenal (A),0,0,0,0,0,0,0,0,0,0,0,0,0,0,0.0,0.0,0.0,0,0.0,0.0,Jordan Henderson
103,Josh,Dasilva,Dasilva,MID,Brentford,1,5000000,Spurs (H),0,0,0,0,0,0,0,0,0,0,0,0,0,0,0.0,0.0,0.0,0,0.0,0.0,Josh Dasilva
103,Josh,Dasilva,Dasilva,MID,Brentford,2,5000000,Leeds (A),0,0,0,0,0,0,0,0,0,0,0,0,0,0,0.0,0.0,0.0,0,0.0,0.0,Josh Dasilva
103,Josh,Dasilva,Dasilva,MID,Brentford,3,5000000,Sunderland (H),0,0,0,0,0,0,0,0,0,0,0,0,0,0,0.0,0.0,0.0,0,0.0,0.0,Josh Dasilva
104,Frank,Onyeka,Onyeka,MID,Coventry City,2,5000000,Hull City (H),0,0,0,0,0,0,0,0,0,0,0,0,0,0,0.0,0.0,0.0,0,0.0,0.0,Frank Onyeka
120,Michael,Svoboda,Svoboda,DEF,Brighton,1,5000000,Aston Villa (H),0,0,0,0,0,0,0,0,0,0,0,0,0,0,0.0,0.0,0.0,0,0.0,0.0,Michael Svoboda
120,Michael,Svoboda,Svoboda,DEF,Brighton,2,5000000,Chelsea (A),0,0,0,0,0,0,0,0,0,0,0,0,0,0,0.0,0.0,0.0,0,0.0,0.0,Michael Svoboda
120,Michael,Svoboda,Svoboda,DEF,Brighton,3,5000000,Leeds (H),0,0,0,0,0,0,0,0,0,0,0,0,0,0,0.0,0.0,0.0,0,0.0,0.0,Michael Svoboda
120,Michael,Svoboda,Svoboda,DEF,Brighton,4,5000000,Coventry City (A),0,0,0,0,0,0,0,0,0,0,0,0,0,0,0.0,0.0,0.0,0,0.0,0.0,Michael Svoboda
128,Facundo,Buonanotte,Buonanotte,MID,Brighton,1,5000000,Aston Villa (H),0,0,0,0,0,0,0,0,0,0,0,0,0,0,0.0,0.0,0.0,0,0.0,0.0,Facundo Buonanotte
128,Facundo,Buonanotte,Buonanotte,MID,Brighton,2,5000000,Chelsea (A),0,0,0,0,0,0,0,0,0,0,0,0,0,0,0.0,0.0,0.0,0,0.0,0.0,Facundo Buonanotte
128,Facundo,Buonanotte,Buonanotte,MID,Brighton,3,5000000,Leeds (H),0,0,0,0,0,0,0,0,0,0,0,0,0,0,0.0,0.0,0.0,0,0.0,0.0,Facundo Buonanotte
128,Facundo,Buonanotte,Buonanotte,MID,Brighton,4,5000000,Coventry City (A),0,0,0,0,0,0,0,0,0,0,0,0,0,0,0.0,0.0,0.0,0,0.0,0.0,Facundo Buonanotte
130,Mats,Wieffer,Wieffer,DEF,Brighton,3,5000000,Leeds (H),0,0,0,0,0,0,0,0,0,0,0,0,0,0,0.0,0.0,0.0,0,0.0,0.0,Mats Wieffer
130,Mats,Wieffer,Wieffer,DEF,Brighton,4,5000000,Coventry City (A),0,0,0,0,0,0,0,0,0,0,0,0,0,0,0.0,0.0,0.0,0,0.0,0.0,Mats Wieffer
131,Carlos,Baleba,Baleba,MID,Man Utd,1,5000000,Aston Villa (H),0,0,0,0,0,0,0,0,0,0,0,0,0,0,0.0,0.0,0.0,0,0.0,0.0,Carlos Baleba
131,Carlos,Baleba,Baleba,MID,Man Utd,2,5000000,Ipswich Town (H),0,0,0,0,0,0,0,0,0,0,0,0,0,0,0.0,0.0,0.0,0,0.0,0.0,Carlos Baleba
131,Carlos,Baleba,Baleba,MID,Man Utd,3,5000000,Everton (A),0,0,0,0,0,0,0,0,0,0,0,0,0,0,0.0,0.0,0.0,0,0.0,0.0,Carlos Baleba
131,Carlos,Baleba,Baleba,MID,Man Utd,4,5000000,Man City (H),0,0,0,0,0,0,0,0,0,0,0,0,0,0,0.0,0.0,0.0,0,0.0,0.0,Carlos Baleba
133,Tom,Watson,Watson,MID,Brighton,1,5000000,Aston Villa (H),0,0,0,0,0,0,0,0,0,0,0,0,0,0,0.0,0.0,0.0,0,0.0,0.0,Tom Watson
133,Tom,Watson,Watson,MID,Brighton,2,5000000,Chelsea (A),0,0,0,0,0,0,0,0,0,0,0,0,0,0,0.0,0.0,0.0,0,0.0,0.0,Tom Watson
133,Tom,Watson,Watson,MID,Brighton,3,5000000,Leeds (H),0,0,0,0,0,0,0,0,0,0,0,0,0,0,0.0,0.0,0.0,0,0.0,0.0,Tom Watson
133,Tom,Watson,Watson,MID,Brighton,4,5000000,Coventry City (A),0,0,0,0,0,0,0,0,0,0,0,0,0,0,0.0,0.0,0.0,0,0.0,0.0,Tom Watson
135,Zadok,Yohanna,Yohanna,MID,Brighton,2,5000000,Chelsea (A),0,0,0,0,0,0,0,0,0,0,0,0,0,0,0.0,0.0,0.0,0,0.0,0.0,Zadok Yohanna
135,Zadok,Yohanna,Yohanna,MID,Brighton,3,5000000,Leeds (H),0,0,0,0,0,0,0,0,0,0,0,0,0,0,0.0,0.0,0.0,0,0.0,0.0,Zadok Yohanna
139,Evan,Ferguson,Ferguson,FWD,Brighton,1,5000000,Aston Villa (H),0,0,0,0,0,0,0,0,0,0,0,0,0,0,0.0,0.0,0.0,0,0.0,0.0,Evan Ferguson
139,Evan,Ferguson,Ferguson,FWD,Brighton,2,5000000,Chelsea (A),0,0,0,0,0,0,0,0,0,0,0,0,0,0,0.0,0.0,0.0,0,0.0,0.0,Evan Ferguson
139,Evan,Ferguson,Ferguson,FWD,Brighton,3,5000000,Leeds (H),0,0,0,0,0,0,0,0,0,0,0,0,0,0,0.0,0.0,0.0,0,0.0,0.0,Evan Ferguson
139,Evan,Ferguson,Ferguson,FWD,Brighton,4,5000000,Coventry City (A),0,0,0,0,0,0,0,0,0,0,0,0,0,0,0.0,0.0,0.0,0,0.0,0.0,Evan Ferguson
140,Robert,Sánchez,Lynch Sánchez,GK,Chelsea,2,5000000,Brighton (H),0,0,0,0,0,0,0,0,0,0,0,0,0,0,0.0,0.0,0.0,0,0.0,0.0,Robert Lynch Sánchez
141,Filip,Jörgensen,Jörgensen,GK,Chelsea,1,5000000,Fulham (A),0,0,0,0,0,0,0,0,0,0,0,0,0,0,0.0,0.0,0.0,0,0.0,0.0,Filip Jörgensen
141,Filip,Jörgensen,Jörgensen,GK,Chelsea,2,5000000,Brighton (H),0,0,0,0,0,0,0,0,0,0,0,0,0,0,0.0,0.0,0.0,0,0.0,0.0,Filip Jörgensen
141,Filip,Jörgensen,Jörgensen,GK,Chelsea,3,5000000,Arsenal (A),0,0,0,0,0,0,0,0,0,0,0,0,0,0,0.0,0.0,0.0,0,0.0,0.0,Filip Jörgensen
141,Filip,Jörgensen,Jörgensen,GK,Chelsea,4,5000000,Hull City (H),0,0,0,0,0,0,0,0,0,0,0,0,0,0,0.0,0.0,0.0,0,0.0,0.0,Filip Jörgensen
145,Wesley,Fofana,Fofana,DEF,Chelsea,1,5000000,Fulham (A),0,0,0,0,0,0,0,0,0,0,0,0,0,0,0.0,0.0,0.0,0,0.0,0.0,Wesley Fofana
149,Levi,Colwill,Samuels Colwill,DEF,Chelsea,3,5000000,Arsenal (A),0,0,0,0,0,0,0,0,0,0,0,0,0,0,0.0,0.0,0.0,0,0.0,0.0,Levi Samuels Colwill
168,Marc,Marc Guiu,Guiu Paz,FWD,Chelsea,1,5000000,Fulham (A),0,0,0,0,0,0,0,0,0,0,0,0,0,0,0.0,0.0,0.0,0,0.0,0.0,Marc Guiu Paz
168,Marc,Marc Guiu,Guiu Paz,FWD,Chelsea,2,5000000,Brighton (H),0,0,0,0,0,0,0,0,0,0,0,0,0,0,0.0,0.0,0.0,0,0.0,0.0,Marc Guiu Paz
168,Marc,Marc Guiu,Guiu Paz,FWD,Chelsea,3,5000000,Arsenal (A),0,0,0,0,0,0,0,0,0,0,0,0,0,0,0.0,0.0,0.0,0,0.0,0.0,Marc Guiu Paz
168,Marc,Marc Guiu,Guiu Paz,FWD,Chelsea,4,5000000,Hull City (H),0,0,0,0,0,0,0,0,0,0,0,0,0,0,0.0,0.0,0.0,0,0.0,0.0,Marc Guiu Paz
170,Emmanuel,Emegha,Emegha,FWD,Chelsea,1,5000000,Fulham (A),0,0,0,0,0,0,0,0,0,0,0,0,0,0,0.0,0.0,0.0,0,0.0,0.0,Emmanuel Emegha
170,Emmanuel,Emegha,Emegha,FWD,Chelsea,2,5000000,Brighton (H),0,0,0,0,0,0,0,0,0,0,0,0,0,0,0.0,0.0,0.0,0,0.0,0.0,Emmanuel Emegha
170,Emmanuel,Emegha,Emegha,FWD,Chelsea,3,5000000,Arsenal (A),0,0,0,0,0,0,0,0,0,0,0,0,0,0,0.0,0.0,0.0,0,0.0,0.0,Emmanuel Emegha
170,Emmanuel,Emegha,Emegha,FWD,Chelsea,4,5000000,Hull City (H),0,0,0,0,0,0,0,0,0,0,0,0,0,0,0.0,0.0,0.0,0,0.0,0.0,Emmanuel Emegha
185,Tatsuhiro,Sakamoto,Sakamoto,MID,Coventry City,1,5000000,Arsenal (A),0,0,0,0,0,0,0,0,0,0,0,0,0,0,0.0,0.0,0.0,0,0.0,0.0,Tatsuhiro Sakamoto
187,Josh,Eccles,Eccles,MID,Coventry City,1,5000000,Arsenal (A),0,0,0,0,0,0,0,0,0,0,0,0,0,0,0.0,0.0,0.0,0,0.0,0.0,Josh Eccles
187,Josh,Eccles,Eccles,MID,Coventry City,2,5000000,Hull City (H),0,0,0,0,0,0,0,0,0,0,0,0,0,0,0.0,0.0,0.0,0,0.0,0.0,Josh Eccles
195,Ellis,Simms,Simms,FWD,Coventry City,2,5000000,Hull City (H),0,0,0,0,0,0,0,0,0,0,0,0,0,0,0.0,0.0,0.0,0,0.0,0.0,Ellis Simms
195,Ellis,Simms,Simms,FWD,Coventry City,4,5000000,Brighton (H),0,0,0,0,0,0,0,0,0,0,0,0,0,0,0.0,0.0,0.0,0,0.0,0.0,Ellis Simms
196,Jahnoah,Markelo,Markelo,FWD,Coventry City,1,5000000,Arsenal (A),0,0,0,0,0,0,0,0,0,0,0,0,0,0,0.0,0.0,0.0,0,0.0,0.0,Jahnoah Markelo
196,Jahnoah,Markelo,Markelo,FWD,Coventry City,2,5000000,Hull City (H),0,0,0,0,0,0,0,0,0,0,0,0,0,0,0.0,0.0,0.0,0,0.0,0.0,Jahnoah Markelo
196,Jahnoah,Markelo,Markelo,FWD,Coventry City,3,5000000,Man City (A),0,0,0,0,0,0,0,0,0,0,0,0,0,0,0.0,0.0,0.0,0,0.0,0.0,Jahnoah Markelo
196,Jahnoah,Markelo,Markelo,FWD,Coventry City,4,5000000,Brighton (H),0,0,0,0,0,0,0,0,0,0,0,0,0,0,0.0,0.0,0.0,0,0.0,0.0,Jahnoah Markelo
198,Dean,Henderson,Henderson,GK,Crystal Palace,4,5000000,Ipswich Town (H),0,0,0,0,0,0,0,0,0,0,0,0,0,0,0.0,0.0,0.0,0,0.0,0.0,Dean Henderson
213,Jefferson,Lerma,Lerma Solís,MID,Crystal Palace,1,5000000,Everton (A),0,0,0,0,0,0,0,0,0,0,0,0,0,0,0.0,0.0,0.0,0,0.0,0.0,Jefferson Lerma Solís
213,Jefferson,Lerma,Lerma Solís,MID,Crystal Palace,2,5000000,Man City (H),0,0,0,0,0,0,0,0,0,0,0,0,0,0,0.0,0.0,0.0,0,0.0,0.0,Jefferson Lerma Solís
215,Justin,Devenny,Devenny,MID,Crystal Palace,1,5000000,Everton (A),0,0,0,0,0,0,0,0,0,0,0,0,0,0,0.0,0.0,0.0,0,0.0,0.0,Justin Devenny
215,Justin,Devenny,Devenny,MID,Crystal Palace,2,5000000,Man City (H),0,0,0,0,0,0,0,0,0,0,0,0,0,0,0.0,0.0,0.0,0,0.0,0.0,Justin Devenny
215,Justin,Devenny,Devenny,MID,Crystal Palace,3,5000000,Fulham (A),0,0,0,0,0,0,0,0,0,0,0,0,0,0,0.0,0.0,0.0,0,0.0,0.0,Justin Devenny
215,Justin,Devenny,Devenny,MID,Crystal Palace,4,5000000,Ipswich Town (H),0,0,0,0,0,0,0,0,0,0,0,0,0,0,0.0,0.0,0.0,0,0.0,0.0,Justin Devenny
216,Romain,Esse,Esse,MID,Crystal Palace,1,5000000,Everton (A),0,0,0,0,0,0,0,0,0,0,0,0,0,0,0.0,0.0,0.0,0,0.0,0.0,Romain Esse
216,Romain,Esse,Esse,MID,Crystal Palace,2,5000000,Man City (H),0,0,0,0,0,0,0,0,0,0,0,0,0,0,0.0,0.0,0.0,0,0.0,0.0,Romain Esse
216,Romain,Esse,Esse,MID,Crystal Palace,3,5000000,Fulham (A),0,0,0,0,0,0,0,0,0,0,0,0,0,0,0.0,0.0,0.0,0,0.0,0.0,Romain Esse
216,Romain,Esse,Esse,MID,Crystal Palace,4,5000000,Ipswich Town (H),0,0,0,0,0,0,0,0,0,0,0,0,0,0,0.0,0.0,0.0,0,0.0,0.0,Romain Esse
217,Matheus,M.França,França de Oliveira,MID,Crystal Palace,1,5000000,Everton (A),0,0,0,0,0,0,0,0,0,0,0,0,0,0,0.0,0.0,0.0,0,0.0,0.0,Matheus França de Oliveira
217,Matheus,M.França,França de Oliveira,MID,Crystal Palace,2,5000000,Man City (H),0,0,0,0,0,0,0,0,0,0,0,0,0,0,0.0,0.0,0.0,0,0.0,0.0,Matheus França de Oliveira
218,Cheick,Doucouré,Doucouré,MID,Crystal Palace,1,5000000,Everton (A),0,0,0,0,0,0,0,0,0,0,0,0,0,0,0.0,0.0,0.0,0,0.0,0.0,Cheick Doucouré
218,Cheick,Doucouré,Doucouré,MID,Crystal Palace,2,5000000,Man City (H),0,0,0,0,0,0,0,0,0,0,0,0,0,0,0.0,0.0,0.0,0,0.0,0.0,Cheick Doucouré
219,Jesurun,J.Rak-Sakyi,Rak-Sakyi,MID,Crystal Palace,1,5000000,Everton (A),0,0,0,0,0,0,0,0,0,0,0,0,0,0,0.0,0.0,0.0,0,0.0,0.0,Jesurun Rak-Sakyi
219,Jesurun,J.Rak-Sakyi,Rak-Sakyi,MID,Crystal Palace,2,5000000,Man City (H),0,0,0,0,0,0,0,0,0,0,0,0,0,0,0.0,0.0,0.0,0,0.0,0.0,Jesurun Rak-Sakyi
219,Jesurun,J.Rak-Sakyi,Rak-Sakyi,MID,Crystal Palace,3,5000000,Fulham (A),0,0,0,0,0,0,0,0,0,0,0,0,0,0,0.0,0.0,0.0,0,0.0,0.0,Jesurun Rak-Sakyi
225,Christantus,Uche,Uche,FWD,Crystal Palace,1,5000000,Everton (A),0,0,0,0,0,0,0,0,0,0,0,0,0,0,0.0,0.0,0.0,0,0.0,0.0,Christantus Uche
225,Christantus,Uche,Uche,FWD,Crystal Palace,2,5000000,Man City (H),0,0,0,0,0,0,0,0,0,0,0,0,0,0,0.0,0.0,0.0,0,0.0,0.0,Christantus Uche
225,Christantus,Uche,Uche,FWD,Crystal Palace,3,5000000,Fulham (A),0,0,0,0,0,0,0,0,0,0,0,0,0,0,0.0,0.0,0.0,0,0.0,0.0,Christantus Uche
225,Christantus,Uche,Uche,FWD,Crystal Palace,4,5000000,Ipswich Town (H),0,0,0,0,0,0,0,0,0,0,0,0,0,0,0.0,0.0,0.0,0,0.0,0.0,Christantus Uche
227,Mark,Travers,Travers,GK,Everton,1,5000000,Crystal Palace (H),0,0,0,0,0,0,0,0,0,0,0,0,0,0,0.0,0.0,0.0,0,0.0,0.0,Mark Travers
227,Mark,Travers,Travers,GK,Everton,2,5000000,Bournemouth (A),0,0,0,0,0,0,0,0,0,0,0,0,0,0,0.0,0.0,0.0,0,0.0,0.0,Mark Travers
227,Mark,Travers,Travers,GK,Everton,3,5000000,Man Utd (H),0,0,0,0,0,0,0,0,0,0,0,0,0,0,0.0,0.0,0.0,0,0.0,0.0,Mark Travers
227,Mark,Travers,Travers,GK,Everton,4,5000000,Spurs (A),0,0,0,0,0,0,0,0,0,0,0,0,0,0,0.0,0.0,0.0,0,0.0,0.0,Mark Travers
231,Michael,Keane,Keane,DEF,Everton,1,5000000,Crystal Palace (H),0,0,0,0,0,0,0,0,0,0,0,0,0,0,0.0,0.0,0.0,0,0.0,0.0,Michael Keane
231,Michael,Keane,Keane,DEF,Everton,2,5000000,Bournemouth (A),0,0,0,0,0,0,0,0,0,0,0,0,0,0,0.0,0.0,0.0,0,0.0,0.0,Michael Keane
232,Jake,O'Brien,O'Brien,DEF,Everton,1,5000000,Crystal Palace (H),0,0,0,0,0,0,0,0,0,0,0,0,0,0,0.0,0.0,0.0,0,0.0,0.0,Jake O'Brien
232,Jake,O'Brien,O'Brien,DEF,Everton,2,5000000,Bournemouth (A),0,0,0,0,0,0,0,0,0,0,0,0,0,0,0.0,0.0,0.0,0,0.0,0.0,Jake O'Brien
240,Tim,Iroegbunam,Iroegbunam,MID,Hull City,1,5000000,Crystal Palace (H),0,0,0,0,0,0,0,0,0,0,0,0,0,0,0.0,0.0,0.0,0,0.0,0.0,Tim Iroegbunam
240,Tim,Iroegbunam,Iroegbunam,MID,Hull City,3,5000000,Aston Villa (H),0,0,0,0,0,0,0,0,0,0,0,0,0,0,0.0,0.0,0.0,0,0.0,0.0,Tim Iroegbunam
240,Tim,Iroegbunam,Iroegbunam,MID,Hull City,4,5000000,Chelsea (A),0,21,0,0,0,0,0,0,0,1,0,0,0,2,0.0,0.0,0.0,0,0.0,0.0,Tim Iroegbunam
243,Carlos,Alcaraz,Alcaraz Durán,MID,Everton,3,5000000,Man Utd (H),0,0,0,0,0,0,0,0,0,0,0,0,0,0,0.0,0.0,0.0,0,0.0,0.0,Carlos Alcaraz Durán
246,Merlin,Röhl,Röhl,MID,Everton,4,5000000,Spurs (A),0,0,0,0,0,0,0,0,0,0,0,0,0,0,0.0,0.0,0.0,0,0.0,0.0,Merlin Röhl
253,Joachim,Andersen,Andersen,DEF,Fulham,1,5000000,Chelsea (H),0,0,0,0,0,0,0,0,0,0,0,0,0,0,0.0,0.0,0.0,0,0.0,0.0,Joachim Andersen
253,Joachim,Andersen,Andersen,DEF,Fulham,4,5000000,Liverpool (A),0,0,0,0,0,0,0,0,0,0,0,0,0,0,0.0,0.0,0.0,0,0.0,0.0,Joachim Andersen
266,Tom,Cairney,Cairney,MID,Fulham,1,5000000,Chelsea (H),0,0,0,0,0,0,0,0,0,0,0,0,0,0,0.0,0.0,0.0,0,0.0,0.0,Tom Cairney
266,Tom,Cairney,Cairney,MID,Fulham,2,5000000,Sunderland (A),0,0,0,0,0,0,0,0,0,0,0,0,0,0,0.0,0.0,0.0,0,0.0,0.0,Tom Cairney
266,Tom,Cairney,Cairney,MID,Fulham,3,5000000,Crystal Palace (H),0,0,0,0,0,0,0,0,0,0,0,0,0,0,0.0,0.0,0.0,0,0.0,0.0,Tom Cairney
266,Tom,Cairney,Cairney,MID,Fulham,4,5000000,Liverpool (A),0,0,0,0,0,0,0,0,0,0,0,0,0,0,0.0,0.0,0.0,0,0.0,0.0,Tom Cairney
287,Liam,Millar,Millar,MID,Hull City,1,5000000,Man Utd (H),0,19,0,0,0,0,0,0,0,1,0,0,0,3,0.0,0.0,0.0,0,0.0,0.0,Liam Millar
287,Liam,Millar,Millar,MID,Hull City,3,5000000,Aston Villa (H),0,0,0,0,0,0,0,0,0,0,0,0,0,0,0.0,0.0,0.0,0,0.0,0.0,Liam Millar
287,Liam,Millar,Millar,MID,Hull City,4,5000000,Chelsea (A),0,0,0,0,0,0,0,0,0,0,0,0,0,0,0.0,0.0,0.0,0,0.0,0.0,Liam Millar
292,Abdülkadir,Ömür,Ömür,MID,Hull City,1,5000000,Man Utd (H),0,0,0,0,0,0,0,0,0,0,0,0,0,0,0.0,0.0,0.0,0,0.0,0.0,Abdülkadir Ömür
292,Abdülkadir,Ömür,Ömür,MID,Hull City,2,5000000,Coventry City (A),0,0,0,0,0,0,0,0,0,0,0,0,0,0,0.0,0.0,0.0,0,0.0,0.0,Abdülkadir Ömür
293,Abu,Kamara,Kamara,MID,Hull City,1,5000000,Man Utd (H),0,0,0,0,0,0,0,0,0,0,0,0,0,0,0.0,0.0,0.0,0,0.0,0.0,Abu Kamara
293,Abu,Kamara,Kamara,MID,Hull City,2,5000000,Coventry City (A),0,0,0,0,0,0,0,0,0,0,0,0,0,0,0.0,0.0,0.0,0,0.0,0.0,Abu Kamara
293,Abu,Kamara,Kamara,MID,Hull City,3,5000000,Aston Villa (H),0,0,0,0,0,0,0,0,0,0,0,0,0,0,0.0,0.0,0.0,0,0.0,0.0,Abu Kamara
293,Abu,Kamara,Kamara,MID,Hull City,4,5000000,Chelsea (A),0,0,0,0,0,0,0,0,0,0,0,0,0,0,0.0,0.0,0.0,0,0.0,0.0,Abu Kamara
296,David,Akintola,Akintola,MID,Hull City,1,5000000,Man Utd (H),0,0,0,0,0,0,0,0,0,0,0,0,0,0,0.0,0.0,0.0,0,0.0,0.0,David Akintola
296,David,Akintola,Akintola,MID,Hull City,2,5000000,Coventry City (A),0,0,0,0,0,0,0,0,0,0,0,0,0,0,0.0,0.0,0.0,0,0.0,0.0,David Akintola
296,David,Akintola,Akintola,MID,Hull City,3,5000000,Aston Villa (H),0,0,0,0,0,0,0,0,0,0,0,0,0,0,0.0,0.0,0.0,0,0.0,0.0,David Akintola
296,David,Akintola,Akintola,MID,Hull City,4,5000000,Chelsea (A),0,0,0,0,0,0,0,0,0,0,0,0,0,0,0.0,0.0,0.0,0,0.0,0.0,David Akintola
309,Marcelino,Núñez,Núñez,MID,Ipswich Town,3,5000000,Liverpool (H),0,0,0,0,0,0,0,0,0,0,0,0,0,0,0.0,0.0,0.0,0,0.0,0.0,Marcelino Núñez
309,Marcelino,Núñez,Núñez,MID,Ipswich Town,4,5000000,Crystal Palace (A),0,0,0,0,0,0,0,0,0,0,0,0,0,0,0.0,0.0,0.0,0,0.0,0.0,Marcelino Núñez
310,Azor,Matusiwa,Matusiwa,MID,Ipswich Town,1,5000000,Sunderland (H),0,0,0,0,0,0,0,0,0,0,0,0,0,0,0.0,0.0,0.0,0,0.0,0.0,Azor Matusiwa
310,Azor,Matusiwa,Matusiwa,MID,Ipswich Town,2,5000000,Man Utd (A),0,0,0,0,0,0,0,0,0,0,0,0,0,0,0.0,0.0,0.0,0,0.0,0.0,Azor Matusiwa
310,Azor,Matusiwa,Matusiwa,MID,Ipswich Town,3,5000000,Liverpool (H),0,0,0,0,0,0,0,0,0,0,0,0,0,0,0.0,0.0,0.0,0,0.0,0.0,Azor Matusiwa
311,Wes,Burns,Burns,MID,Ipswich Town,1,5000000,Sunderland (H),0,0,0,0,0,0,0,0,0,0,0,0,0,0,0.0,0.0,0.0,0,0.0,0.0,Wes Burns
311,Wes,Burns,Burns,MID,Ipswich Town,2,5000000,Man Utd (A),0,0,0,0,0,0,0,0,0,0,0,0,0,0,0.0,0.0,0.0,0,0.0,0.0,Wes Burns
311,Wes,Burns,Burns,MID,Ipswich Town,3,5000000,Liverpool (H),0,0,0,0,0,0,0,0,0,0,0,0,0,0,0.0,0.0,0.0,0,0.0,0.0,Wes Burns
311,Wes,Burns,Burns,MID,Ipswich Town,4,5000000,Crystal Palace (A),0,0,0,0,0,0,0,0,0,0,0,0,0,0,0.0,0.0,0.0,0,0.0,0.0,Wes Burns
314,Chiedozie,Ogbene,Ogbene,MID,Ipswich Town,1,5000000,Sunderland (H),0,0,0,0,0,0,0,0,0,0,0,0,0,0,0.0,0.0,0.0,0,0.0,0.0,Chiedozie Ogbene
314,Chiedozie,Ogbene,Ogbene,MID,Ipswich Town,2,5000000,Man Utd (A),0,0,0,0,0,0,0,0,0,0,0,0,0,0,0.0,0.0,0.0,0,0.0,0.0,Chiedozie Ogbene
317,George,Hirst,Hirst,FWD,Ipswich Town,1,5000000,Sunderland (H),0,0,0,0,0,0,0,0,0,0,0,0,0,0,0.0,0.0,0.0,0,0.0,0.0,George Hirst
317,George,Hirst,Hirst,FWD,Ipswich Town,2,5000000,Man Utd (A),0,0,0,0,0,0,0,0,0,0,0,0,0,0,0.0,0.0,0.0,0,0.0,0.0,George Hirst
317,George,Hirst,Hirst,FWD,Ipswich Town,3,5000000,Liverpool (H),0,0,0,0,0,0,0,0,0,0,0,0,0,0,0.0,0.0,0.0,0,0.0,0.0,George Hirst
317,George,Hirst,Hirst,FWD,Ipswich Town,4,5000000,Crystal Palace (A),0,0,0,0,0,0,0,0,0,0,0,0,0,0,0.0,0.0,0.0,0,0.0,0.0,George Hirst
319,Sam,Szmodics,Szmodics,MID,Ipswich Town,1,5000000,Sunderland (H),0,0,0,0,0,0,0,0,0,0,0,0,0,0,0.0,0.0,0.0,0,0.0,0.0,Sam Szmodics
319,Sam,Szmodics,Szmodics,MID,Ipswich Town,2,5000000,Man Utd (A),0,0,0,0,0,0,0,0,0,0,0,0,0,0,0.0,0.0,0.0,0,0.0,0.0,Sam Szmodics
319,Sam,Szmodics,Szmodics,MID,Ipswich Town,3,5000000,Liverpool (H),0,0,0,0,0,0,0,0,0,0,0,0,0,0,0.0,0.0,0.0,0,0.0,0.0,Sam Szmodics
319,Sam,Szmodics,Szmodics,MID,Ipswich Town,4,5000000,Crystal Palace (A),0,0,0,0,0,0,0,0,0,0,0,0,0,0,0.0,0.0,0.0,0,0.0,0.0,Sam Szmodics
320,Chuba,Akpom,Akpom,FWD,Ipswich Town,3,5000000,Liverpool (H),0,0,0,0,0,0,0,0,0,0,0,0,0,0,0.0,0.0,0.0,0,0.0,0.0,Chuba Akpom
320,Chuba,Akpom,Akpom,FWD,Ipswich Town,4,5000000,Crystal Palace (A),0,0,0,0,0,0,0,0,0,0,0,0,0,0,0.0,0.0,0.0,0,0.0,0.0,Chuba Akpom
322,Ali,Al-Hamadi,Al-Hamadi,FWD,Ipswich Town,1,5000000,Sunderland (H),0,0,0,0,0,0,0,0,0,0,0,0,0,0,0.0,0.0,0.0,0,0.0,0.0,Ali Al-Hamadi
322,Ali,Al-Hamadi,Al-Hamadi,FWD,Ipswich Town,2,5000000,Man Utd (A),0,0,0,0,0,0,0,0,0,0,0,0,0,0,0.0,0.0,0.0,0,0.0,0.0,Ali Al-Hamadi
322,Ali,Al-Hamadi,Al-Hamadi,FWD,Ipswich Town,3,5000000,Liverpool (H),0,0,0,0,0,0,0,0,0,0,0,0,0,0,0.0,0.0,0.0,0,0.0,0.0,Ali Al-Hamadi
322,Ali,Al-Hamadi,Al-Hamadi,FWD,Ipswich Town,4,5000000,Crystal Palace (A),0,0,0,0,0,0,0,0,0,0,0,0,0,0,0.0,0.0,0.0,0,0.0,0.0,Ali Al-Hamadi
324,Anis,Mehmeti,Mehmeti,MID,Ipswich Town,1,5000000,Sunderland (H),0,0,0,0,0,0,0,0,0,0,0,0,0,0,0.0,0.0,0.0,0,0.0,0.0,Anis Mehmeti
324,Anis,Mehmeti,Mehmeti,MID,Ipswich Town,2,5000000,Man Utd (A),0,0,0,0,0,0,0,0,0,0,0,0,0,0,0.0,0.0,0.0,0,0.0,0.0,Anis Mehmeti
327,Jaka,Bijol,Bijol,DEF,Leeds,4,5000000,Newcastle (H),0,0,0,0,0,0,0,0,0,0,0,0,0,0,0.0,0.0,0.0,0,0.0,0.0,Jaka Bijol
328,Pascal,Struijk,Struijk,DEF,Brighton,1,5000000,Aston Villa (H),0,0,0,0,0,0,0,0,0,0,0,0,0,0,0.0,0.0,0.0,0,0.0,0.0,Pascal Struijk
328,Pascal,Struijk,Struijk,DEF,Brighton,2,5000000,Chelsea (A),0,0,0,0,0,0,0,0,0,0,0,0,0,0,0.0,0.0,0.0,0,0.0,0.0,Pascal Struijk
339,Sean,Longstaff,Longstaff,MID,Leeds,2,5000000,Brentford (H),0,0,0,0,0,0,0,0,0,0,0,0,0,0,0.0,0.0,0.0,0,0.0,0.0,Sean Longstaff
339,Sean,Longstaff,Longstaff,MID,Leeds,3,5000000,Brighton (A),0,0,0,0,0,0,0,0,0,0,0,0,0,0,0.0,0.0,0.0,0,0.0,0.0,Sean Longstaff
340,Joe,Gelhardt,Gelhardt,MID,Hull City,1,5000000,Man Utd (H),0,0,0,0,0,0,0,0,0,0,0,0,0,0,0.0,0.0,0.0,0,0.0,0.0,Joe Gelhardt
340,Joe,Gelhardt,Gelhardt,MID,Hull City,2,5000000,Coventry City (A),0,0,0,0,0,0,0,0,0,0,0,0,0,0,0.0,0.0,0.0,0,0.0,0.0,Joe Gelhardt
340,Joe,Gelhardt,Gelhardt,MID,Hull City,3,5000000,Aston Villa (H),0,0,0,0,0,0,0,0,0,0,0,0,0,0,0.0,0.0,0.0,0,0.0,0.0,Joe Gelhardt
340,Joe,Gelhardt,Gelhardt,MID,Hull City,4,5000000,Chelsea (A),0,0,0,0,0,0,0,0,0,0,0,0,0,0,0.0,0.0,0.0,0,0.0,0.0,Joe Gelhardt
341,Wilfried,Gnonto,Gnonto,MID,Leeds,1,5000000,Nott'm Forest (A),0,0,0,0,0,0,0,0,0,0,0,0,0,0,0.0,0.0,0.0,0,0.0,0.0,Wilfried Gnonto
341,Wilfried,Gnonto,Gnonto,MID,Leeds,2,5000000,Brentford (H),0,0,0,0,0,0,0,0,0,0,0,0,0,0,0.0,0.0,0.0,0,0.0,0.0,Wilfried Gnonto
341,Wilfried,Gnonto,Gnonto,MID,Leeds,3,5000000,Brighton (A),0,0,0,0,0,0,0,0,0,0,0,0,0,0,0.0,0.0,0.0,0,0.0,0.0,Wilfried Gnonto
341,Wilfried,Gnonto,Gnonto,MID,Leeds,4,5000000,Newcastle (H),0,0,0,0,0,0,0,0,0,0,0,0,0,0,0.0,0.0,0.0,0,0.0,0.0,Wilfried Gnonto
342,Jack,Harrison,Harrison,MID,Leeds,1,5000000,Nott'm Forest (A),0,0,0,0,0,0,0,0,0,0,0,0,0,0,0.0,0.0,0.0,0,0.0,0.0,Jack Harrison
342,Jack,Harrison,Harrison,MID,Leeds,2,5000000,Brentford (H),0,0,0,0,0,0,0,0,0,0,0,0,0,0,0.0,0.0,0.0,0,0.0,0.0,Jack Harrison
342,Jack,Harrison,Harrison,MID,Leeds,3,5000000,Brighton (A),0,0,0,0,0,0,0,0,0,0,0,0,0,0,0.0,0.0,0.0,0,0.0,0.0,Jack Harrison
342,Jack,Harrison,Harrison,MID,Leeds,4,5000000,Newcastle (H),0,0,0,0,0,0,0,0,0,0,0,0,0,0,0.0,0.0,0.0,0,0.0,0.0,Jack Harrison
343,Daniel,James,James,MID,Leeds,1,5000000,Nott'm Forest (A),0,0,0,0,0,0,0,0,0,0,0,0,0,0,0.0,0.0,0.0,0,0.0,0.0,Daniel James
343,Daniel,James,James,MID,Leeds,3,5000000,Brighton (A),0,0,0,0,0,0,0,0,0,0,0,0,0,0,0.0,0.0,0.0,0,0.0,0.0,Daniel James
344,Ilia,Gruev,Gruev,MID,Leeds,1,5000000,Nott'm Forest (A),0,0,0,0,0,0,0,0,0,0,0,0,0,0,0.0,0.0,0.0,0,0.0,0.0,Ilia Gruev
344,Ilia,Gruev,Gruev,MID,Leeds,2,5000000,Brentford (H),0,0,0,0,0,0,0,0,0,0,0,0,0,0,0.0,0.0,0.0,0,0.0,0.0,Ilia Gruev
344,Ilia,Gruev,Gruev,MID,Leeds,3,5000000,Brighton (A),0,0,0,0,0,0,0,0,0,0,0,0,0,0,0.0,0.0,0.0,0,0.0,0.0,Ilia Gruev
344,Ilia,Gruev,Gruev,MID,Leeds,4,5000000,Newcastle (H),0,0,0,0,0,0,0,0,0,0,0,0,0,0,0.0,0.0,0.0,0,0.0,0.0,Ilia Gruev
345,Tanaka,Tanaka,Ao,MID,Leeds,1,5000000,Nott'm Forest (A),0,0,0,0,0,0,0,0,0,0,0,0,0,0,0.0,0.0,0.0,0,0.0,0.0,Tanaka Ao
348,Joël,Piroe,Piroe,FWD,Leeds,1,5000000,Nott'm Forest (A),0,0,0,0,0,0,0,0,0,0,0,0,0,0,0.0,0.0,0.0,0,0.0,0.0,Joël Piroe
348,Joël,Piroe,Piroe,FWD,Leeds,2,5000000,Brentford (H),0,0,0,0,0,0,0,0,0,0,0,0,0,0,0.0,0.0,0.0,0,0.0,0.0,Joël Piroe
348,Joël,Piroe,Piroe,FWD,Leeds,3,5000000,Brighton (A),0,0,0,0,0,0,0,0,0,0,0,0,0,0,0.0,0.0,0.0,0,0.0,0.0,Joël Piroe
348,Joël,Piroe,Piroe,FWD,Leeds,4,5000000,Newcastle (H),0,0,0,0,0,0,0,0,0,0,0,0,0,0,0.0,0.0,0.0,0,0.0,0.0,Joël Piroe
351,Giorgi,Mamardashvili,Mamardashvili,GK,Liverpool,1,5000000,Newcastle (A),0,0,0,0,0,0,0,0,0,0,0,0,0,0,0.0,0.0,0.0,0,0.0,0.0,Giorgi Mamardashvili
351,Giorgi,Mamardashvili,Mamardashvili,GK,Liverpool,2,5000000,Nott'm Forest (H),0,0,0,0,0,0,0,0,0,0,0,0,0,0,0.0,0.0,0.0,0,0.0,0.0,Giorgi Mamardashvili
359,Joe,Gomez,Gomez,DEF,Liverpool,1,5000000,Newcastle (A),0,0,0,0,0,0,0,0,0,0,0,0,0,0,0.0,0.0,0.0,0,0.0,0.0,Joe Gomez
359,Joe,Gomez,Gomez,DEF,Liverpool,2,5000000,Nott'm Forest (H),0,0,0,0,0,0,0,0,0,0,0,0,0,0,0.0,0.0,0.0,0,0.0,0.0,Joe Gomez
359,Joe,Gomez,Gomez,DEF,Liverpool,3,5000000,Ipswich Town (A),0,0,0,0,0,0,0,0,0,0,0,0,0,0,0.0,0.0,0.0,0,0.0,0.0,Joe Gomez
359,Joe,Gomez,Gomez,DEF,Liverpool,4,5000000,Fulham (H),0,0,0,0,0,0,0,0,0,0,0,0,0,0,0.0,0.0,0.0,0,0.0,0.0,Joe Gomez
360,Conor,Bradley,Bradley,DEF,Liverpool,1,5000000,Newcastle (A),0,0,0,0,0,0,0,0,0,0,0,0,0,0,0.0,0.0,0.0,0,0.0,0.0,Conor Bradley
360,Conor,Bradley,Bradley,DEF,Liverpool,2,5000000,Nott'm Forest (H),0,0,0,0,0,0,0,0,0,0,0,0,0,0,0.0,0.0,0.0,0,0.0,0.0,Conor Bradley
360,Conor,Bradley,Bradley,DEF,Liverpool,3,5000000,Ipswich Town (A),0,0,0,0,0,0,0,0,0,0,0,0,0,0,0.0,0.0,0.0,0,0.0,0.0,Conor Bradley
360,Conor,Bradley,Bradley,DEF,Liverpool,4,5000000,Fulham (H),0,0,0,0,0,0,0,0,0,0,0,0,0,0,0.0,0.0,0.0,0,0.0,0.0,Conor Bradley
364,Kostas,Tsimikas,Tsimikas,DEF,Liverpool,1,5000000,Newcastle (A),0,0,0,0,0,0,0,0,0,0,0,0,0,0,0.0,0.0,0.0,0,0.0,0.0,Kostas Tsimikas
364,Kostas,Tsimikas,Tsimikas,DEF,Liverpool,3,5000000,Ipswich Town (A),0,0,0,0,0,0,0,0,0,0,0,0,0,0,0.0,0.0,0.0,0,0.0,0.0,Kostas Tsimikas
374,Endo,Endo,Wataru,MID,Liverpool,1,5000000,Newcastle (A),0,0,0,0,0,0,0,0,0,0,0,0,0,0,0.0,0.0,0.0,0,0.0,0.0,Endo Wataru
374,Endo,Endo,Wataru,MID,Liverpool,2,5000000,Nott'm Forest (H),0,0,0,0,0,0,0,0,0,0,0,0,0,0,0.0,0.0,0.0,0,0.0,0.0,Endo Wataru
374,Endo,Endo,Wataru,MID,Liverpool,3,5000000,Ipswich Town (A),0,0,0,0,0,0,0,0,0,0,0,0,0,0,0.0,0.0,0.0,0,0.0,0.0,Endo Wataru
375,Trey,Nyoni,Nyoni,MID,Liverpool,1,5000000,Newcastle (A),0,0,0,0,0,0,0,0,0,0,0,0,0,0,0.0,0.0,0.0,0,0.0,0.0,Trey Nyoni
376,Stefan,Bajcetic,Bajčetić Maquieira,MID,Liverpool,1,5000000,Newcastle (A),0,0,0,0,0,0,0,0,0,0,0,0,0,0,0.0,0.0,0.0,0,0.0,0.0,Stefan Bajčetić Maquieira
376,Stefan,Bajcetic,Bajčetić Maquieira,MID,Liverpool,2,5000000,Nott'm Forest (H),0,0,0,0,0,0,0,0,0,0,0,0,0,0,0.0,0.0,0.0,0,0.0,0.0,Stefan Bajčetić Maquieira
376,Stefan,Bajcetic,Bajčetić Maquieira,MID,Liverpool,3,5000000,Ipswich Town (A),0,0,0,0,0,0,0,0,0,0,0,0,0,0,0.0,0.0,0.0,0,0.0,0.0,Stefan Bajčetić Maquieira
376,Stefan,Bajcetic,Bajčetić Maquieira,MID,Liverpool,4,5000000,Fulham (H),0,0,0,0,0,0,0,0,0,0,0,0,0,0,0.0,0.0,0.0,0,0.0,0.0,Stefan Bajčetić Maquieira
381,Lewis,Koumas,Koumas,MID,Liverpool,2,5000000,Nott'm Forest (H),0,0,0,0,0,0,0,0,0,0,0,0,0,0,0.0,0.0,0.0,0,0.0,0.0,Lewis Koumas
381,Lewis,Koumas,Koumas,MID,Liverpool,4,5000000,Fulham (H),0,0,0,0,0,0,0,0,0,0,0,0,0,0,0.0,0.0,0.0,0,0.0,0.0,Lewis Koumas
394,Max,Alleyne,Alleyne,DEF,Man City,1,5000000,Bournemouth (H),0,0,0,0,0,0,0,0,0,0,0,0,0,0,0.0,0.0,0.0,0,0.0,0.0,Max Alleyne
394,Max,Alleyne,Alleyne,DEF,Man City,2,5000000,Crystal Palace (A),0,0,0,0,0,0,0,0,0,0,0,0,0,0,0.0,0.0,0.0,0,0.0,0.0,Max Alleyne
394,Max,Alleyne,Alleyne,DEF,Man City,3,5000000,Coventry City (H),0,0,0,0,0,0,0,0,0,0,0,0,0,0,0.0,0.0,0.0,0,0.0,0.0,Max Alleyne
394,Max,Alleyne,Alleyne,DEF,Man City,4,5000000,Man Utd (A),0,0,0,0,0,0,0,0,0,0,0,0,0,0,0.0,0.0,0.0,0,0.0,0.0,Max Alleyne
407,Claudio,Echeverri,Echeverri,MID,Man City,1,5000000,Bournemouth (H),0,0,0,0,0,0,0,0,0,0,0,0,0,0,0.0,0.0,0.0,0,0.0,0.0,Claudio Echeverri
407,Claudio,Echeverri,Echeverri,MID,Man City,2,5000000,Crystal Palace (A),0,0,0,0,0,0,0,0,0,0,0,0,0,0,0.0,0.0,0.0,0,0.0,0.0,Claudio Echeverri
408,Kalvin,Phillips,Phillips,MID,Man City,1,5000000,Bournemouth (H),0,0,0,0,0,0,0,0,0,0,0,0,0,0,0.0,0.0,0.0,0,0.0,0.0,Kalvin Phillips
408,Kalvin,Phillips,Phillips,MID,Man City,2,5000000,Crystal Palace (A),0,0,0,0,0,0,0,0,0,0,0,0,0,0,0.0,0.0,0.0,0,0.0,0.0,Kalvin Phillips
408,Kalvin,Phillips,Phillips,MID,Man City,3,5000000,Coventry City (H),0,0,0,0,0,0,0,0,0,0,0,0,0,0,0.0,0.0,0.0,0,0.0,0.0,Kalvin Phillips
408,Kalvin,Phillips,Phillips,MID,Man City,4,5000000,Man Utd (A),0,0,0,0,0,0,0,0,0,0,0,0,0,0,0.0,0.0,0.0,0,0.0,0.0,Kalvin Phillips
410,Jeremy,Monga,Monga,MID,Man City,1,5000000,Bournemouth (H),0,0,0,0,0,0,0,0,0,0,0,0,0,0,0.0,0.0,0.0,0,0.0,0.0,Jeremy Monga
410,Jeremy,Monga,Monga,MID,Man City,2,5000000,Crystal Palace (A),0,0,0,0,0,0,0,0,0,0,0,0,0,0,0.0,0.0,0.0,0,0.0,0.0,Jeremy Monga
416,Matthijs,De Ligt,de Ligt,DEF,Man Utd,1,5000000,Hull City (A),0,0,0,0,0,0,0,0,0,0,0,0,0,0,0.0,0.0,0.0,0,0.0,0.0,Matthijs de Ligt
416,Matthijs,De Ligt,de Ligt,DEF,Man Utd,2,5000000,Ipswich Town (H),0,0,0,0,0,0,0,0,0,0,0,0,0,0,0.0,0.0,0.0,0,0.0,0.0,Matthijs de Ligt
416,Matthijs,De Ligt,de Ligt,DEF,Man Utd,3,5000000,Everton (A),0,0,0,0,0,0,0,0,0,0,0,0,0,0,0.0,0.0,0.0,0,0.0,0.0,Matthijs de Ligt
416,Matthijs,De Ligt,de Ligt,DEF,Man Utd,4,5000000,Man City (H),0,0,0,0,0,0,0,0,0,0,0,0,0,0,0.0,0.0,0.0,0,0.0,0.0,Matthijs de Ligt
419,Lisandro,Martinez,Martínez,DEF,Man Utd,1,5000000,Hull City (A),0,0,0,0,0,0,0,0,0,0,0,0,0,0,0.0,0.0,0.0,0,0.0,0.0,Lisandro Martínez
420,Leny,Yoro,Yoro,DEF,Man Utd,1,5000000,Hull City (A),0,0,0,0,0,0,0,0,0,0,0,0,0,0,0.0,0.0,0.0,0,0.0,0.0,Leny Yoro
433,Manuel,Ugarte,Ugarte Ribeiro,MID,Man Utd,1,5000000,Hull City (A),0,0,0,0,0,0,0,0,0,0,0,0,0,0,0.0,0.0,0.0,0,0.0,0.0,Manuel Ugarte Ribeiro
433,Manuel,Ugarte,Ugarte Ribeiro,MID,Man Utd,2,5000000,Ipswich Town (H),0,0,0,0,0,0,0,0,0,0,0,0,0,0,0.0,0.0,0.0,0,0.0,0.0,Manuel Ugarte Ribeiro
433,Manuel,Ugarte,Ugarte Ribeiro,MID,Man Utd,3,5000000,Everton (A),0,0,0,0,0,0,0,0,0,0,0,0,0,0,0.0,0.0,0.0,0,0.0,0.0,Manuel Ugarte Ribeiro
433,Manuel,Ugarte,Ugarte Ribeiro,MID,Man Utd,4,5000000,Man City (H),0,0,0,0,0,0,0,0,0,0,0,0,0,0,0.0,0.0,0.0,0,0.0,0.0,Manuel Ugarte Ribeiro
434,Jack,J.Fletcher,Fletcher,MID,Man Utd,1,5000000,Hull City (A),0,0,0,0,0,0,0,0,0,0,0,0,0,0,0.0,0.0,0.0,0,0.0,0.0,Jack Fletcher
434,Jack,J.Fletcher,Fletcher,MID,Man Utd,2,5000000,Ipswich Town (H),0,0,0,0,0,0,0,0,0,0,0,0,0,0,0.0,0.0,0.0,0,0.0,0.0,Jack Fletcher
434,Jack,J.Fletcher,Fletcher,MID,Man Utd,3,5000000,Everton (A),0,0,0,0,0,0,0,0,0,0,0,0,0,0,0.0,0.0,0.0,0,0.0,0.0,Jack Fletcher
435,Shea,Lacey,Lacey,MID,Man Utd,2,5000000,Ipswich Town (H),0,0,0,0,0,0,0,0,0,0,0,0,0,0,0.0,0.0,0.0,0,0.0,0.0,Shea Lacey
435,Shea,Lacey,Lacey,MID,Man Utd,3,5000000,Everton (A),0,0,0,0,0,0,0,0,0,0,0,0,0,0,0.0,0.0,0.0,0,0.0,0.0,Shea Lacey
436,Toby,Collyer,Collyer,MID,Man Utd,1,5000000,Hull City (A),0,0,0,0,0,0,0,0,0,0,0,0,0,0,0.0,0.0,0.0,0,0.0,0.0,Toby Collyer
436,Toby,Collyer,Collyer,MID,Man Utd,2,5000000,Ipswich Town (H),0,0,0,0,0,0,0,0,0,0,0,0,0,0,0.0,0.0,0.0,0,0.0,0.0,Toby Collyer
436,Toby,Collyer,Collyer,MID,Man Utd,3,5000000,Everton (A),0,0,0,0,0,0,0,0,0,0,0,0,0,0,0.0,0.0,0.0,0,0.0,0.0,Toby Collyer
436,Toby,Collyer,Collyer,MID,Man Utd,4,5000000,Man City (H),0,0,0,0,0,0,0,0,0,0,0,0,0,0,0.0,0.0,0.0,0,0.0,0.0,Toby Collyer
442,Nick,Pope,Pope,GK,Newcastle,1,5000000,Liverpool (H),0,0,0,0,0,0,0,0,0,0,0,0,0,0,0.0,0.0,0.0,0,0.0,0.0,Nick Pope
442,Nick,Pope,Pope,GK,Newcastle,2,5000000,Spurs (A),0,0,0,0,0,0,0,0,0,0,0,0,0,0,0.0,0.0,0.0,0,0.0,0.0,Nick Pope
442,Nick,Pope,Pope,GK,Newcastle,3,5000000,Bournemouth (H),0,0,0,0,0,0,0,0,0,0,0,0,0,0,0.0,0.0,0.0,0,0.0,0.0,Nick Pope
446,Fabian,Schär,Schär,DEF,Newcastle,2,5000000,Spurs (A),0,0,0,0,0,0,0,0,0,0,0,0,0,0,0.0,0.0,0.0,0,0.0,0.0,Fabian Schär
446,Fabian,Schär,Schär,DEF,Newcastle,3,5000000,Bournemouth (H),0,0,0,0,0,0,0,0,0,0,0,0,0,0,0.0,0.0,0.0,0,0.0,0.0,Fabian Schär
446,Fabian,Schär,Schär,DEF,Newcastle,4,5000000,Leeds (A),0,0,0,0,0,0,0,0,0,0,0,0,0,0,0.0,0.0,0.0,0,0.0,0.0,Fabian Schär
448,Dan,Burn,Burn,DEF,Newcastle,1,5000000,Liverpool (H),0,0,0,0,0,0,0,0,0,0,0,0,0,0,0.0,0.0,0.0,0,0.0,0.0,Dan Burn
448,Dan,Burn,Burn,DEF,Newcastle,2,5000000,Spurs (A),0,0,0,0,0,0,0,0,0,0,0,0,0,0,0.0,0.0,0.0,0,0.0,0.0,Dan Burn
450,Tino,Livramento,Livramento,DEF,Newcastle,1,5000000,Liverpool (H),0,0,0,0,0,0,0,0,0,0,0,0,0,0,0.0,0.0,0.0,0,0.0,0.0,Tino Livramento
450,Tino,Livramento,Livramento,DEF,Newcastle,2,5000000,Spurs (A),0,0,0,0,0,0,0,0,0,0,0,0,0,0,0.0,0.0,0.0,0,0.0,0.0,Tino Livramento
470,Felipe,Morato,Rodrigues da Silva,DEF,Nott'm Forest,1,5000000,Leeds (H),0,0,0,0,0,0,0,0,0,0,0,0,0,0,0.0,0.0,0.0,0,0.0,0.0,Felipe Rodrigues da Silva
470,Felipe,Morato,Rodrigues da Silva,DEF,Nott'm Forest,2,5000000,Liverpool (A),0,0,0,0,0,0,0,0,0,0,0,0,0,0,0.0,0.0,0.0,0,0.0,0.0,Felipe Rodrigues da Silva
470,Felipe,Morato,Rodrigues da Silva,DEF,Nott'm Forest,3,5000000,Spurs (H),0,0,0,0,0,0,0,0,0,0,0,0,0,0,0.0,0.0,0.0,0,0.0,0.0,Felipe Rodrigues da Silva
470,Felipe,Morato,Rodrigues da Silva,DEF,Nott'm Forest,4,5000000,Aston Villa (A),0,0,0,0,0,0,0,0,0,0,0,0,0,0,0.0,0.0,0.0,0,0.0,0.0,Felipe Rodrigues da Silva
487,Nicolás,Dominguez,Domínguez,MID,Nott'm Forest,1,5000000,Leeds (H),0,0,0,0,0,0,0,0,0,0,0,0,0,0,0.0,0.0,0.0,0,0.0,0.0,Nicolás Domínguez
487,Nicolás,Dominguez,Domínguez,MID,Nott'm Forest,3,5000000,Spurs (H),0,0,0,0,0,0,0,0,0,0,0,0,0,0,0.0,0.0,0.0,0,0.0,0.0,Nicolás Domínguez
488,Ibrahim,I.Sangaré,Sangaré,MID,Nott'm Forest,2,5000000,Liverpool (A),0,0,0,0,0,0,0,0,0,0,0,0,0,0,0.0,0.0,0.0,0,0.0,0.0,Ibrahim Sangaré
500,Cristian,Romero,Romero,DEF,Spurs,1,5000000,Brentford (A),0,0,0,0,0,0,0,0,0,0,0,0,0,0,0.0,0.0,0.0,0,0.0,0.0,Cristian Romero
500,Cristian,Romero,Romero,DEF,Spurs,2,5000000,Newcastle (H),0,0,0,0,0,0,0,0,0,0,0,0,0,0,0.0,0.0,0.0,0,0.0,0.0,Cristian Romero
500,Cristian,Romero,Romero,DEF,Spurs,3,5000000,Nott'm Forest (A),0,0,0,0,0,0,0,0,0,0,0,0,0,0,0.0,0.0,0.0,0,0.0,0.0,Cristian Romero
500,Cristian,Romero,Romero,DEF,Spurs,4,5000000,Everton (H),0,0,0,0,0,0,0,0,0,0,0,0,0,0,0.0,0.0,0.0,0,0.0,0.0,Cristian Romero
501,Kevin,Danso,Danso,DEF,Sunderland,1,5000000,Brentford (A),0,0,0,0,0,0,0,0,0,0,0,0,0,0,0.0,0.0,0.0,0,0.0,0.0,Kevin Danso
501,Kevin,Danso,Danso,DEF,Sunderland,2,5000000,Newcastle (H),0,0,0,0,0,0,0,0,0,0,0,0,0,0,0.0,0.0,0.0,0,0.0,0.0,Kevin Danso
503,Micky,Van de Ven,van de Ven,DEF,Spurs,1,5000000,Brentford (A),0,0,0,0,0,0,0,0,0,0,0,0,0,0,0.0,0.0,0.0,0,0.0,0.0,Micky van de Ven
518,Pape Matar,P.M.Sarr,Sarr,MID,Spurs,1,5000000,Brentford (A),0,0,0,0,0,0,0,0,0,0,0,0,0,0,0.0,0.0,0.0,0,0.0,0.0,Pape Matar Sarr
522,Archie,Gray,Gray,MID,Spurs,3,5000000,Nott'm Forest (A),0,0,0,0,0,0,0,0,0,0,0,0,0,0,0.0,0.0,0.0,0,0.0,0.0,Archie Gray
523,Mikey,Moore,Moore,MID,Spurs,3,5000000,Nott'm Forest (A),0,0,0,0,0,0,0,0,0,0,0,0,0,0,0.0,0.0,0.0,0,0.0,0.0,Mikey Moore
523,Mikey,Moore,Moore,MID,Spurs,4,5000000,Everton (H),0,0,0,0,0,0,0,0,0,0,0,0,0,0,0.0,0.0,0.0,0,0.0,0.0,Mikey Moore
535,Omar,Alderete,Alderete,DEF,Sunderland,2,5000000,Fulham (H),0,0,0,0,0,0,0,0,0,0,0,0,0,0,0.0,0.0,0.0,0,0.0,0.0,Omar Alderete
535,Omar,Alderete,Alderete,DEF,Sunderland,3,5000000,Brentford (A),0,0,0,0,0,0,0,0,0,0,0,0,0,0,0.0,0.0,0.0,0,0.0,0.0,Omar Alderete
546,Simon,Adingra,Adingra,MID,Sunderland,1,5000000,Ipswich Town (A),0,0,0,0,0,0,0,0,0,0,0,0,0,0,0.0,0.0,0.0,0,0.0,0.0,Simon Adingra
546,Simon,Adingra,Adingra,MID,Sunderland,2,5000000,Fulham (H),0,0,0,0,0,0,0,0,0,0,0,0,0,0,0.0,0.0,0.0,0,0.0,0.0,Simon Adingra
547,Romaine,Mundle,Mundle,MID,Sunderland,1,5000000,Ipswich Town (A),0,0,0,0,0,0,0,0,0,0,0,0,0,0,0.0,0.0,0.0,0,0.0,0.0,Romaine Mundle
547,Romaine,Mundle,Mundle,MID,Sunderland,3,5000000,Brentford (A),0,0,0,0,0,0,0,0,0,0,0,0,0,0,0.0,0.0,0.0,0,0.0,0.0,Romaine Mundle
548,Chris,Rigg,Rigg,MID,Sunderland,3,5000000,Brentford (A),0,0,0,0,0,0,0,0,0,0,0,0,0,0,0.0,0.0,0.0,0,0.0,0.0,Chris Rigg
550,Djiamgone Jocelin Ta,Jocelin.T,Bi,MID,Sunderland,1,5000000,Ipswich Town (A),0,0,0,0,0,0,0,0,0,0,0,0,0,0,0.0,0.0,0.0,0,0.0,0.0,Djiamgone Jocelin Ta Bi
550,Djiamgone Jocelin Ta,Jocelin.T,Bi,MID,Sunderland,2,5000000,Fulham (H),0,0,0,0,0,0,0,0,0,0,0,0,0,0,0.0,0.0,0.0,0,0.0,0.0,Djiamgone Jocelin Ta Bi
550,Djiamgone Jocelin Ta,Jocelin.T,Bi,MID,Sunderland,3,5000000,Brentford (A),0,0,0,0,0,0,0,0,0,0,0,0,0,0,0.0,0.0,0.0,0,0.0,0.0,Djiamgone Jocelin Ta Bi
550,Djiamgone Jocelin Ta,Jocelin.T,Bi,MID,Sunderland,4,5000000,Arsenal (H),0,0,0,0,0,0,0,0,0,0,0,0,0,0,0.0,0.0,0.0,0,0.0,0.0,Djiamgone Jocelin Ta Bi
559,Aladji,Bamba,Bamba,MID,Newcastle,2,5000000,Spurs (A),0,0,0,0,0,0,0,0,0,0,0,0,0,0,0.0,0.0,0.0,0,0.0,0.0,Aladji Bamba
559,Aladji,Bamba,Bamba,MID,Newcastle,3,5000000,Bournemouth (H),0,0,0,0,0,0,0,0,0,0,0,0,0,0,0.0,0.0,0.0,0,0.0,0.0,Aladji Bamba
563,Hidemasa,Morita,Morita,MID,Hull City,1,5000000,Man Utd (H),0,0,0,0,0,0,0,0,0,0,0,0,0,0,0.0,0.0,0.0,0,0.0,0.0,Hidemasa Morita
563,Hidemasa,Morita,Morita,MID,Hull City,3,5000000,Aston Villa (H),0,0,0,0,0,0,0,0,0,0,0,0,0,0,0.0,0.0,0.0,0,0.0,0.0,Hidemasa Morita
563,Hidemasa,Morita,Morita,MID,Hull City,4,5000000,Chelsea (A),0,0,0,0,0,0,0,0,0,0,0,0,0,0,0.0,0.0,0.0,0,0.0,0.0,Hidemasa Morita
571,Florentino Ibrain,Florentino,Morris Luís,MID,Ipswich Town,1,5000000,Sunderland (H),0,0,0,0,0,0,0,0,0,0,0,0,0,0,0.0,0.0,0.0,0,0.0,0.0,Florentino Ibrain Morris Luís
571,Florentino Ibrain,Florentino,Morris Luís,MID,Ipswich Town,2,5000000,Man Utd (A),0,0,0,0,0,0,0,0,0,0,0,0,0,0,0.0,0.0,0.0,0,0.0,0.0,Florentino Ibrain Morris Luís
574,Jens,Hjertø-Dahl,Hjertø-Dahl,MID,Hull City,1,5000000,Man Utd (H),0,0,0,0,0,0,0,0,0,0,0,0,0,0,0.0,0.0,0.0,0,0.0,0.0,Jens Hjertø-Dahl
574,Jens,Hjertø-Dahl,Hjertø-Dahl,MID,Hull City,2,5000000,Coventry City (A),0,0,0,0,0,0,0,0,0,0,0,0,0,0,0.0,0.0,0.0,0,0.0,0.0,Jens Hjertø-Dahl
587,Gerónimo,Rulli,Rulli,GK,Man City,1,5000000,Bournemouth (H),0,0,0,0,0,0,0,0,0,0,0,0,0,0,0.0,0.0,0.0,0,0.0,0.0,Gerónimo Rulli
587,Gerónimo,Rulli,Rulli,GK,Man City,2,5000000,Crystal Palace (A),0,0,0,0,0,0,0,0,0,0,0,0,0,0,0.0,0.0,0.0,0,0.0,0.0,Gerónimo Rulli
587,Gerónimo,Rulli,Rulli,GK,Man City,3,5000000,Coventry City (H),0,0,0,0,0,0,0,0,0,0,0,0,0,0,0.0,0.0,0.0,0,0.0,0.0,Gerónimo Rulli
587,Gerónimo,Rulli,Rulli,GK,Man City,4,5000000,Man Utd (A),0,0,0,0,0,0,0,0,0,0,0,0,0,0,0.0,0.0,0.0,0,0.0,0.0,Gerónimo Rulli
589,Lucas,Gourna-Douath,Gourna-Douath,MID,Hull City,1,5000000,Man Utd (H),0,0,0,0,0,0,0,0,0,0,0,0,0,0,0.0,0.0,0.0,0,0.0,0.0,Lucas Gourna-Douath
589,Lucas,Gourna-Douath,Gourna-Douath,MID,Hull City,4,5000000,Chelsea (A),0,0,0,0,0,0,0,0,0,0,0,0,0,0,0.0,0.0,0.0,0,0.0,0.0,Lucas Gourna-Douath
595,Zavier,Gozo,Gozo,MID,Crystal Palace,1,5000000,Everton (A),0,0,0,0,0,0,0,0,0,0,0,0,0,0,0.0,0.0,0.0,0,0.0,0.0,Zavier Gozo
595,Zavier,Gozo,Gozo,MID,Crystal Palace,3,5000000,Fulham (A),0,0,0,0,0,0,0,0,0,0,0,0,0,0,0.0,0.0,0.0,0,0.0,0.0,Zavier Gozo
597,Zion,Suzuki,Suzuki,GK,Aston Villa,1,5000000,Brighton (A),0,0,0,0,0,0,0,0,0,0,0,0,0,0,0.0,0.0,0.0,0,0.0,0.0,Zion Suzuki
599,Sidiki,Cherif,Cherif,FWD,Coventry City,1,5000000,Arsenal (A),0,0,0,0,0,0,0,0,0,0,0,0,0,0,0.0,0.0,0.0,0,0.0,0.0,Sidiki Cherif
599,Sidiki,Cherif,Cherif,FWD,Coventry City,2,5000000,Hull City (H),0,0,0,0,0,0,0,0,0,0,0,0,0,0,0.0,0.0,0.0,0,0.0,0.0,Sidiki Cherif
599,Sidiki,Cherif,Cherif,FWD,Coventry City,3,5000000,Man City (A),0,0,0,0,0,0,0,0,0,0,0,0,0,0,0.0,0.0,0.0,0,0.0,0.0,Sidiki Cherif
600,Ibrahim,Osman,Osman,MID,Brighton,3,5000000,Leeds (H),0,0,0,0,0,0,0,0,0,0,0,0,0,0,0.0,0.0,0.0,0,0.0,0.0,Ibrahim Osman
608,Daniel,Jebbison,Jebbison,FWD,Bournemouth,2,5000000,Everton (H),0,0,0,0,0,0,0,0,0,0,0,0,0,0,0.0,0.0,0.0,0,0.0,0.0,Daniel Jebbison
608,Daniel,Jebbison,Jebbison,FWD,Bournemouth,4,5000000,Brentford (H),0,0,0,0,0,0,0,0,0,0,0,0,0,0,0.0,0.0,0.0,0,0.0,0.0,Daniel Jebbison
624,Amario,Cozier-Duberry,Cozier-Duberry,MID,Brighton,2,5000000,Chelsea (A),0,0,0,0,0,0,0,0,0,0,0,0,0,0,0.0,0.0,0.0,0,0.0,0.0,Amario Cozier-Duberry
624,Amario,Cozier-Duberry,Cozier-Duberry,MID,Brighton,3,5000000,Leeds (H),0,0,0,0,0,0,0,0,0,0,0,0,0,0,0.0,0.0,0.0,0,0.0,0.0,Amario Cozier-Duberry
624,Amario,Cozier-Duberry,Cozier-Duberry,MID,Brighton,4,5000000,Coventry City (A),0,0,0,0,0,0,0,0,0,0,0,0,0,0,0.0,0.0,0.0,0,0.0,0.0,Amario Cozier-Duberry
632,Ilyas,Ansah,Ansah,FWD,Hull City,3,5000000,Aston Villa (H),0,0,0,0,0,0,0,0,0,0,0,0,0,0,0.0,0.0,0.0,0,0.0,0.0,Ilyas Ansah
632,Ilyas,Ansah,Ansah,FWD,Hull City,4,5000000,Chelsea (A),0,0,0,0,0,0,0,0,0,0,0,0,0,0,0.0,0.0,0.0,0,0.0,0.0,Ilyas Ansah
636,Manuel Ángel,Ángel,Morán Ibáñez,MID,Fulham,3,5000000,Crystal Palace (H),0,0,0,0,0,0,0,0,0,0,0,0,0,0,0.0,0.0,0.0,0,0.0,0.0,Manuel Ángel Morán Ibáñez
636,Manuel Ángel,Ángel,Morán Ibáñez,MID,Fulham,4,5000000,Liverpool (A),0,0,0,0,0,0,0,0,0,0,0,0,0,0,0.0,0.0,0.0,0,0.0,0.0,Manuel Ángel Morán Ibáñez
637,Robinio,Vaz,Vaz,FWD,Hull City,3,5000000,Aston Villa (H),0,0,0,0,0,0,0,0,0,0,0,0,0,0,0.0,0.0,0.0,0,0.0,0.0,Robinio Vaz
645,Christos,Mouzakitis,Mouzakitis,MID,Hull City,3,5000000,Aston Villa (H),0,0,0,0,0,0,0,0,0,0,0,0,0,0,0.0,0.0,0.0,0,0.0,0.0,Christos Mouzakitis
645,Christos,Mouzakitis,Mouzakitis,MID,Hull City,4,5000000,Chelsea (A),0,0,0,0,0,0,0,0,0,0,0,0,0,0,0.0,0.0,0.0,0,0.0,0.0,Christos Mouzakitis
648,Jean-Mattéo,Bahoya,Bahoya,MID,Leeds,3,5000000,Brighton (A),0,0,0,0,0,0,0,0,0,0,0,0,0,0,0.0,0.0,0.0,0,0.0,0.0,Jean-Mattéo Bahoya
648,Jean-Mattéo,Bahoya,Bahoya,MID,Leeds,4,5000000,Newcastle (H),0,0,0,0,0,0,0,0,0,0,0,0,0,0,0.0,0.0,0.0,0,0.0,0.0,Jean-Mattéo Bahoya
9,Piero,Hincapie,Hincapié,DEF,Arsenal,4,5300000,Sunderland (A),0,0,0,0,0,0,0,0,0,0,0,0,0,0,0.0,0.0,0.0,0,0.0,0.0,Piero Hincapié
20,Max,Dowman,Dowman,MID,Arsenal,4,5300000,Sunderland (A),0,0,0,0,0,0,0,0,0,0,0,0,0,0,0.0,0.0,0.0,0,0.0,0.0,Max Dowman
392,Rayan,Aït-Nouri,Aït-Nouri,DEF,Man City,4,5300000,Man Utd (A),0,0,0,0,0,0,0,0,0,0,0,0,0,0,0.0,0.0,0.0,0,0.0,0.0,Rayan Aït-Nouri
9,Piero,Hincapie,Hincapié,DEF,Arsenal,2,5400000,Aston Villa (A),0,0,0,0,0,0,0,0,0,0,0,0,0,0,0.0,0.0,0.0,0,0.0,0.0,Piero Hincapié
11,Cristhian,Mosquera,Mosquera,DEF,Arsenal,4,5400000,Sunderland (A),0,0,0,0,0,0,0,0,0,0,0,0,0,0,0.0,0.0,0.0,0,0.0,0.0,Cristhian Mosquera
20,Max,Dowman,Dowman,MID,Arsenal,2,5400000,Aston Villa (A),0,0,0,0,0,0,0,0,0,0,0,0,0,0,0.0,0.0,0.0,0,0.0,0.0,Max Dowman
20,Max,Dowman,Dowman,MID,Arsenal,3,5400000,Chelsea (H),0,0,0,0,0,0,0,0,0,0,0,0,0,0,0.0,0.0,0.0,0,0.0,0.0,Max Dowman
22,Ethan,Nwaneri,Nwaneri,MID,Arsenal,3,5400000,Chelsea (H),0,0,0,0,0,0,0,0,0,0,0,0,0,0,0.0,0.0,0.0,0,0.0,0.0,Ethan Nwaneri
22,Ethan,Nwaneri,Nwaneri,MID,Arsenal,4,5400000,Sunderland (A),0,0,0,0,0,0,0,0,0,0,0,0,0,0,0.0,0.0,0.0,0,0.0,0.0,Ethan Nwaneri
44,Leon,Bailey,Bailey,MID,Aston Villa,3,5400000,Hull City (A),0,0,0,0,0,0,0,0,0,0,0,0,0,0,0.0,0.0,0.0,0,0.0,0.0,Leon Bailey
44,Leon,Bailey,Bailey,MID,Aston Villa,4,5400000,Nott'm Forest (H),0,0,0,0,0,0,0,0,0,0,0,0,0,0,0.0,0.0,0.0,0,0.0,0.0,Leon Bailey
97,Mathias,Jensen,Jensen,MID,Brentford,4,5400000,Bournemouth (A),0,0,0,0,0,0,0,0,0,0,0,0,0,0,0.0,0.0,0.0,0,0.0,0.0,Mathias Jensen
125,Georginio,Georginio,Rutter,FWD,Brighton,4,5400000,Coventry City (A),0,0,0,0,0,0,0,0,0,0,0,0,0,0,0.0,0.0,0.0,0,0.0,0.0,Georginio Rutter
152,Marco,Palestra,Palestra,DEF,Chelsea,3,5400000,Arsenal (A),0,0,0,0,0,0,0,0,0,0,0,0,0,0,0.0,0.0,0.0,0,0.0,0.0,Marco Palestra
152,Marco,Palestra,Palestra,DEF,Chelsea,4,5400000,Hull City (H),0,0,0,0,0,0,0,0,0,0,0,0,0,0,0.0,0.0,0.0,0,0.0,0.0,Marco Palestra
159,Moisés,Caicedo,Caicedo Corozo,MID,Chelsea,3,5400000,Arsenal (A),0,0,0,0,0,0,0,0,0,0,0,0,0,0,0.0,0.0,0.0,0,0.0,0.0,Moisés Caicedo Corozo
159,Moisés,Caicedo,Caicedo Corozo,MID,Chelsea,4,5400000,Hull City (H),0,0,0,0,0,0,0,0,0,0,0,0,0,0,0.0,0.0,0.0,0,0.0,0.0,Moisés Caicedo Corozo
164,Geovany,Quenda,Quenda,MID,Chelsea,3,5400000,Arsenal (A),0,0,0,0,0,0,0,0,0,0,0,0,0,0,0.0,0.0,0.0,0,0.0,0.0,Geovany Quenda
164,Geovany,Quenda,Quenda,MID,Chelsea,4,5400000,Hull City (H),0,0,0,0,0,0,0,0,0,0,0,0,0,0,0.0,0.0,0.0,0,0.0,0.0,Geovany Quenda
188,Victor,Torp,Torp,MID,Coventry City,3,5400000,Man City (A),0,0,0,0,0,0,0,0,0,0,0,0,0,0,0.0,0.0,0.0,0,0.0,0.0,Victor Torp
190,Loum,Tchaouna,Tchaouna,MID,Coventry City,4,5400000,Brighton (H),0,0,0,0,0,0,0,0,0,0,0,0,0,0,0.0,0.0,0.0,0,0.0,0.0,Loum Tchaouna
193,Haji,Wright,Wright,FWD,Coventry City,3,5400000,Man City (A),0,0,0,0,0,0,0,0,0,0,0,0,0,0,0.0,0.0,0.0,0,0.0,0.0,Haji Wright
193,Haji,Wright,Wright,FWD,Coventry City,4,5400000,Brighton (H),0,0,0,0,0,0,0,0,0,0,0,0,0,0,0.0,0.0,0.0,0,0.0,0.0,Haji Wright
241,Dwight,McNeil,McNeil,MID,Crystal Palace,4,5400000,Ipswich Town (H),0,0,0,0,0,0,0,0,0,0,0,0,0,0,0.0,0.0,0.0,0,0.0,0.0,Dwight McNeil
245,Tyler,Dibling,Dibling,MID,Everton,3,5400000,Man Utd (H),0,0,0,0,0,0,0,0,0,0,0,0,0,0,0.0,0.0,0.0,0,0.0,0.0,Tyler Dibling
245,Tyler,Dibling,Dibling,MID,Everton,4,5400000,Spurs (A),0,0,0,0,0,0,0,0,0,0,0,0,0,0,0.0,0.0,0.0,0,0.0,0.0,Tyler Dibling
248,Norberto Bercique,Beto,Gomes Betuncal,FWD,Everton,3,5400000,Man Utd (H),0,0,0,0,0,0,0,0,0,0,0,0,0,0,0.0,0.0,0.0,0,0.0,0.0,Norberto Bercique Gomes Betuncal
248,Norberto Bercique,Beto,Gomes Betuncal,FWD,Everton,4,5400000,Spurs (A),0,0,0,0,0,0,0,0,0,0,0,0,0,0,0.0,0.0,0.0,0,0.0,0.0,Norberto Bercique Gomes Betuncal
263,Kevin,Kevin,Santos Lopes de Macedo,MID,Fulham,3,5400000,Crystal Palace (H),0,0,0,0,0,0,0,0,0,0,0,0,0,0,0.0,0.0,0.0,0,0.0,0.0,Kevin Santos Lopes de Macedo
318,Jaden,Philogene,Philogene,MID,Ipswich Town,3,5400000,Liverpool (H),0,0,0,0,0,0,0,0,0,0,0,0,0,0,0.0,0.0,0.0,0,0.0,0.0,Jaden Philogene
370,Federico,Chiesa,Chiesa,MID,Liverpool,3,5400000,Ipswich Town (A),0,0,0,0,0,0,0,0,0,0,0,0,0,0,0.0,0.0,0.0,0,0.0,0.0,Federico Chiesa
370,Federico,Chiesa,Chiesa,MID,Liverpool,4,5400000,Fulham (H),0,0,0,0,0,0,0,0,0,0,0,0,0,0,0.0,0.0,0.0,0,0.0,0.0,Federico Chiesa
383,Harvey,Elliott,Elliott,MID,Liverpool,3,5400000,Ipswich Town (A),0,0,0,0,0,0,0,0,0,0,0,0,0,0,0.0,0.0,0.0,0,0.0,0.0,Harvey Elliott
383,Harvey,Elliott,Elliott,MID,Liverpool,4,5400000,Fulham (H),0,0,0,0,0,0,0,0,0,0,0,0,0,0,0.0,0.0,0.0,0,0.0,0.0,Harvey Elliott
392,Rayan,Aït-Nouri,Aït-Nouri,DEF,Man City,3,5400000,Coventry City (H),0,0,0,0,0,0,0,0,0,0,0,0,0,0,0.0,0.0,0.0,0,0.0,0.0,Rayan Aït-Nouri
406,Mateo,Kovačić,Kovačić,MID,Man City,4,5400000,Man Utd (A),0,0,0,0,0,0,0,0,0,0,0,0,0,0,0.0,0.0,0.0,0,0.0,0.0,Mateo Kovačić
430,Mason,Mount,Mount,MID,Man Utd,3,5400000,Everton (A),0,0,0,0,0,0,0,0,0,0,0,0,0,0,0.0,0.0,0.0,0,0.0,0.0,Mason Mount
430,Mason,Mount,Mount,MID,Man Utd,4,5400000,Man City (H),0,0,0,0,0,0,0,0,0,0,0,0,0,0,0.0,0.0,0.0,0,0.0,0.0,Mason Mount
440,Joshua,Zirkzee,Zirkzee,FWD,Man Utd,3,5400000,Everton (A),0,0,0,0,0,0,0,0,0,0,0,0,0,0,0.0,0.0,0.0,0,0.0,0.0,Joshua Zirkzee
458,Joelinton Cássio,Joelinton,Apolinário de Lira,MID,Newcastle,3,5400000,Bournemouth (H),0,0,0,0,0,0,0,0,0,0,0,0,0,0,0.0,0.0,0.0,0,0.0,0.0,Joelinton Cássio Apolinário de Lira
458,Joelinton Cássio,Joelinton,Apolinário de Lira,MID,Newcastle,4,5400000,Leeds (A),0,0,0,0,0,0,0,0,0,0,0,0,0,0,0.0,0.0,0.0,0,0.0,0.0,Joelinton Cássio Apolinário de Lira
484,Omari,Hutchinson,Hutchinson,MID,Nott'm Forest,3,5400000,Spurs (H),0,0,0,0,0,0,0,0,0,0,0,0,0,0,0.0,0.0,0.0,0,0.0,0.0,Omari Hutchinson
484,Omari,Hutchinson,Hutchinson,MID,Nott'm Forest,4,5400000,Aston Villa (A),0,0,0,0,0,0,0,0,0,0,0,0,0,0,0.0,0.0,0.0,0,0.0,0.0,Omari Hutchinson
493,Arnaud,Kalimuendo,Kalimuendo,FWD,Nott'm Forest,3,5400000,Spurs (H),0,0,0,0,0,0,0,0,0,0,0,0,0,0,0.0,0.0,0.0,0,0.0,0.0,Arnaud Kalimuendo
493,Arnaud,Kalimuendo,Kalimuendo,FWD,Nott'm Forest,4,5400000,Aston Villa (A),0,0,0,0,0,0,0,0,0,0,0,0,0,0,0.0,0.0,0.0,0,0.0,0.0,Arnaud Kalimuendo
519,Conor,Gallagher,Gallagher,MID,Spurs,4,5400000,Everton (H),0,0,0,0,0,0,0,0,0,0,0,0,0,0,0.0,0.0,0.0,0,0.0,0.0,Conor Gallagher
520,Lucas,Bergvall,Bergvall,MID,Spurs,3,5400000,Nott'm Forest (A),0,0,0,0,0,0,0,0,0,0,0,0,0,0,0.0,0.0,0.0,0,0.0,0.0,Lucas Bergvall
543,Habib,Diarra,Diarra,MID,Sunderland,4,5400000,Arsenal (H),0,0,0,0,0,0,0,0,0,0,0,0,0,0,0.0,0.0,0.0,0,0.0,0.0,Habib Diarra
549,Chemsdine,Talbi,Talbi,MID,Sunderland,3,5400000,Brentford (A),0,0,0,0,0,0,0,0,0,0,0,0,0,0,0.0,0.0,0.0,0,0.0,0.0,Chemsdine Talbi
549,Chemsdine,Talbi,Talbi,MID,Sunderland,4,5400000,Arsenal (H),0,0,0,0,0,0,0,0,0,0,0,0,0,0,0.0,0.0,0.0,0,0.0,0.0,Chemsdine Talbi
578,Mykhailo,Mudryk,Mudryk,MID,Spurs,4,5400000,Everton (H),0,0,0,0,0,0,0,0,0,0,0,0,0,0,0.0,0.0,0.0,0,0.0,0.0,Mykhailo Mudryk
584,Gustavo,Hamer,Hamer,MID,Coventry City,4,5400000,Brighton (H),0,0,0,0,0,0,0,0,0,0,0,0,0,0,0.0,0.0,0.0,0,0.0,0.0,Gustavo Hamer
11,Cristhian,Mosquera,Mosquera,DEF,Arsenal,3,5500000,Chelsea (H),0,0,0,0,0,0,0,0,0,0,0,0,0,0,0.0,0.0,0.0,0,0.0,0.0,Cristhian Mosquera
20,Max,Dowman,Dowman,MID,Arsenal,1,5500000,Coventry City (H),0,0,0,0,0,0,0,0,0,0,0,0,0,0,0.0,0.0,0.0,0,0.0,0.0,Max Dowman
22,Ethan,Nwaneri,Nwaneri,MID,Arsenal,1,5500000,Coventry City (H),0,0,0,0,0,0,0,0,0,0,0,0,0,0,0.0,0.0,0.0,0,0.0,0.0,Ethan Nwaneri
22,Ethan,Nwaneri,Nwaneri,MID,Arsenal,2,5500000,Aston Villa (A),0,0,0,0,0,0,0,0,0,0,0,0,0,0,0.0,0.0,0.0,0,0.0,0.0,Ethan Nwaneri
23,Fábio,Fábio Vieira,Ferreira Vieira,MID,Arsenal,1,5500000,Coventry City (H),0,0,0,0,0,0,0,0,0,0,0,0,0,0,0.0,0.0,0.0,0,0.0,0.0,Fábio Ferreira Vieira
23,Fábio,Fábio Vieira,Ferreira Vieira,MID,Arsenal,2,5500000,Aston Villa (A),0,0,0,0,0,0,0,0,0,0,0,0,0,0,0.0,0.0,0.0,0,0.0,0.0,Fábio Ferreira Vieira
23,Fábio,Fábio Vieira,Ferreira Vieira,MID,Arsenal,3,5500000,Chelsea (H),0,0,0,0,0,0,0,0,0,0,0,0,0,0,0.0,0.0,0.0,0,0.0,0.0,Fábio Ferreira Vieira
23,Fábio,Fábio Vieira,Ferreira Vieira,MID,Arsenal,4,5500000,Sunderland (A),0,0,0,0,0,0,0,0,0,0,0,0,0,0,0.0,0.0,0.0,0,0.0,0.0,Fábio Ferreira Vieira
24,Reiss,Nelson,Nelson,MID,Arsenal,1,5500000,Coventry City (H),0,0,0,0,0,0,0,0,0,0,0,0,0,0,0.0,0.0,0.0,0,0.0,0.0,Reiss Nelson
24,Reiss,Nelson,Nelson,MID,Arsenal,2,5500000,Aston Villa (A),0,0,0,0,0,0,0,0,0,0,0,0,0,0,0.0,0.0,0.0,0,0.0,0.0,Reiss Nelson
24,Reiss,Nelson,Nelson,MID,Arsenal,3,5500000,Chelsea (H),0,0,0,0,0,0,0,0,0,0,0,0,0,0,0.0,0.0,0.0,0,0.0,0.0,Reiss Nelson
24,Reiss,Nelson,Nelson,MID,Arsenal,4,5500000,Sunderland (A),0,0,0,0,0,0,0,0,0,0,0,0,0,0,0.0,0.0,0.0,0,0.0,0.0,Reiss Nelson
42,Evann,Guessand,Guessand,MID,Crystal Palace,3,5500000,Fulham (A),0,0,0,0,0,0,0,0,0,0,0,0,0,0,0.0,0.0,0.0,0,0.0,0.0,Evann Guessand
42,Evann,Guessand,Guessand,MID,Crystal Palace,4,5500000,Ipswich Town (H),0,0,0,0,0,0,0,0,0,0,0,0,0,0,0.0,0.0,0.0,0,0.0,0.0,Evann Guessand
44,Leon,Bailey,Bailey,MID,Aston Villa,1,5500000,Brighton (A),0,0,0,0,0,0,0,0,0,0,0,0,0,0,0.0,0.0,0.0,0,0.0,0.0,Leon Bailey
44,Leon,Bailey,Bailey,MID,Aston Villa,2,5500000,Arsenal (H),0,0,0,0,0,0,0,0,0,0,0,0,0,0,0.0,0.0,0.0,0,0.0,0.0,Leon Bailey
54,Joao,Gomes,Gomes,MID,Aston Villa,2,5500000,Arsenal (H),0,0,0,0,0,0,0,0,0,0,0,0,0,0,0.0,0.0,0.0,0,0.0,0.0,Joao Gomes
54,Joao,Gomes,Gomes,MID,Aston Villa,3,5500000,Hull City (A),0,0,0,0,0,0,0,0,0,0,0,0,0,0,0.0,0.0,0.0,0,0.0,0.0,Joao Gomes
54,Joao,Gomes,Gomes,MID,Aston Villa,4,5500000,Nott'm Forest (H),0,0,0,0,0,0,0,0,0,0,0,0,0,0,0.0,0.0,0.0,0,0.0,0.0,Joao Gomes
56,Tammy,Abraham,Abraham,FWD,Aston Villa,1,5500000,Brighton (A),0,0,0,0,0,0,0,0,0,0,0,0,0,0,0.0,0.0,0.0,0,0.0,0.0,Tammy Abraham
80,Enes,Enes Ünal,Ünal,FWD,Bournemouth,1,5500000,Man City (A),0,0,0,0,0,0,0,0,0,0,0,0,0,0,0.0,0.0,0.0,0,0.0,0.0,Enes Ünal
80,Enes,Enes Ünal,Ünal,FWD,Bournemouth,2,5500000,Everton (H),0,0,0,0,0,0,0,0,0,0,0,0,0,0,0.0,0.0,0.0,0,0.0,0.0,Enes Ünal
80,Enes,Enes Ünal,Ünal,FWD,Bournemouth,3,5500000,Newcastle (A),0,0,0,0,0,0,0,0,0,0,0,0,0,0,0.0,0.0,0.0,0,0.0,0.0,Enes Ünal
80,Enes,Enes Ünal,Ünal,FWD,Bournemouth,4,5500000,Brentford (H),0,0,0,0,0,0,0,0,0,0,0,0,0,0,0.0,0.0,0.0,0,0.0,0.0,Enes Ünal
84,Nathan,Collins,Collins,DEF,Brentford,4,5500000,Bournemouth (A),0,0,0,0,0,0,0,0,0,0,0,0,0,0,0.0,0.0,0.0,0,0.0,0.0,Nathan Collins
97,Mathias,Jensen,Jensen,MID,Brentford,2,5500000,Leeds (A),0,0,0,0,0,0,0,0,0,0,0,0,0,0,0.0,0.0,0.0,0,0.0,0.0,Mathias Jensen
97,Mathias,Jensen,Jensen,MID,Brentford,3,5500000,Sunderland (H),0,0,0,0,0,0,0,0,0,0,0,0,0,0,0.0,0.0,0.0,0,0.0,0.0,Mathias Jensen
108,Callum,Wilson,Wilson,FWD,Brentford,4,5500000,Bournemouth (A),0,0,0,0,0,0,0,0,0,0,0,0,0,0,0.0,0.0,0.0,0,0.0,0.0,Callum Wilson
125,Georginio,Georginio,Rutter,FWD,Brighton,2,5500000,Chelsea (A),0,0,0,0,0,0,0,0,0,0,0,0,0,0,0.0,0.0,0.0,0,0.0,0.0,Georginio Rutter
125,Georginio,Georginio,Rutter,FWD,Brighton,3,5500000,Leeds (H),0,0,0,0,0,0,0,0,0,0,0,0,0,0,0.0,0.0,0.0,0,0.0,0.0,Georginio Rutter
126,Matt,O'Riley,O'Riley,MID,Brighton,1,5500000,Aston Villa (H),0,0,0,0,0,0,0,0,0,0,0,0,0,0,0.0,0.0,0.0,0,0.0,0.0,Matt O'Riley
126,Matt,O'Riley,O'Riley,MID,Brighton,2,5500000,Chelsea (A),0,0,0,0,0,0,0,0,0,0,0,0,0,0,0.0,0.0,0.0,0,0.0,0.0,Matt O'Riley
126,Matt,O'Riley,O'Riley,MID,Brighton,3,5500000,Leeds (H),0,0,0,0,0,0,0,0,0,0,0,0,0,0,0.0,0.0,0.0,0,0.0,0.0,Matt O'Riley
129,Yasin,Ayari,Ayari,MID,Brighton,2,5500000,Chelsea (A),0,0,0,0,0,0,0,0,0,0,0,0,0,0,0.0,0.0,0.0,0,0.0,0.0,Yasin Ayari
137,Stefanos,Tzimas,Tzimas,FWD,Brighton,1,5500000,Aston Villa (H),0,0,0,0,0,0,0,0,0,0,0,0,0,0,0.0,0.0,0.0,0,0.0,0.0,Stefanos Tzimas
137,Stefanos,Tzimas,Tzimas,FWD,Brighton,2,5500000,Chelsea (A),0,0,0,0,0,0,0,0,0,0,0,0,0,0,0.0,0.0,0.0,0,0.0,0.0,Stefanos Tzimas
137,Stefanos,Tzimas,Tzimas,FWD,Brighton,3,5500000,Leeds (H),0,0,0,0,0,0,0,0,0,0,0,0,0,0,0.0,0.0,0.0,0,0.0,0.0,Stefanos Tzimas
137,Stefanos,Tzimas,Tzimas,FWD,Brighton,4,5500000,Coventry City (A),0,0,0,0,0,0,0,0,0,0,0,0,0,0,0.0,0.0,0.0,0,0.0,0.0,Stefanos Tzimas
143,Trevoh,Chalobah,Chalobah,DEF,Chelsea,1,5500000,Fulham (A),0,0,0,0,0,0,0,0,0,0,0,0,0,0,0.0,0.0,0.0,0,0.0,0.0,Trevoh Chalobah
143,Trevoh,Chalobah,Chalobah,DEF,Chelsea,2,5500000,Brighton (H),0,0,0,0,0,0,0,0,0,0,0,0,0,0,0.0,0.0,0.0,0,0.0,0.0,Trevoh Chalobah
143,Trevoh,Chalobah,Chalobah,DEF,Chelsea,3,5500000,Arsenal (A),0,0,0,0,0,0,0,0,0,0,0,0,0,0,0.0,0.0,0.0,0,0.0,0.0,Trevoh Chalobah
143,Trevoh,Chalobah,Chalobah,DEF,Chelsea,4,5500000,Hull City (H),0,0,0,0,0,0,0,0,0,0,0,0,0,0,0.0,0.0,0.0,0,0.0,0.0,Trevoh Chalobah
152,Marco,Palestra,Palestra,DEF,Chelsea,1,5500000,Fulham (A),0,0,0,0,0,0,0,0,0,0,0,0,0,0,0.0,0.0,0.0,0,0.0,0.0,Marco Palestra
152,Marco,Palestra,Palestra,DEF,Chelsea,2,5500000,Brighton (H),0,0,0,0,0,0,0,0,0,0,0,0,0,0,0.0,0.0,0.0,0,0.0,0.0,Marco Palestra
159,Moisés,Caicedo,Caicedo Corozo,MID,Chelsea,1,5500000,Fulham (A),0,0,0,0,0,0,0,0,0,0,0,0,0,0,0.0,0.0,0.0,0,0.0,0.0,Moisés Caicedo Corozo
164,Geovany,Quenda,Quenda,MID,Chelsea,2,5500000,Brighton (H),0,0,0,0,0,0,0,0,0,0,0,0,0,0,0.0,0.0,0.0,0,0.0,0.0,Geovany Quenda
167,Liam,Delap,Delap,FWD,Nott'm Forest,1,5500000,Fulham (A),0,0,0,0,0,0,0,0,0,0,0,0,0,0,0.0,0.0,0.0,0,0.0,0.0,Liam Delap
186,Ephron,Mason-Clark,Mason-Clark,MID,Coventry City,1,5500000,Arsenal (A),0,0,0,0,0,0,0,0,0,0,0,0,0,0,0.0,0.0,0.0,0,0.0,0.0,Ephron Mason-Clark
193,Haji,Wright,Wright,FWD,Coventry City,1,5500000,Arsenal (A),0,0,0,0,0,0,0,0,0,0,0,0,0,0,0.0,0.0,0.0,0,0.0,0.0,Haji Wright
193,Haji,Wright,Wright,FWD,Coventry City,2,5500000,Hull City (H),0,0,0,0,0,0,0,0,0,0,0,0,0,0,0.0,0.0,0.0,0,0.0,0.0,Haji Wright
201,Daniel,Muñoz,Muñoz Mejía,DEF,Nott'm Forest,2,5500000,Man City (H),0,0,0,0,0,0,0,0,0,0,0,0,0,0,0.0,0.0,0.0,0,0.0,0.0,Daniel Muñoz Mejía
224,Eddie,Nketiah,Nketiah,FWD,Crystal Palace,4,5500000,Ipswich Town (H),0,0,0,0,0,0,0,0,0,0,0,0,0,0,0.0,0.0,0.0,0,0.0,0.0,Eddie Nketiah
241,Dwight,McNeil,McNeil,MID,Crystal Palace,3,5500000,Fulham (A),0,0,0,0,0,0,0,0,0,0,0,0,0,0,0.0,0.0,0.0,0,0.0,0.0,Dwight McNeil
245,Tyler,Dibling,Dibling,MID,Everton,1,5500000,Crystal Palace (H),0,0,0,0,0,0,0,0,0,0,0,0,0,0,0.0,0.0,0.0,0,0.0,0.0,Tyler Dibling
245,Tyler,Dibling,Dibling,MID,Everton,2,5500000,Bournemouth (A),0,0,0,0,0,0,0,0,0,0,0,0,0,0,0.0,0.0,0.0,0,0.0,0.0,Tyler Dibling
262,Emile,Smith Rowe,Smith Rowe,MID,Fulham,1,5500000,Chelsea (H),0,0,0,0,0,0,0,0,0,0,0,0,0,0,0.0,0.0,0.0,0,0.0,0.0,Emile Smith Rowe
271,Rodrigo,Muniz,Muniz Carvalho,FWD,Fulham,2,5500000,Sunderland (A),0,0,0,0,0,0,0,0,0,0,0,0,0,0,0.0,0.0,0.0,0,0.0,0.0,Rodrigo Muniz Carvalho
313,Jack,Clarke,Clarke,MID,Ipswich Town,2,5500000,Man Utd (A),0,0,0,0,0,0,0,0,0,0,0,0,0,0,0.0,0.0,0.0,0,0.0,0.0,Jack Clarke
318,Jaden,Philogene,Philogene,MID,Ipswich Town,1,5500000,Sunderland (H),0,0,0,0,0,0,0,0,0,0,0,0,0,0,0.0,0.0,0.0,0,0.0,0.0,Jaden Philogene
318,Jaden,Philogene,Philogene,MID,Ipswich Town,2,5500000,Man Utd (A),0,0,0,0,0,0,0,0,0,0,0,0,0,0,0.0,0.0,0.0,0,0.0,0.0,Jaden Philogene
347,Lukas,Nmecha,Nmecha,FWD,Leeds,1,5500000,Nott'm Forest (A),0,0,0,0,0,0,0,0,0,0,0,0,0,0,0.0,0.0,0.0,0,0.0,0.0,Lukas Nmecha
350,Alisson,A.Becker,Becker,GK,Liverpool,2,5500000,Nott'm Forest (H),0,90,0,0,0,2,0,0,0,1,0,1,0,0,0.0,0.0,1.0,0,0.0,0.0,Alisson Becker
357,Jeremie,Frimpong,Frimpong,DEF,Liverpool,3,5500000,Ipswich Town (A),0,0,0,0,0,0,0,0,0,0,0,0,0,0,0.0,0.0,0.0,0,0.0,0.0,Jeremie Frimpong
370,Federico,Chiesa,Chiesa,MID,Liverpool,1,5500000,Newcastle (A),0,0,0,0,0,0,0,0,0,0,0,0,0,0,0.0,0.0,0.0,0,0.0,0.0,Federico Chiesa
370,Federico,Chiesa,Chiesa,MID,Liverpool,2,5500000,Nott'm Forest (H),0,0,0,0,0,0,0,0,0,0,0,0,0,0,0.0,0.0,0.0,0,0.0,0.0,Federico Chiesa
373,Curtis,C.Jones,Jones,MID,Liverpool,1,5500000,Newcastle (A),0,0,0,0,0,0,0,0,0,0,0,0,0,0,0.0,0.0,0.0,0,0.0,0.0,Curtis Jones
373,Curtis,C.Jones,Jones,MID,Liverpool,2,5500000,Nott'm Forest (H),0,0,0,0,0,0,0,0,0,0,0,0,0,0,0.0,0.0,0.0,0,0.0,0.0,Curtis Jones
373,Curtis,C.Jones,Jones,MID,Liverpool,3,5500000,Ipswich Town (A),0,0,0,0,0,0,0,0,0,0,0,0,0,0,0.0,0.0,0.0,0,0.0,0.0,Curtis Jones
373,Curtis,C.Jones,Jones,MID,Liverpool,4,5500000,Fulham (H),0,0,0,0,0,0,0,0,0,0,0,0,0,0,0.0,0.0,0.0,0,0.0,0.0,Curtis Jones
383,Harvey,Elliott,Elliott,MID,Liverpool,1,5500000,Newcastle (A),0,0,0,0,0,0,0,0,0,0,0,0,0,0,0.0,0.0,0.0,0,0.0,0.0,Harvey Elliott
383,Harvey,Elliott,Elliott,MID,Liverpool,2,5500000,Nott'm Forest (H),0,0,0,0,0,0,0,0,0,0,0,0,0,0,0.0,0.0,0.0,0,0.0,0.0,Harvey Elliott
392,Rayan,Aït-Nouri,Aït-Nouri,DEF,Man City,1,5500000,Bournemouth (H),0,0,0,0,0,0,0,0,0,0,0,0,0,0,0.0,0.0,0.0,0,0.0,0.0,Rayan Aït-Nouri
392,Rayan,Aït-Nouri,Aït-Nouri,DEF,Man City,2,5500000,Crystal Palace (A),0,0,0,0,0,0,0,0,0,0,0,0,0,0,0.0,0.0,0.0,0,0.0,0.0,Rayan Aït-Nouri
393,Abdukodir,Khusanov,Khusanov,DEF,Man City,4,5500000,Man Utd (A),0,0,0,0,0,0,0,0,0,0,0,0,0,0,0.0,0.0,0.0,0,0.0,0.0,Abdukodir Khusanov
405,Nico,N.Gonzalez,González Iglesias,MID,Newcastle,1,5500000,Bournemouth (H),0,0,0,0,0,0,0,0,0,0,0,0,0,0,0.0,0.0,0.0,0,0.0,0.0,Nico González Iglesias
406,Mateo,Kovačić,Kovačić,MID,Man City,3,5500000,Coventry City (H),0,0,0,0,0,0,0,0,0,0,0,0,0,0,0.0,0.0,0.0,0,0.0,0.0,Mateo Kovačić
430,Mason,Mount,Mount,MID,Man Utd,1,5500000,Hull City (A),0,0,0,0,0,0,0,0,0,0,0,0,0,0,0.0,0.0,0.0,0,0.0,0.0,Mason Mount
430,Mason,Mount,Mount,MID,Man Utd,2,5500000,Ipswich Town (H),0,0,0,0,0,0,0,0,0,0,0,0,0,0,0.0,0.0,0.0,0,0.0,0.0,Mason Mount
440,Joshua,Zirkzee,Zirkzee,FWD,Man Utd,1,5500000,Hull City (A),0,0,0,0,0,0,0,0,0,0,0,0,0,0,0.0,0.0,0.0,0,0.0,0.0,Joshua Zirkzee
440,Joshua,Zirkzee,Zirkzee,FWD,Man Utd,2,5500000,Ipswich Town (H),0,0,0,0,0,0,0,0,0,0,0,0,0,0,0.0,0.0,0.0,0,0.0,0.0,Joshua Zirkzee
458,Joelinton Cássio,Joelinton,Apolinário de Lira,MID,Newcastle,1,5500000,Liverpool (H),0,0,0,0,0,0,0,0,0,0,0,0,0,0,0.0,0.0,0.0,0,0.0,0.0,Joelinton Cássio Apolinário de Lira
458,Joelinton Cássio,Joelinton,Apolinário de Lira,MID,Newcastle,2,5500000,Spurs (A),0,0,0,0,0,0,0,0,0,0,0,0,0,0,0.0,0.0,0.0,0,0.0,0.0,Joelinton Cássio Apolinário de Lira
471,Nikola,Milenković,Milenković,DEF,Nott'm Forest,4,5500000,Aston Villa (A),0,0,0,0,0,0,0,0,0,0,0,0,0,0,0.0,0.0,0.0,0,0.0,0.0,Nikola Milenković
484,Omari,Hutchinson,Hutchinson,MID,Nott'm Forest,1,5500000,Leeds (H),0,0,0,0,0,0,0,0,0,0,0,0,0,0,0.0,0.0,0.0,0,0.0,0.0,Omari Hutchinson
484,Omari,Hutchinson,Hutchinson,MID,Nott'm Forest,2,5500000,Liverpool (A),0,0,0,0,0,0,0,0,0,0,0,0,0,0,0.0,0.0,0.0,0,0.0,0.0,Omari Hutchinson
485,Dilane,Bakwa,Bakwa,MID,Nott'm Forest,1,5500000,Leeds (H),0,0,0,0,0,0,0,0,0,0,0,0,0,0,0.0,0.0,0.0,0,0.0,0.0,Dilane Bakwa
485,Dilane,Bakwa,Bakwa,MID,Nott'm Forest,2,5500000,Liverpool (A),0,0,0,0,0,0,0,0,0,0,0,0,0,0,0.0,0.0,0.0,0,0.0,0.0,Dilane Bakwa
485,Dilane,Bakwa,Bakwa,MID,Nott'm Forest,3,5500000,Spurs (H),0,0,0,0,0,0,0,0,0,0,0,0,0,0,0.0,0.0,0.0,0,0.0,0.0,Dilane Bakwa
485,Dilane,Bakwa,Bakwa,MID,Nott'm Forest,4,5500000,Aston Villa (A),0,0,0,0,0,0,0,0,0,0,0,0,0,0,0.0,0.0,0.0,0,0.0,0.0,Dilane Bakwa
493,Arnaud,Kalimuendo,Kalimuendo,FWD,Nott'm Forest,2,5500000,Liverpool (A),0,0,0,0,0,0,0,0,0,0,0,0,0,0,0.0,0.0,0.0,0,0.0,0.0,Arnaud Kalimuendo
499,Pedro,Pedro Porro,Porro Sauceda,DEF,Spurs,1,5500000,Brentford (A),0,0,0,0,0,0,0,0,0,0,0,0,0,0,0.0,0.0,0.0,0,0.0,0.0,Pedro Porro Sauceda
499,Pedro,Pedro Porro,Porro Sauceda,DEF,Spurs,4,5500000,Everton (H),0,0,0,0,0,0,0,0,0,0,0,0,0,0,0.0,0.0,0.0,0,0.0,0.0,Pedro Porro Sauceda
517,Wilson,Odobert,Odobert,MID,Spurs,1,5500000,Brentford (A),0,0,0,0,0,0,0,0,0,0,0,0,0,0,0.0,0.0,0.0,0,0.0,0.0,Wilson Odobert
517,Wilson,Odobert,Odobert,MID,Spurs,2,5500000,Newcastle (H),0,0,0,0,0,0,0,0,0,0,0,0,0,0,0.0,0.0,0.0,0,0.0,0.0,Wilson Odobert
517,Wilson,Odobert,Odobert,MID,Spurs,3,5500000,Nott'm Forest (A),0,0,0,0,0,0,0,0,0,0,0,0,0,0,0.0,0.0,0.0,0,0.0,0.0,Wilson Odobert
517,Wilson,Odobert,Odobert,MID,Spurs,4,5500000,Everton (H),0,0,0,0,0,0,0,0,0,0,0,0,0,0,0.0,0.0,0.0,0,0.0,0.0,Wilson Odobert
519,Conor,Gallagher,Gallagher,MID,Spurs,2,5500000,Newcastle (H),0,0,0,0,0,0,0,0,0,0,0,0,0,0,0.0,0.0,0.0,0,0.0,0.0,Conor Gallagher
520,Lucas,Bergvall,Bergvall,MID,Spurs,2,5500000,Newcastle (H),0,0,0,0,0,0,0,0,0,0,0,0,0,0,0.0,0.0,0.0,0,0.0,0.0,Lucas Bergvall
533,Nordi,Mukiele,Mukiele,DEF,Sunderland,1,5500000,Ipswich Town (A),0,0,0,0,0,0,0,0,0,0,0,0,0,0,0.0,0.0,0.0,0,0.0,0.0,Nordi Mukiele
543,Habib,Diarra,Diarra,MID,Sunderland,3,5500000,Brentford (A),0,0,0,0,0,0,0,0,0,0,0,0,0,0,0.0,0.0,0.0,0,0.0,0.0,Habib Diarra
549,Chemsdine,Talbi,Talbi,MID,Sunderland,2,5500000,Fulham (H),0,0,0,0,0,0,0,0,0,0,0,0,0,0,0.0,0.0,0.0,0,0.0,0.0,Chemsdine Talbi
568,Valentín,Barco,Barco,MID,Chelsea,1,5500000,Fulham (A),0,0,0,0,0,0,0,0,0,0,0,0,0,0,0.0,0.0,0.0,0,0.0,0.0,Valentín Barco
568,Valentín,Barco,Barco,MID,Chelsea,3,5500000,Arsenal (A),0,0,0,0,0,0,0,0,0,0,0,0,0,0,0.0,0.0,0.0,0,0.0,0.0,Valentín Barco
570,César,Palacios,Palacios,MID,Fulham,4,5500000,Liverpool (A),0,0,0,0,0,0,0,0,0,0,0,0,0,0,0.0,0.0,0.0,0,0.0,0.0,César Palacios
578,Mykhailo,Mudryk,Mudryk,MID,Spurs,1,5500000,Fulham (A),0,0,0,0,0,0,0,0,0,0,0,0,0,0,0.0,0.0,0.0,0,0.0,0.0,Mykhailo Mudryk
578,Mykhailo,Mudryk,Mudryk,MID,Spurs,2,5500000,Brighton (H),0,0,0,0,0,0,0,0,0,0,0,0,0,0,0.0,0.0,0.0,0,0.0,0.0,Mykhailo Mudryk
581,Ousmane,Diomande,Diomande,DEF,Nott'm Forest,1,5500000,Leeds (H),0,0,0,0,0,0,0,0,0,0,0,0,0,0,0.0,0.0,0.0,0,0.0,0.0,Ousmane Diomande
581,Ousmane,Diomande,Diomande,DEF,Nott'm Forest,2,5500000,Liverpool (A),0,0,0,0,0,0,0,0,0,0,0,0,0,0,0.0,0.0,0.0,0,0.0,0.0,Ousmane Diomande
582,Brian,Madjo,Madjo,FWD,Aston Villa,1,5500000,Brighton (A),0,0,0,0,0,0,0,0,0,0,0,0,0,0,0.0,0.0,0.0,0,0.0,0.0,Brian Madjo
582,Brian,Madjo,Madjo,FWD,Aston Villa,2,5500000,Arsenal (H),0,0,0,0,0,0,0,0,0,0,0,0,0,0,0.0,0.0,0.0,0,0.0,0.0,Brian Madjo
582,Brian,Madjo,Madjo,FWD,Aston Villa,3,5500000,Hull City (A),0,0,0,0,0,0,0,0,0,0,0,0,0,0,0.0,0.0,0.0,0,0.0,0.0,Brian Madjo
582,Brian,Madjo,Madjo,FWD,Aston Villa,4,5500000,Nott'm Forest (H),0,0,0,0,0,0,0,0,0,0,0,0,0,0,0.0,0.0,0.0,0,0.0,0.0,Brian Madjo
616,Ayyoub,Bouaddi,Bouaddi,MID,Man City,4,5500000,Man Utd (A),0,0,0,0,0,0,0,0,0,0,0,0,0,0,0.0,0.0,0.0,0,0.0,0.0,Ayyoub Bouaddi
639,José María,Andrés,Andrés Baixauli,MID,Brighton,3,5500000,Leeds (H),0,0,0,0,0,0,0,0,0,0,0,0,0,0,0.0,0.0,0.0,0,0.0,0.0,José María Andrés Baixauli
647,Darío,Osorio,Osorio,MID,Crystal Palace,4,5500000,Ipswich Town (H),0,0,0,0,0,0,0,0,0,0,0,0,0,0,0.0,0.0,0.0,0,0.0,0.0,Darío Osorio
652,Femi,Azeez,Azeez,MID,Brighton,3,5500000,Leeds (H),0,0,0,0,0,0,0,0,0,0,0,0,0,0,0.0,0.0,0.0,0,0.0,0.0,Femi Azeez
652,Femi,Azeez,Azeez,MID,Brighton,4,5500000,Coventry City (A),0,0,0,0,0,0,0,0,0,0,0,0,0,0,0.0,0.0,0.0,0,0.0,0.0,Femi Azeez
431,Amad,Amad,Diallo,MID,Man Utd,3,5800000,Everton (A),0,0,0,0,0,0,0,0,0,0,0,0,0,0,0.0,0.0,0.0,0,0.0,0.0,Amad Diallo
431,Amad,Amad,Diallo,MID,Man Utd,4,5800000,Man City (H),0,0,0,0,0,0,0,0,0,0,0,0,0,0,0.0,0.0,0.0,0,0.0,0.0,Amad Diallo
6,William,Saliba,Saliba,DEF,Arsenal,4,5900000,Sunderland (A),0,0,0,0,0,0,0,0,0,0,0,0,0,0,0.0,0.0,0.0,0,0.0,0.0,William Saliba
17,Mikel,Merino,Merino Zazón,MID,Arsenal,3,5900000,Chelsea (H),0,13,0,0,0,0,0,0,0,1,0,0,0,0,0.0,0.0,0.0,0,0.0,0.0,Mikel Merino Zazón
27,Gabriel,G.Jesus,Fernando de Jesus,FWD,Arsenal,3,5900000,Chelsea (H),0,0,0,0,0,0,0,0,0,0,0,0,0,0,0.0,0.0,0.0,0,0.0,0.0,Gabriel Fernando de Jesus
27,Gabriel,G.Jesus,Fernando de Jesus,FWD,Arsenal,4,5900000,Sunderland (A),0,0,0,0,0,0,0,0,0,0,0,0,0,0,0.0,0.0,0.0,0,0.0,0.0,Gabriel Fernando de Jesus
53,Johan,Manzambi,Manzambi,MID,Aston Villa,3,5900000,Hull City (A),0,0,0,0,0,0,0,0,0,0,0,0,0,0,0.0,0.0,0.0,0,0.0,0.0,Johan Manzambi
121,Mitoma,Mitoma,Kaoru,MID,Brighton,4,5900000,Coventry City (A),0,0,0,0,0,0,0,0,0,0,0,0,0,0,0.0,0.0,0.0,0,0.0,0.0,Mitoma Kaoru
122,Yankuba,Minteh,Minteh,MID,Brighton,3,5900000,Leeds (H),0,0,0,0,0,0,0,0,0,0,0,0,0,0,0.0,0.0,0.0,0,0.0,0.0,Yankuba Minteh
122,Yankuba,Minteh,Minteh,MID,Brighton,4,5900000,Coventry City (A),0,0,0,0,0,0,0,0,0,0,0,0,0,0,0.0,0.0,0.0,0,0.0,0.0,Yankuba Minteh
158,Jamie,Gittens,Bynoe-Gittens,MID,Chelsea,3,5900000,Arsenal (A),0,0,0,0,0,0,0,0,0,0,0,0,0,0,0.0,0.0,0.0,0,0.0,0.0,Jamie Bynoe-Gittens
158,Jamie,Gittens,Bynoe-Gittens,MID,Chelsea,4,5900000,Hull City (H),0,0,0,0,0,0,0,0,0,0,0,0,0,0,0.0,0.0,0.0,0,0.0,0.0,Jamie Bynoe-Gittens
160,Alejandro,Garnacho,Garnacho Ferreyra,MID,Aston Villa,4,5900000,Nott'm Forest (H),0,0,0,0,0,0,0,0,0,0,0,0,0,0,0.0,0.0,0.0,0,0.0,0.0,Alejandro Garnacho Ferreyra
369,Rio,Ngumoha,Ngumoha,MID,Liverpool,3,5900000,Ipswich Town (A),0,0,0,0,0,0,0,0,0,0,0,0,0,0,0.0,0.0,0.0,0,0.0,0.0,Rio Ngumoha
389,Matheus,Matheus N.,Nunes,DEF,Man City,3,5900000,Coventry City (H),0,0,0,0,0,0,0,0,0,0,0,0,0,0,0.0,0.0,0.0,0,0.0,0.0,Matheus Nunes
431,Amad,Amad,Diallo,MID,Man Utd,2,5900000,Ipswich Town (H),0,0,0,0,0,0,0,0,0,0,0,0,0,0,0.0,0.0,0.0,0,0.0,0.0,Amad Diallo
461,Bazoumana,Touré,Touré,MID,Newcastle,3,5900000,Bournemouth (H),0,0,0,0,0,0,0,0,0,0,0,0,0,0,0.0,0.0,0.0,0,0.0,0.0,Bazoumana Touré
463,Nick,Woltemade,Woltemade,FWD,Newcastle,3,5900000,Bournemouth (H),0,0,0,0,0,0,0,0,0,0,0,0,0,0,0.0,0.0,0.0,0,0.0,0.0,Nick Woltemade
463,Nick,Woltemade,Woltemade,FWD,Newcastle,4,5900000,Leeds (A),0,0,0,0,0,0,0,0,0,0,0,0,0,0,0.0,0.0,0.0,0,0.0,0.0,Nick Woltemade
465,William,Osula,Osula,FWD,Newcastle,3,5900000,Bournemouth (H),0,0,0,0,0,0,0,0,0,0,0,0,0,0,0.0,0.0,0.0,0,0.0,0.0,William Osula
465,William,Osula,Osula,FWD,Newcastle,4,5900000,Leeds (A),0,0,0,0,0,0,0,0,0,0,0,0,0,0,0.0,0.0,0.0,0,0.0,0.0,William Osula
482,Callum,Hudson-Odoi,Hudson-Odoi,MID,Nott'm Forest,3,5900000,Spurs (H),0,0,0,0,0,0,0,0,0,0,0,0,0,0,0.0,0.0,0.0,0,0.0,0.0,Callum Hudson-Odoi
482,Callum,Hudson-Odoi,Hudson-Odoi,MID,Nott'm Forest,4,5900000,Aston Villa (A),0,0,0,0,0,0,0,0,0,0,0,0,0,0,0.0,0.0,0.0,0,0.0,0.0,Callum Hudson-Odoi
498,Marcos,Senesi,Senesi Barón,DEF,Spurs,3,5900000,Nott'm Forest (A),0,0,0,0,0,0,0,0,0,0,0,0,0,0,0.0,0.0,0.0,0,0.0,0.0,Marcos Senesi Barón
498,Marcos,Senesi,Senesi Barón,DEF,Spurs,4,5900000,Everton (H),0,0,0,0,0,0,0,0,0,0,0,0,0,0,0.0,0.0,0.0,0,0.0,0.0,Marcos Senesi Barón
513,Xavi,Xavi,Simons,MID,Spurs,4,5900000,Everton (H),0,0,0,0,0,0,0,0,0,0,0,0,0,0,0.0,0.0,0.0,0,0.0,0.0,Xavi Simons
525,Mateus,Fernandes,Fernandes,MID,Spurs,3,5900000,Nott'm Forest (A),0,7,0,0,0,0,0,0,0,1,0,0,0,0,0.0,0.0,0.0,0,0.0,0.0,Mateus Fernandes
527,Richarlison,Richarlison,de Andrade,FWD,Spurs,3,5900000,Nott'm Forest (A),0,0,0,0,0,0,0,0,0,0,0,0,0,0,0.0,0.0,0.0,0,0.0,0.0,Richarlison de Andrade
527,Richarlison,Richarlison,de Andrade,FWD,Spurs,4,5900000,Everton (H),0,0,0,0,0,0,0,0,0,0,0,0,0,0,0.0,0.0,0.0,0,0.0,0.0,Richarlison de Andrade
6,William,Saliba,Saliba,DEF,Arsenal,1,6000000,Coventry City (H),0,0,0,0,0,0,0,0,0,0,0,0,0,0,0.0,0.0,0.0,0,0.0,0.0,William Saliba
6,William,Saliba,Saliba,DEF,Arsenal,2,6000000,Aston Villa (A),0,0,0,0,0,0,0,0,0,0,0,0,0,0,0.0,0.0,0.0,0,0.0,0.0,William Saliba
6,William,Saliba,Saliba,DEF,Arsenal,3,6000000,Chelsea (H),0,0,0,0,0,0,0,0,0,0,0,0,0,0,0.0,0.0,0.0,0,0.0,0.0,William Saliba
27,Gabriel,G.Jesus,Fernando de Jesus,FWD,Arsenal,1,6000000,Coventry City (H),0,0,0,0,0,0,0,0,0,0,0,0,0,0,0.0,0.0,0.0,0,0.0,0.0,Gabriel Fernando de Jesus
27,Gabriel,G.Jesus,Fernando de Jesus,FWD,Arsenal,2,6000000,Aston Villa (A),0,0,0,0,0,0,0,0,0,0,0,0,0,0,0.0,0.0,0.0,0,0.0,0.0,Gabriel Fernando de Jesus
53,Johan,Manzambi,Manzambi,MID,Aston Villa,1,6000000,Brighton (A),0,0,0,0,0,0,0,0,0,0,0,0,0,0,0.0,0.0,0.0,0,0.0,0.0,Johan Manzambi
53,Johan,Manzambi,Manzambi,MID,Aston Villa,2,6000000,Arsenal (H),0,0,0,0,0,0,0,0,0,0,0,0,0,0,0.0,0.0,0.0,0,0.0,0.0,Johan Manzambi
81,Álvaro,Rodríguez,Rodríguez,FWD,Bournemouth,1,6000000,Man City (A),0,0,0,0,0,0,0,0,0,0,0,0,0,0,0.0,0.0,0.0,0,0.0,0.0,Álvaro Rodríguez
81,Álvaro,Rodríguez,Rodríguez,FWD,Bournemouth,3,6000000,Newcastle (A),0,0,0,0,0,0,0,0,0,0,0,0,0,0,0.0,0.0,0.0,0,0.0,0.0,Álvaro Rodríguez
121,Mitoma,Mitoma,Kaoru,MID,Brighton,1,6000000,Aston Villa (H),0,0,0,0,0,0,0,0,0,0,0,0,0,0,0.0,0.0,0.0,0,0.0,0.0,Mitoma Kaoru
121,Mitoma,Mitoma,Kaoru,MID,Brighton,2,6000000,Chelsea (A),0,0,0,0,0,0,0,0,0,0,0,0,0,0,0.0,0.0,0.0,0,0.0,0.0,Mitoma Kaoru
121,Mitoma,Mitoma,Kaoru,MID,Brighton,3,6000000,Leeds (H),0,0,0,0,0,0,0,0,0,0,0,0,0,0,0.0,0.0,0.0,0,0.0,0.0,Mitoma Kaoru
122,Yankuba,Minteh,Minteh,MID,Brighton,1,6000000,Aston Villa (H),0,0,0,0,0,0,0,0,0,0,0,0,0,0,0.0,0.0,0.0,0,0.0,0.0,Yankuba Minteh
122,Yankuba,Minteh,Minteh,MID,Brighton,2,6000000,Chelsea (A),0,0,0,0,0,0,0,0,0,0,0,0,0,0,0.0,0.0,0.0,0,0.0,0.0,Yankuba Minteh
123,Jack,Hinshelwood,Hinshelwood,MID,Brighton,2,6000000,Chelsea (A),0,0,0,0,0,0,0,0,0,0,0,0,0,0,0.0,0.0,0.0,0,0.0,0.0,Jack Hinshelwood
123,Jack,Hinshelwood,Hinshelwood,MID,Brighton,3,6000000,Leeds (H),0,0,0,0,0,0,0,0,0,0,0,0,0,0,0.0,0.0,0.0,0,0.0,0.0,Jack Hinshelwood
123,Jack,Hinshelwood,Hinshelwood,MID,Brighton,4,6000000,Coventry City (A),0,0,0,0,0,0,0,0,0,0,0,0,0,0,0.0,0.0,0.0,0,0.0,0.0,Jack Hinshelwood
136,Danny,Welbeck,Welbeck,FWD,Chelsea,1,6000000,Fulham (A),0,0,0,0,0,0,0,0,0,0,0,0,0,0,0.0,0.0,0.0,0,0.0,0.0,Danny Welbeck
136,Danny,Welbeck,Welbeck,FWD,Chelsea,2,6000000,Brighton (H),0,0,0,0,0,0,0,0,0,0,0,0,0,0,0.0,0.0,0.0,0,0.0,0.0,Danny Welbeck
158,Jamie,Gittens,Bynoe-Gittens,MID,Chelsea,1,6000000,Fulham (A),0,0,0,0,0,0,0,0,0,0,0,0,0,0,0.0,0.0,0.0,0,0.0,0.0,Jamie Bynoe-Gittens
158,Jamie,Gittens,Bynoe-Gittens,MID,Chelsea,2,6000000,Brighton (H),0,0,0,0,0,0,0,0,0,0,0,0,0,0,0.0,0.0,0.0,0,0.0,0.0,Jamie Bynoe-Gittens
389,Matheus,Matheus N.,Nunes,DEF,Man City,2,6000000,Crystal Palace (A),0,0,0,0,0,0,0,0,0,0,0,0,0,0,0.0,0.0,0.0,0,0.0,0.0,Matheus Nunes
404,Tijjani,Reijnders,Reijnders,MID,Man City,1,6000000,Bournemouth (H),0,0,0,0,0,0,0,0,0,0,0,0,0,0,0.0,0.0,0.0,0,0.0,0.0,Tijjani Reijnders
404,Tijjani,Reijnders,Reijnders,MID,Man City,2,6000000,Crystal Palace (A),0,0,0,0,0,0,0,0,0,0,0,0,0,0,0.0,0.0,0.0,0,0.0,0.0,Tijjani Reijnders
404,Tijjani,Reijnders,Reijnders,MID,Man City,3,6000000,Coventry City (H),0,0,0,0,0,0,0,0,0,0,0,0,0,0,0.0,0.0,0.0,0,0.0,0.0,Tijjani Reijnders
404,Tijjani,Reijnders,Reijnders,MID,Man City,4,6000000,Man Utd (A),0,0,0,0,0,0,0,0,0,0,0,0,0,0,0.0,0.0,0.0,0,0.0,0.0,Tijjani Reijnders
431,Amad,Amad,Diallo,MID,Man Utd,1,6000000,Hull City (A),0,0,0,0,0,0,0,0,0,0,0,0,0,0,0.0,0.0,0.0,0,0.0,0.0,Amad Diallo
457,Jacob,J.Murphy,Murphy,MID,Newcastle,1,6000000,Liverpool (H),0,14,0,0,0,1,0,0,0,1,0,0,0,2,0.0,0.0,0.0,0,0.0,0.0,Jacob Murphy
461,Bazoumana,Touré,Touré,MID,Newcastle,1,6000000,Liverpool (H),0,0,0,0,0,0,0,0,0,0,0,0,0,0,0.0,0.0,0.0,0,0.0,0.0,Bazoumana Touré
463,Nick,Woltemade,Woltemade,FWD,Newcastle,1,6000000,Liverpool (H),0,0,0,0,0,0,0,0,0,0,0,0,0,0,0.0,0.0,0.0,0,0.0,0.0,Nick Woltemade
465,William,Osula,Osula,FWD,Newcastle,2,6000000,Spurs (A),0,0,0,0,0,0,0,0,0,0,0,0,0,0,0.0,0.0,0.0,0,0.0,0.0,William Osula
482,Callum,Hudson-Odoi,Hudson-Odoi,MID,Nott'm Forest,1,6000000,Leeds (H),0,0,0,0,0,0,0,0,0,0,0,0,0,0,0.0,0.0,0.0,0,0.0,0.0,Callum Hudson-Odoi
490,Chris,Wood,Wood,FWD,Nott'm Forest,2,6000000,Liverpool (A),0,0,0,0,0,0,0,0,0,0,0,0,0,0,0.0,0.0,0.0,0,0.0,0.0,Chris Wood
498,Marcos,Senesi,Senesi Barón,DEF,Spurs,2,6000000,Newcastle (H),0,0,0,0,0,0,0,0,0,0,0,0,0,0,0.0,0.0,0.0,0,0.0,0.0,Marcos Senesi Barón
513,Xavi,Xavi,Simons,MID,Spurs,1,6000000,Brentford (A),0,0,0,0,0,0,0,0,0,0,0,0,0,0,0.0,0.0,0.0,0,0.0,0.0,Xavi Simons
513,Xavi,Xavi,Simons,MID,Spurs,2,6000000,Newcastle (H),0,0,0,0,0,0,0,0,0,0,0,0,0,0,0.0,0.0,0.0,0,0.0,0.0,Xavi Simons
513,Xavi,Xavi,Simons,MID,Spurs,3,6000000,Nott'm Forest (A),0,0,0,0,0,0,0,0,0,0,0,0,0,0,0.0,0.0,0.0,0,0.0,0.0,Xavi Simons
527,Richarlison,Richarlison,de Andrade,FWD,Spurs,2,6000000,Newcastle (H),0,0,0,0,0,0,0,0,0,0,0,0,0,0,0.0,0.0,0.0,0,0.0,0.0,Richarlison de Andrade
594,Promise,David,David,FWD,Brighton,1,6000000,Aston Villa (H),0,0,0,0,0,0,0,0,0,0,0,0,0,0,0.0,0.0,0.0,0,0.0,0.0,Promise David
594,Promise,David,David,FWD,Brighton,4,6000000,Coventry City (A),0,0,0,0,0,0,0,0,0,0,0,0,0,0,0.0,0.0,0.0,0,0.0,0.0,Promise David
618,Leon,Goretzka,Goretzka,MID,Aston Villa,2,6000000,Arsenal (H),0,0,0,0,0,0,0,0,0,0,0,0,0,0,0.0,0.0,0.0,0,0.0,0.0,Leon Goretzka
618,Leon,Goretzka,Goretzka,MID,Aston Villa,3,6000000,Hull City (A),0,0,0,0,0,0,0,0,0,0,0,0,0,0,0.0,0.0,0.0,0,0.0,0.0,Leon Goretzka
618,Leon,Goretzka,Goretzka,MID,Aston Villa,4,6000000,Nott'm Forest (H),0,0,0,0,0,0,0,0,0,0,0,0,0,0,0.0,0.0,0.0,0,0.0,0.0,Leon Goretzka
628,Allan,Allan,Andrade Elias,MID,Man City,3,6000000,Coventry City (H),0,0,0,0,0,0,0,0,0,0,0,0,0,0,0.0,0.0,0.0,0,0.0,0.0,Allan Andrade Elias
628,Allan,Allan,Andrade Elias,MID,Man City,4,6000000,Man Utd (A),0,0,0,0,0,0,0,0,0,0,0,0,0,0,0.0,0.0,0.0,0,0.0,0.0,Allan Andrade Elias
631,Ibrahim,Mbaye,Mbaye,MID,Aston Villa,3,6000000,Hull City (A),0,0,0,0,0,0,0,0,0,0,0,0,0,0,0.0,0.0,0.0,0,0.0,0.0,Ibrahim Mbaye
454,Anthony,Elanga,Elanga,MID,Newcastle,4,6200000,Leeds (A),0,0,0,0,0,0,0,0,0,0,0,0,0,0,0.0,0.0,0.0,0,0.0,0.0,Anthony Elanga
16,Noni,Madueke,Madueke,MID,Arsenal,4,6300000,Sunderland (A),0,0,0,0,0,0,0,0,0,0,0,0,0,0,0.0,0.0,0.0,0,0.0,0.0,Noni Madueke
18,Gabriel,Martinelli,Martinelli Silva,MID,Arsenal,3,6300000,Chelsea (H),0,0,0,0,0,0,0,0,0,0,0,0,0,0,0.0,0.0,0.0,0,0.0,0.0,Gabriel Martinelli Silva
18,Gabriel,Martinelli,Martinelli Silva,MID,Arsenal,4,6300000,Sunderland (A),0,0,0,0,0,0,0,0,0,0,0,0,0,0,0.0,0.0,0.0,0,0.0,0.0,Gabriel Martinelli Silva
208,Ismaïla,Sarr,Sarr,MID,Crystal Palace,3,6300000,Fulham (A),0,0,0,0,0,0,0,0,0,0,0,0,0,0,0.0,0.0,0.0,0,0.0,0.0,Ismaïla Sarr
208,Ismaïla,Sarr,Sarr,MID,Crystal Palace,4,6300000,Ipswich Town (H),0,0,0,0,0,0,0,0,0,0,0,0,0,0,0.0,0.0,0.0,0,0.0,0.0,Ismaïla Sarr
14,Eberechi,Eze,Eze,MID,Arsenal,3,6400000,Chelsea (H),0,0,0,0,0,0,0,0,0,0,0,0,0,0,0.0,0.0,0.0,0,0.0,0.0,Eberechi Eze
16,Noni,Madueke,Madueke,MID,Arsenal,2,6400000,Aston Villa (A),0,0,0,0,0,0,0,0,0,0,0,0,0,0,0.0,0.0,0.0,0,0.0,0.0,Noni Madueke
18,Gabriel,Martinelli,Martinelli Silva,MID,Arsenal,2,6400000,Aston Villa (A),0,0,0,0,0,0,0,0,0,0,0,0,0,0,0.0,0.0,0.0,0,0.0,0.0,Gabriel Martinelli Silva
208,Ismaïla,Sarr,Sarr,MID,Crystal Palace,2,6400000,Man City (H),0,0,0,0,0,0,0,0,0,0,0,0,0,0,0.0,0.0,0.0,0,0.0,0.0,Ismaïla Sarr
223,Jean-Philippe,Mateta,Mateta,FWD,Crystal Palace,3,6400000,Fulham (A),0,0,0,0,0,0,0,0,0,0,0,0,0,0,0.0,0.0,0.0,0,0.0,0.0,Jean-Philippe Mateta
223,Jean-Philippe,Mateta,Mateta,FWD,Crystal Palace,4,6400000,Ipswich Town (H),0,0,0,0,0,0,0,0,0,0,0,0,0,0,0.0,0.0,0.0,0,0.0,0.0,Jean-Philippe Mateta
260,Harry,Wilson,Wilson,MID,Leeds,3,6400000,Brighton (A),0,17,0,0,0,0,0,0,0,1,0,0,0,1,0.0,0.0,0.0,0,0.0,0.0,Harry Wilson
515,James,Maddison,Maddison,MID,Spurs,3,6400000,Nott'm Forest (A),0,0,0,0,0,0,0,0,0,0,0,0,0,0,0.0,0.0,0.0,0,0.0,0.0,James Maddison
5,Jurriën,J.Timber,Timber,DEF,Arsenal,1,6500000,Coventry City (H),0,0,0,0,0,0,0,0,0,0,0,0,0,0,0.0,0.0,0.0,0,0.0,0.0,Jurriën Timber
5,Jurriën,J.Timber,Timber,DEF,Arsenal,2,6500000,Aston Villa (A),0,0,0,0,0,0,0,0,0,0,0,0,0,0,0.0,0.0,0.0,0,0.0,0.0,Jurriën Timber
5,Jurriën,J.Timber,Timber,DEF,Arsenal,3,6500000,Chelsea (H),0,0,0,0,0,0,0,0,0,0,0,0,0,0,0.0,0.0,0.0,0,0.0,0.0,Jurriën Timber
18,Gabriel,Martinelli,Martinelli Silva,MID,Arsenal,1,6500000,Coventry City (H),0,0,0,0,0,0,0,0,0,0,0,0,0,0,0.0,0.0,0.0,0,0.0,0.0,Gabriel Martinelli Silva
157,Estêvão,Estêvão,Almeida de Oliveira Gonçalves,MID,Chelsea,2,6500000,Brighton (H),0,0,0,0,0,0,0,0,0,0,0,0,0,0,0.0,0.0,0.0,0,0.0,0.0,Estêvão Almeida de Oliveira Gonçalves
166,Nicolas,N.Jackson,Jackson,FWD,Aston Villa,1,6500000,Fulham (A),0,0,0,0,0,0,0,0,0,0,0,0,0,0,0.0,0.0,0.0,0,0.0,0.0,Nicolas Jackson
208,Ismaïla,Sarr,Sarr,MID,Crystal Palace,1,6500000,Everton (A),0,0,0,0,0,0,0,0,0,0,0,0,0,0,0.0,0.0,0.0,0,0.0,0.0,Ismaïla Sarr
223,Jean-Philippe,Mateta,Mateta,FWD,Crystal Palace,2,6500000,Man City (H),0,0,0,0,0,0,0,0,0,0,0,0,0,0,0.0,0.0,0.0,0,0.0,0.0,Jean-Philippe Mateta
238,Jack,Grealish,Grealish,MID,Everton,2,6500000,Crystal Palace (A),0,0,0,0,0,0,0,0,0,0,0,0,0,0,0.0,0.0,0.0,0,0.0,0.0,Jack Grealish
387,Nico,O'Reilly,O'Reilly,DEF,Man City,3,6500000,Coventry City (H),0,0,0,0,0,0,0,0,0,0,0,0,0,0,0.0,0.0,0.0,0,0.0,0.0,Nico O'Reilly
402,Rodrigo 'Rodri',Rodrigo,Hernandez Cascante,MID,Man City,1,6500000,Bournemouth (H),0,0,0,0,0,0,0,0,0,0,0,0,0,0,0.0,0.0,0.0,0,0.0,0.0,Rodrigo 'Rodri' Hernandez Cascante
402,Rodrigo 'Rodri',Rodrigo,Hernandez Cascante,MID,Man City,2,6500000,Crystal Palace (A),0,0,0,0,0,0,0,0,0,0,0,0,0,0,0.0,0.0,0.0,0,0.0,0.0,Rodrigo 'Rodri' Hernandez Cascante
402,Rodrigo 'Rodri',Rodrigo,Hernandez Cascante,MID,Man City,3,6500000,Coventry City (H),0,0,0,0,0,0,0,0,0,0,0,0,0,0,0.0,0.0,0.0,0,0.0,0.0,Rodrigo 'Rodri' Hernandez Cascante
402,Rodrigo 'Rodri',Rodrigo,Hernandez Cascante,MID,Man City,4,6500000,Man Utd (A),0,0,0,0,0,0,0,0,0,0,0,0,0,0,0.0,0.0,0.0,0,0.0,0.0,Rodrigo 'Rodri' Hernandez Cascante
403,Sávio,Sávio,Moreira de Oliveira,MID,Spurs,1,6500000,Bournemouth (H),0,0,0,0,0,0,0,0,0,0,0,0,0,0,0.0,0.0,0.0,0,0.0,0.0,Sávio Moreira de Oliveira
403,Sávio,Sávio,Moreira de Oliveira,MID,Spurs,2,6500000,Newcastle (H),0,0,0,0,0,0,0,0,0,0,0,0,0,0,0.0,0.0,0.0,0,0.0,0.0,Sávio Moreira de Oliveira
512,Mohammed,Kudus,Kudus,MID,Spurs,1,6500000,Brentford (A),0,0,0,0,0,0,0,0,0,0,0,0,0,0,0.0,0.0,0.0,0,0.0,0.0,Mohammed Kudus
515,James,Maddison,Maddison,MID,Spurs,2,6500000,Newcastle (H),0,0,0,0,0,0,0,0,0,0,0,0,0,0,0.0,0.0,0.0,0,0.0,0.0,James Maddison
521,Dejan,Kulusevski,Kulusevski,MID,Spurs,1,6500000,Brentford (A),0,0,0,0,0,0,0,0,0,0,0,0,0,0,0.0,0.0,0.0,0,0.0,0.0,Dejan Kulusevski
521,Dejan,Kulusevski,Kulusevski,MID,Spurs,2,6500000,Newcastle (H),0,0,0,0,0,0,0,0,0,0,0,0,0,0,0.0,0.0,0.0,0,0.0,0.0,Dejan Kulusevski
521,Dejan,Kulusevski,Kulusevski,MID,Spurs,3,6500000,Nott'm Forest (A),0,0,0,0,0,0,0,0,0,0,0,0,0,0,0.0,0.0,0.0,0,0.0,0.0,Dejan Kulusevski
521,Dejan,Kulusevski,Kulusevski,MID,Spurs,4,6500000,Everton (H),0,0,0,0,0,0,0,0,0,0,0,0,0,0,0.0,0.0,0.0,0,0.0,0.0,Dejan Kulusevski
452,Bruno,Bruno G.,Guimarães Rodriguez Moura,MID,Arsenal,3,6800000,Chelsea (H),0,0,0,0,0,0,0,0,0,0,0,0,0,0,0.0,0.0,0.0,0,0.0,0.0,Bruno Guimarães Rodriguez Moura
155,Enzo,Enzo,Fernández,MID,Man City,2,7000000,Brighton (H),0,0,0,0,0,0,0,0,0,0,0,0,0,0,0.0,0.0,0.0,0,0.0,0.0,Enzo Fernández
401,Omar,Marmoush,Marmoush,FWD,Spurs,1,7000000,Bournemouth (H),0,0,0,0,0,0,0,0,0,0,0,0,0,0,0.0,0.0,0.0,0,0.0,0.0,Omar Marmoush
452,Bruno,Bruno G.,Guimarães Rodriguez Moura,MID,Arsenal,1,7000000,Coventry City (H),0,0,0,0,0,0,0,0,0,0,0,0,0,0,0.0,0.0,0.0,0,0.0,0.0,Bruno Guimarães Rodriguez Moura
25,Viktor,Gyökeres,Gyökeres,FWD,Arsenal,4,7200000,Sunderland (A),0,0,0,0,0,0,0,0,0,0,0,0,0,0,0.0,0.0,0.0,0,0.0,0.0,Viktor Gyökeres
25,Viktor,Gyökeres,Gyökeres,FWD,Arsenal,2,7400000,Aston Villa (A),0,0,0,0,0,0,0,0,0,0,0,0,0,0,0.0,0.0,0.0,0,0.0,0.0,Viktor Gyökeres
78,Junior,Kroupi.Jr,Kroupi,MID,Bournemouth,3,7400000,Newcastle (A),0,0,0,0,0,0,0,0,0,0,0,0,0,0,0.0,0.0,0.0,0,0.0,0.0,Junior Kroupi
78,Junior,Kroupi.Jr,Kroupi,MID,Bournemouth,4,7400000,Brentford (H),0,0,0,0,0,0,0,0,0,0,0,0,0,0,0.0,0.0,0.0,0,0.0,0.0,Junior Kroupi
380,Hugo,Ekitiké,Ekitiké,FWD,Liverpool,4,7400000,Fulham (H),0,0,0,0,0,0,0,0,0,0,0,0,0,0,0.0,0.0,0.0,0,0.0,0.0,Hugo Ekitiké
400,Jérémy,Doku,Doku,MID,Man City,3,7400000,Coventry City (H),0,0,0,0,0,0,0,0,0,0,0,0,0,0,0.0,0.0,0.0,0,0.0,0.0,Jérémy Doku
400,Jérémy,Doku,Doku,MID,Man City,4,7400000,Man Utd (A),0,0,0,0,0,0,0,0,0,0,0,0,0,0,0.0,0.0,0.0,0,0.0,0.0,Jérémy Doku
25,Viktor,Gyökeres,Gyökeres,FWD,Arsenal,1,7500000,Coventry City (H),0,0,0,0,0,0,0,0,0,0,0,0,0,0,0.0,0.0,0.0,0,0.0,0.0,Viktor Gyökeres
78,Junior,Kroupi.Jr,Kroupi,MID,Bournemouth,1,7500000,Man City (A),0,0,0,0,0,0,0,0,0,0,0,0,0,0,0.0,0.0,0.0,0,0.0,0.0,Junior Kroupi
78,Junior,Kroupi.Jr,Kroupi,MID,Bournemouth,2,7500000,Everton (H),0,0,0,0,0,0,0,0,0,0,0,0,0,0,0.0,0.0,0.0,0,0.0,0.0,Junior Kroupi
380,Hugo,Ekitiké,Ekitiké,FWD,Liverpool,1,7500000,Newcastle (A),0,0,0,0,0,0,0,0,0,0,0,0,0,0,0.0,0.0,0.0,0,0.0,0.0,Hugo Ekitiké
380,Hugo,Ekitiké,Ekitiké,FWD,Liverpool,2,7500000,Nott'm Forest (H),0,0,0,0,0,0,0,0,0,0,0,0,0,0,0.0,0.0,0.0,0,0.0,0.0,Hugo Ekitiké
380,Hugo,Ekitiké,Ekitiké,FWD,Liverpool,3,7500000,Ipswich Town (A),0,0,0,0,0,0,0,0,0,0,0,0,0,0,0.0,0.0,0.0,0,0.0,0.0,Hugo Ekitiké
400,Jérémy,Doku,Doku,MID,Man City,1,7500000,Bournemouth (H),0,0,0,0,0,0,0,0,0,0,0,0,0,0,0.0,0.0,0.0,0,0.0,0.0,Jérémy Doku
400,Jérémy,Doku,Doku,MID,Man City,2,7500000,Crystal Palace (A),0,0,0,0,0,0,0,0,0,0,0,0,0,0,0.0,0.0,0.0,0,0.0,0.0,Jérémy Doku
55,Ollie,Watkins,Watkins,FWD,Aston Villa,3,7800000,Hull City (A),0,0,0,0,0,0,0,0,0,0,0,0,0,0,0.0,0.0,0.0,0,0.0,0.0,Ollie Watkins
55,Ollie,Watkins,Watkins,FWD,Aston Villa,4,7800000,Nott'm Forest (H),0,0,0,0,0,0,0,0,0,0,0,0,0,0,0.0,0.0,0.0,0,0.0,0.0,Ollie Watkins
55,Ollie,Watkins,Watkins,FWD,Aston Villa,2,7900000,Arsenal (H),0,0,0,0,0,0,0,0,0,0,0,0,0,0,0.0,0.0,0.0,0,0.0,0.0,Ollie Watkins
55,Ollie,Watkins,Watkins,FWD,Aston Villa,1,8000000,Brighton (A),0,0,0,0,0,0,0,0,0,0,0,0,0,0,0.0,0.0,0.0,0,0.0,0.0,Ollie Watkins
445,Malick,Thiaw,Thiaw,DEF,Newcastle,3,5000000,Bournemouth (H),-1,90,0,0,0,2,1,0,0,0,0,0,0,3,0.0,0.05,0.0,0,2.15,-3.15,Malick Thiaw
306,Jacob,Greaves,Greaves,DEF,Ipswich Town,2,4000000,Man Utd (A),-1,90,0,0,0,5,1,0,0,1,0,0,0,10,0.0,0.01,2.0,0,1.03,-2.0300000000000002,Jacob Greaves
114,Olivier,Boscagli,Boscagli,DEF,Brighton,2,4500000,Chelsea (A),-1,90,0,0,0,4,0,0,0,1,0,0,0,3,0.05,0.11,1.0,0,0.63,-1.63,Olivier Boscagli
116,Lewis,Dunk,Dunk,DEF,Brighton,2,4500000,Chelsea (A),-1,90,0,0,0,4,0,0,0,1,0,0,0,3,0.0,0.01,1.0,0,0.03,-1.03,Lewis Dunk
32,Matty,Cash,Cash,DEF,Aston Villa,1,4500000,Brighton (A),-1,90,0,0,0,4,0,0,0,1,0,0,0,7,0.0,0.0,2.0,0,-1.0,0.0,Matty Cash
37,Victor,Lindelöf,Lindelöf,DEF,Aston Villa,1,4500000,Brighton (A),-2,90,0,0,0,4,1,0,0,0,0,0,0,3,0.0,0.0,2.0,0,0.0,-2.0,Victor Lindelöf
492,Taiwo,Awoniyi,Awoniyi,FWD,Coventry City,4,5500000,Brighton (H),-2,52,0,0,0,5,0,0,0,0,1,0,0,2,0.06,0.01,0.0,0,-0.73,-1.27,Taiwo Awoniyi
536,Reinildo,Reinildo,Mandava,DEF,Sunderland,4,4500000,Arsenal (H),-2,90,0,0,0,2,0,0,0,0,1,0,0,7,0.0,0.01,0.0,0,-0.97,-1.03,Reinildo Mandava
398,Phil,Foden,Foden,MID,Man City,4,7000000,Man Utd (A),-2,22,0,0,0,0,0,0,0,0,1,0,0,0,0.0,0.02,0.0,0,-1.94,-0.06000000000000005,Phil Foden
54,Joao,Gomes,Gomes,MID,Aston Villa,1,5500000,Brighton (A),-2,39,0,0,0,4,0,0,0,0,1,0,0,7,0.0,0.01,0.0,0,-1.97,-0.030000000000000027,Joao Gomes
153,Axel,Disasi,Disasi,DEF,Crystal Palace,4,4500000,Ipswich Town (H),-3,33,0,0,0,3,0,0,0,0,1,0,0,6,0.0,0.0,0.0,0,-2.0,-1.0,Axel Disasi
